{
  "type": "FeatureCollection",
  "features": [
    {
      "type": "Feature",
      "geometry": {
        "type": "Point",
        "coordinates": [
          -158.0223945,
          21.3246543
        ]
      },
      "properties": {
        "id": "osm-11171137174",
        "lat": 21.3246543,
        "lon": -158.0223945,
        "name": "",
        "address": "Keaunui Drive Road, Ewa Beach, Honolulu County, Hawaii, 96706, United States",
        "neighborhood": "ewa-beach",
        "source": "osm",
        "osm_id": 11171137174,
        "osm_type": "node"
      }
    },
    {
      "type": "Feature",
      "geometry": {
        "type": "Point",
        "coordinates": [
          -157.8373715,
          21.2847579
        ]
      },
      "properties": {
        "id": "osm-12865037797",
        "lat": 21.2847579,
        "lon": -157.8373715,
        "name": "",
        "address": "Pomaikai, 1804, Ala Moana Boulevard, McCully, Honolulu, Honolulu County, Hawaii, 96815, United States",
        "neighborhood": "honolulu",
        "source": "osm",
        "osm_id": 12865037797,
        "osm_type": "node"
      }
    },
    {
      "type": "Feature",
      "geometry": {
        "type": "Point",
        "coordinates": [
          -157.8248291,
          21.285611
        ]
      },
      "properties": {
        "id": "osm-54057982",
        "lat": 21.285611,
        "lon": -157.8248291,
        "name": "Dillingham Pool",
        "address": "Dillingham Pool, Old Tennis Court Road, Waik\u012bk\u012b, Honolulu, Honolulu County, Hawaii, 96926, United States",
        "neighborhood": "honolulu",
        "source": "osm",
        "osm_id": 54057982,
        "osm_type": "way"
      }
    },
    {
      "type": "Feature",
      "geometry": {
        "type": "Point",
        "coordinates": [
          -157.8589179,
          21.339045
        ]
      },
      "properties": {
        "id": "osm-133736074",
        "lat": 21.339045,
        "lon": -157.8589179,
        "name": "",
        "address": "Bishop Drive, Kapalama, Honolulu, Honolulu County, Hawaii, 96817, United States",
        "neighborhood": "honolulu",
        "source": "osm",
        "osm_id": 133736074,
        "osm_type": "way"
      }
    },
    {
      "type": "Feature",
      "geometry": {
        "type": "Point",
        "coordinates": [
          -157.817492,
          21.2931988
        ]
      },
      "properties": {
        "id": "osm-134180417",
        "lat": 21.2931988,
        "lon": -157.817492,
        "name": "Duke Kahanamoku Pool",
        "address": "Duke Kahanamoku UH Aquatic Complex, Lower Campus Road, Moiliili, McCully, East Honolulu, Honolulu, Honolulu County, Hawaii, 96848, United States",
        "neighborhood": "honolulu",
        "source": "osm",
        "osm_id": 134180417,
        "osm_type": "way"
      }
    },
    {
      "type": "Feature",
      "geometry": {
        "type": "Point",
        "coordinates": [
          -157.817793,
          21.2935063
        ]
      },
      "properties": {
        "id": "osm-134180418",
        "lat": 21.2935063,
        "lon": -157.817793,
        "name": "Duke Kahanamoku Pool",
        "address": "Duke Kahanamoku UH Aquatic Complex, Lower Campus Road, Moiliili, McCully, East Honolulu, Honolulu, Honolulu County, Hawaii, 96848, United States",
        "neighborhood": "honolulu",
        "source": "osm",
        "osm_id": 134180418,
        "osm_type": "way"
      }
    },
    {
      "type": "Feature",
      "geometry": {
        "type": "Point",
        "coordinates": [
          -158.1109649,
          21.3365257
        ]
      },
      "properties": {
        "id": "osm-155036816",
        "lat": 21.3365257,
        "lon": -158.1109649,
        "name": "",
        "address": "Ali'inui Drive, Kapolei, Honolulu County, Hawaii, 96707, United States",
        "neighborhood": "unknown",
        "source": "osm",
        "osm_id": 155036816,
        "osm_type": "way"
      }
    },
    {
      "type": "Feature",
      "geometry": {
        "type": "Point",
        "coordinates": [
          -157.6983399,
          21.2868748
        ]
      },
      "properties": {
        "id": "osm-158419239",
        "lat": 21.2868748,
        "lon": -157.6983399,
        "name": "",
        "address": "Lunalilo Home Road, Marina East, East Honolulu, Honolulu, Honolulu County, Hawaii, 96825, United States",
        "neighborhood": "hawaii-kai",
        "source": "osm",
        "osm_id": 158419239,
        "osm_type": "way"
      }
    },
    {
      "type": "Feature",
      "geometry": {
        "type": "Point",
        "coordinates": [
          -157.698373,
          21.2868221
        ]
      },
      "properties": {
        "id": "osm-158419260",
        "lat": 21.2868221,
        "lon": -157.698373,
        "name": "",
        "address": "Lunalilo Home Road, Marina East, East Honolulu, Honolulu, Honolulu County, Hawaii, 96825, United States",
        "neighborhood": "hawaii-kai",
        "source": "osm",
        "osm_id": 158419260,
        "osm_type": "way"
      }
    },
    {
      "type": "Feature",
      "geometry": {
        "type": "Point",
        "coordinates": [
          -157.6990226,
          21.2864431
        ]
      },
      "properties": {
        "id": "osm-158436261",
        "lat": 21.2864431,
        "lon": -157.6990226,
        "name": "",
        "address": "Lunalilo Home Road, Marina East, East Honolulu, Honolulu, Honolulu County, Hawaii, 96825, United States",
        "neighborhood": "hawaii-kai",
        "source": "osm",
        "osm_id": 158436261,
        "osm_type": "way"
      }
    },
    {
      "type": "Feature",
      "geometry": {
        "type": "Point",
        "coordinates": [
          -157.6988741,
          21.2864561
        ]
      },
      "properties": {
        "id": "osm-158436262",
        "lat": 21.2864561,
        "lon": -157.6988741,
        "name": "",
        "address": "Lunalilo Home Road, Marina East, East Honolulu, Honolulu, Honolulu County, Hawaii, 96825, United States",
        "neighborhood": "hawaii-kai",
        "source": "osm",
        "osm_id": 158436262,
        "osm_type": "way"
      }
    },
    {
      "type": "Feature",
      "geometry": {
        "type": "Point",
        "coordinates": [
          -157.6956814,
          21.2844451
        ]
      },
      "properties": {
        "id": "osm-158436263",
        "lat": 21.2844451,
        "lon": -157.6956814,
        "name": "",
        "address": "511, Lunalilo Home Road, Lunalilo Park Mauka, East Honolulu, Honolulu, Honolulu County, Hawaii, 96825, United States",
        "neighborhood": "hawaii-kai",
        "source": "osm",
        "osm_id": 158436263,
        "osm_type": "way"
      }
    },
    {
      "type": "Feature",
      "geometry": {
        "type": "Point",
        "coordinates": [
          -157.6990022,
          21.2863347
        ]
      },
      "properties": {
        "id": "osm-158436273",
        "lat": 21.2863347,
        "lon": -157.6990022,
        "name": "",
        "address": "Lunalilo Home Road, Marina East, East Honolulu, Honolulu, Honolulu County, Hawaii, 96825, United States",
        "neighborhood": "hawaii-kai",
        "source": "osm",
        "osm_id": 158436273,
        "osm_type": "way"
      }
    },
    {
      "type": "Feature",
      "geometry": {
        "type": "Point",
        "coordinates": [
          -158.0860494,
          21.3353833
        ]
      },
      "properties": {
        "id": "osm-161930089",
        "lat": 21.3353833,
        "lon": -158.0860494,
        "name": "Hawaiian Waters Wave Pool",
        "address": "Farrington Highway, Makakilo City, Kapolei, Honolulu County, Hawaii, 96707, United States",
        "neighborhood": "kapolei",
        "source": "osm",
        "osm_id": 161930089,
        "osm_type": "way"
      }
    },
    {
      "type": "Feature",
      "geometry": {
        "type": "Point",
        "coordinates": [
          -157.7971422,
          21.2986458
        ]
      },
      "properties": {
        "id": "osm-170840519",
        "lat": 21.2986458,
        "lon": -157.7971422,
        "name": "Palolo Valley Swimming Pool",
        "address": "Palolo Valley Swimming Pool, Palolo Avenue, P\u0101lolo, East Honolulu, Honolulu, Honolulu County, Hawaii, 96848, United States",
        "neighborhood": "kaimuki",
        "source": "osm",
        "osm_id": 170840519,
        "osm_type": "way"
      }
    },
    {
      "type": "Feature",
      "geometry": {
        "type": "Point",
        "coordinates": [
          -157.7392595,
          21.3949779
        ]
      },
      "properties": {
        "id": "osm-186252430",
        "lat": 21.3949779,
        "lon": -157.7392595,
        "name": "Kailua Pool",
        "address": "Kailua Pool, South Kainalu Drive, Kailua, Honolulu County, Hawaii, 96735, United States",
        "neighborhood": "kailua",
        "source": "osm",
        "osm_id": 186252430,
        "osm_type": "way"
      }
    },
    {
      "type": "Feature",
      "geometry": {
        "type": "Point",
        "coordinates": [
          -158.1257531,
          21.338866
        ]
      },
      "properties": {
        "id": "osm-191767730",
        "lat": 21.338866,
        "lon": -158.1257531,
        "name": "",
        "address": "Olani Street, Kapolei, Honolulu County, Hawaii, 96707, United States",
        "neighborhood": "unknown",
        "source": "osm",
        "osm_id": 191767730,
        "osm_type": "way"
      }
    },
    {
      "type": "Feature",
      "geometry": {
        "type": "Point",
        "coordinates": [
          -158.2249565,
          21.5019161
        ]
      },
      "properties": {
        "id": "osm-192388935",
        "lat": 21.5019161,
        "lon": -158.2249565,
        "name": "",
        "address": "Keaau Homesteads Road, Honolulu County, Hawaii, United States",
        "neighborhood": "unknown",
        "source": "osm",
        "osm_id": 192388935,
        "osm_type": "way"
      }
    },
    {
      "type": "Feature",
      "geometry": {
        "type": "Point",
        "coordinates": [
          -158.1749918,
          21.5796728
        ]
      },
      "properties": {
        "id": "osm-205436630",
        "lat": 21.5796728,
        "lon": -158.1749918,
        "name": "",
        "address": "Laau Paina Place, Mokul\u0113\u2018ia Beach Colony Condominium, Mokuleia, Honolulu County, Hawaii, 96791, United States",
        "neighborhood": "unknown",
        "source": "osm",
        "osm_id": 205436630,
        "osm_type": "way"
      }
    },
    {
      "type": "Feature",
      "geometry": {
        "type": "Point",
        "coordinates": [
          -158.0086549,
          21.4179558
        ]
      },
      "properties": {
        "id": "osm-239383704",
        "lat": 21.4179558,
        "lon": -158.0086549,
        "name": "",
        "address": "Ka Uka Boulevard, Crestview, Waipahu, Honolulu County, Hawaii, 96797, United States",
        "neighborhood": "unknown",
        "source": "osm",
        "osm_id": 239383704,
        "osm_type": "way"
      }
    },
    {
      "type": "Feature",
      "geometry": {
        "type": "Point",
        "coordinates": [
          -158.0086564,
          21.4181989
        ]
      },
      "properties": {
        "id": "osm-239383705",
        "lat": 21.4181989,
        "lon": -158.0086564,
        "name": "",
        "address": "Crestview, Waipahu, Honolulu County, Hawaii, 96797, United States",
        "neighborhood": "unknown",
        "source": "osm",
        "osm_id": 239383705,
        "osm_type": "way"
      }
    },
    {
      "type": "Feature",
      "geometry": {
        "type": "Point",
        "coordinates": [
          -158.0086564,
          21.4184037
        ]
      },
      "properties": {
        "id": "osm-239383707",
        "lat": 21.4184037,
        "lon": -158.0086564,
        "name": "",
        "address": "Ka Uka Boulevard, Crestview, Waipahu, Honolulu County, Hawaii, 96797, United States",
        "neighborhood": "unknown",
        "source": "osm",
        "osm_id": 239383707,
        "osm_type": "way"
      }
    },
    {
      "type": "Feature",
      "geometry": {
        "type": "Point",
        "coordinates": [
          -157.7208144,
          21.3911384
        ]
      },
      "properties": {
        "id": "osm-239952249",
        "lat": 21.3911384,
        "lon": -157.7208144,
        "name": "",
        "address": "Aalapapa Way, Lanikai, Kailua, Honolulu County, Hawaii, 96735, United States",
        "neighborhood": "kailua",
        "source": "osm",
        "osm_id": 239952249,
        "osm_type": "way"
      }
    },
    {
      "type": "Feature",
      "geometry": {
        "type": "Point",
        "coordinates": [
          -157.7527468,
          21.3849326
        ]
      },
      "properties": {
        "id": "osm-240451156",
        "lat": 21.3849326,
        "lon": -157.7527468,
        "name": "",
        "address": "Kailua Road, Maunawili, Enchanted Lake, Kailua, Honolulu County, Hawaii, 96734, United States",
        "neighborhood": "kailua",
        "source": "osm",
        "osm_id": 240451156,
        "osm_type": "way"
      }
    },
    {
      "type": "Feature",
      "geometry": {
        "type": "Point",
        "coordinates": [
          -157.8398231,
          21.2891065
        ]
      },
      "properties": {
        "id": "osm-240721520",
        "lat": 21.2891065,
        "lon": -157.8398231,
        "name": "",
        "address": "1600, Ala Moana Boulevard, Ala Moana, East Honolulu, Honolulu, Honolulu County, Hawaii, 96815, United States",
        "neighborhood": "honolulu",
        "source": "osm",
        "osm_id": 240721520,
        "osm_type": "way"
      }
    },
    {
      "type": "Feature",
      "geometry": {
        "type": "Point",
        "coordinates": [
          -158.0601436,
          21.4894835
        ]
      },
      "properties": {
        "id": "osm-244434714",
        "lat": 21.4894835,
        "lon": -158.0601436,
        "name": "Richardson Pool",
        "address": "Richardson Pool, Kolekole Avenue, Waipahu, Honolulu County, Hawaii, 96957, United States",
        "neighborhood": "schofield-barracks",
        "source": "osm",
        "osm_id": 244434714,
        "osm_type": "way"
      }
    },
    {
      "type": "Feature",
      "geometry": {
        "type": "Point",
        "coordinates": [
          -157.8298627,
          21.2769458
        ]
      },
      "properties": {
        "id": "osm-245567934",
        "lat": 21.2769458,
        "lon": -157.8298627,
        "name": "Helumoa Pool",
        "address": "Helumoa Pool, Kalia Road, Waik\u012bk\u012b, Honolulu, Honolulu County, Hawaii, 96815, United States",
        "neighborhood": "waikiki",
        "source": "osm",
        "osm_id": 245567934,
        "osm_type": "way"
      }
    },
    {
      "type": "Feature",
      "geometry": {
        "type": "Point",
        "coordinates": [
          -157.8307332,
          21.2769858
        ]
      },
      "properties": {
        "id": "osm-245567938",
        "lat": 21.2769858,
        "lon": -157.8307332,
        "name": "Infinity Edge Pool",
        "address": "Infinity Edge Pool, Kalia Road, Waik\u012bk\u012b, Honolulu, Honolulu County, Hawaii, 96815, United States",
        "neighborhood": "waikiki",
        "source": "osm",
        "osm_id": 245567938,
        "osm_type": "way"
      }
    },
    {
      "type": "Feature",
      "geometry": {
        "type": "Point",
        "coordinates": [
          -157.8316391,
          21.2775185
        ]
      },
      "properties": {
        "id": "osm-245567939",
        "lat": 21.2775185,
        "lon": -157.8316391,
        "name": "",
        "address": "Halekulani Hotel, 2199, Kalia Road, Waik\u012bk\u012b, Honolulu, Honolulu County, Hawaii, 96815, United States",
        "neighborhood": "waikiki",
        "source": "osm",
        "osm_id": 245567939,
        "osm_type": "way"
      }
    },
    {
      "type": "Feature",
      "geometry": {
        "type": "Point",
        "coordinates": [
          -157.706526,
          21.2902293
        ]
      },
      "properties": {
        "id": "osm-245606502",
        "lat": 21.2902293,
        "lon": -157.706526,
        "name": "",
        "address": "Hawai\u2019i Kai Drive, Hahaione High Rise, East Honolulu, Honolulu, Honolulu County, Hawaii, 96825, United States",
        "neighborhood": "hawaii-kai",
        "source": "osm",
        "osm_id": 245606502,
        "osm_type": "way"
      }
    },
    {
      "type": "Feature",
      "geometry": {
        "type": "Point",
        "coordinates": [
          -157.9477764,
          21.3513479
        ]
      },
      "properties": {
        "id": "osm-255019388",
        "lat": 21.3513479,
        "lon": -157.9477764,
        "name": "Scott Pool",
        "address": "Pearl Harbor Boulevard, Hickam, Waipahu, Honolulu County, Hawaii, 96853, United States",
        "neighborhood": "pearl-harbor",
        "source": "osm",
        "osm_id": 255019388,
        "osm_type": "way"
      }
    },
    {
      "type": "Feature",
      "geometry": {
        "type": "Point",
        "coordinates": [
          -157.9019887,
          21.3453224
        ]
      },
      "properties": {
        "id": "osm-279651029",
        "lat": 21.3453224,
        "lon": -157.9019887,
        "name": "",
        "address": "Ala Napunani Street, Mapunapuna, Honolulu, Honolulu County, Hawaii, 96818, United States",
        "neighborhood": "unknown",
        "source": "osm",
        "osm_id": 279651029,
        "osm_type": "way"
      }
    },
    {
      "type": "Feature",
      "geometry": {
        "type": "Point",
        "coordinates": [
          -157.8635546,
          21.3227067
        ]
      },
      "properties": {
        "id": "osm-282759644",
        "lat": 21.3227067,
        "lon": -157.8635546,
        "name": "",
        "address": "North Vineyard Boulevard, Iwilei, Honolulu, Honolulu County, Hawaii, 96817, United States",
        "neighborhood": "honolulu",
        "source": "osm",
        "osm_id": 282759644,
        "osm_type": "way"
      }
    },
    {
      "type": "Feature",
      "geometry": {
        "type": "Point",
        "coordinates": [
          -157.9089269,
          21.3608361
        ]
      },
      "properties": {
        "id": "osm-282831807",
        "lat": 21.3608361,
        "lon": -157.9089269,
        "name": "",
        "address": "111, Aliamanu Drive, Red Hill, Honolulu, Honolulu County, Hawaii, 96818, United States",
        "neighborhood": "salt-lake",
        "source": "osm",
        "osm_id": 282831807,
        "osm_type": "way"
      }
    },
    {
      "type": "Feature",
      "geometry": {
        "type": "Point",
        "coordinates": [
          -157.7794426,
          21.4100926
        ]
      },
      "properties": {
        "id": "osm-291021280",
        "lat": 21.4100926,
        "lon": -157.7794426,
        "name": "",
        "address": "YWCA Kokokahi, Kaneohe Bay Drive, Kokokahi, Kaneohe, Honolulu County, Hawaii, 96744, United States",
        "neighborhood": "unknown",
        "source": "osm",
        "osm_id": 291021280,
        "osm_type": "way"
      }
    },
    {
      "type": "Feature",
      "geometry": {
        "type": "Point",
        "coordinates": [
          -157.8325895,
          21.278254
        ]
      },
      "properties": {
        "id": "osm-299135511",
        "lat": 21.278254,
        "lon": -157.8325895,
        "name": "",
        "address": "Martin & MacArthur, 2169, Kalia Road, Waik\u012bk\u012b, East Honolulu, Honolulu, Honolulu County, Hawaii, 96815, United States",
        "neighborhood": "waikiki",
        "source": "osm",
        "osm_id": 299135511,
        "osm_type": "way"
      }
    },
    {
      "type": "Feature",
      "geometry": {
        "type": "Point",
        "coordinates": [
          -157.8318239,
          21.2931612
        ]
      },
      "properties": {
        "id": "osm-302851835",
        "lat": 21.2931612,
        "lon": -157.8318239,
        "name": "",
        "address": "Citron Street, McCully, Honolulu, Honolulu County, Hawaii, 96826, United States",
        "neighborhood": "honolulu",
        "source": "osm",
        "osm_id": 302851835,
        "osm_type": "way"
      }
    },
    {
      "type": "Feature",
      "geometry": {
        "type": "Point",
        "coordinates": [
          -157.8034483,
          21.276433
        ]
      },
      "properties": {
        "id": "osm-302943996",
        "lat": 21.276433,
        "lon": -157.8034483,
        "name": "",
        "address": "Maunaloa Avenue, Kaimuk\u012b, East Honolulu, Honolulu, Honolulu County, Hawaii, 96828, United States",
        "neighborhood": "unknown",
        "source": "osm",
        "osm_id": 302943996,
        "osm_type": "way"
      }
    },
    {
      "type": "Feature",
      "geometry": {
        "type": "Point",
        "coordinates": [
          -157.8476797,
          21.2922114
        ]
      },
      "properties": {
        "id": "osm-303097008",
        "lat": 21.2922114,
        "lon": -157.8476797,
        "name": "",
        "address": "Khon-2, 88, Piikoi Street, Ala Moana, East Honolulu, Honolulu, Honolulu County, Hawaii, 96814, United States",
        "neighborhood": "honolulu",
        "source": "osm",
        "osm_id": 303097008,
        "osm_type": "way"
      }
    },
    {
      "type": "Feature",
      "geometry": {
        "type": "Point",
        "coordinates": [
          -157.8401598,
          21.2862286
        ]
      },
      "properties": {
        "id": "osm-303112387",
        "lat": 21.2862286,
        "lon": -157.8401598,
        "name": "",
        "address": "Holomoana Street, Ala Moana, Honolulu, Honolulu County, Hawaii, 96841, United States",
        "neighborhood": "honolulu",
        "source": "osm",
        "osm_id": 303112387,
        "osm_type": "way"
      }
    },
    {
      "type": "Feature",
      "geometry": {
        "type": "Point",
        "coordinates": [
          -157.8370215,
          21.2850418
        ]
      },
      "properties": {
        "id": "osm-303113114",
        "lat": 21.2850418,
        "lon": -157.8370215,
        "name": "",
        "address": "Ala Moana Boulevard, McCully, Honolulu, Honolulu County, Hawaii, 96841, United States",
        "neighborhood": "honolulu",
        "source": "osm",
        "osm_id": 303113114,
        "osm_type": "way"
      }
    },
    {
      "type": "Feature",
      "geometry": {
        "type": "Point",
        "coordinates": [
          -157.7953511,
          21.2568723
        ]
      },
      "properties": {
        "id": "osm-303711875",
        "lat": 21.2568723,
        "lon": -157.7953511,
        "name": "",
        "address": "Kaikuono Place, Black Point, K\u0101hala, East Honolulu, Honolulu, Honolulu County, Hawaii, 96828, United States",
        "neighborhood": "unknown",
        "source": "osm",
        "osm_id": 303711875,
        "osm_type": "way"
      }
    },
    {
      "type": "Feature",
      "geometry": {
        "type": "Point",
        "coordinates": [
          -157.7983658,
          21.2592984
        ]
      },
      "properties": {
        "id": "osm-303711879",
        "lat": 21.2592984,
        "lon": -157.7983658,
        "name": "",
        "address": "Diamond Head Road, Black Point, K\u0101hala, East Honolulu, Honolulu, Honolulu County, Hawaii, 96828, United States",
        "neighborhood": "unknown",
        "source": "osm",
        "osm_id": 303711879,
        "osm_type": "way"
      }
    },
    {
      "type": "Feature",
      "geometry": {
        "type": "Point",
        "coordinates": [
          -157.79725,
          21.2601425
        ]
      },
      "properties": {
        "id": "osm-303711965",
        "lat": 21.2601425,
        "lon": -157.79725,
        "name": "",
        "address": "Diamond Head Road, Black Point, K\u0101hala, East Honolulu, Honolulu, Honolulu County, Hawaii, 96828, United States",
        "neighborhood": "unknown",
        "source": "osm",
        "osm_id": 303711965,
        "osm_type": "way"
      }
    },
    {
      "type": "Feature",
      "geometry": {
        "type": "Point",
        "coordinates": [
          -157.7988813,
          21.2594318
        ]
      },
      "properties": {
        "id": "osm-303712304",
        "lat": 21.2594318,
        "lon": -157.7988813,
        "name": "",
        "address": "3817, Poka Street, Black Point, K\u0101hala, East Honolulu, Honolulu, Honolulu County, Hawaii, 96816, United States",
        "neighborhood": "unknown",
        "source": "osm",
        "osm_id": 303712304,
        "osm_type": "way"
      }
    },
    {
      "type": "Feature",
      "geometry": {
        "type": "Point",
        "coordinates": [
          -157.7989082,
          21.2597087
        ]
      },
      "properties": {
        "id": "osm-303712353",
        "lat": 21.2597087,
        "lon": -157.7989082,
        "name": "",
        "address": "Poka Street, Black Point, K\u0101hala, East Honolulu, Honolulu, Honolulu County, Hawaii, 96828, United States",
        "neighborhood": "unknown",
        "source": "osm",
        "osm_id": 303712353,
        "osm_type": "way"
      }
    },
    {
      "type": "Feature",
      "geometry": {
        "type": "Point",
        "coordinates": [
          -157.7985074,
          21.2599678
        ]
      },
      "properties": {
        "id": "osm-303712367",
        "lat": 21.2599678,
        "lon": -157.7985074,
        "name": "",
        "address": "Poka Street, Black Point, K\u0101hala, East Honolulu, Honolulu, Honolulu County, Hawaii, 96828, United States",
        "neighborhood": "unknown",
        "source": "osm",
        "osm_id": 303712367,
        "osm_type": "way"
      }
    },
    {
      "type": "Feature",
      "geometry": {
        "type": "Point",
        "coordinates": [
          -157.7968962,
          21.2609789
        ]
      },
      "properties": {
        "id": "osm-303712472",
        "lat": 21.2609789,
        "lon": -157.7968962,
        "name": "",
        "address": "Diamond Head Road, Black Point, K\u0101hala, East Honolulu, Honolulu, Honolulu County, Hawaii, 96828, United States",
        "neighborhood": "unknown",
        "source": "osm",
        "osm_id": 303712472,
        "osm_type": "way"
      }
    },
    {
      "type": "Feature",
      "geometry": {
        "type": "Point",
        "coordinates": [
          -157.7976608,
          21.2614694
        ]
      },
      "properties": {
        "id": "osm-303712583",
        "lat": 21.2614694,
        "lon": -157.7976608,
        "name": "",
        "address": "Honorary Consulate of the Czech Republic, Paikau Street, Black Point, K\u0101hala, East Honolulu, Honolulu, Honolulu County, Hawaii, 96828, United States",
        "neighborhood": "unknown",
        "source": "osm",
        "osm_id": 303712583,
        "osm_type": "way"
      }
    },
    {
      "type": "Feature",
      "geometry": {
        "type": "Point",
        "coordinates": [
          -157.7981136,
          21.2626611
        ]
      },
      "properties": {
        "id": "osm-303712770",
        "lat": 21.2626611,
        "lon": -157.7981136,
        "name": "",
        "address": "654, Paikau Street, Black Point, K\u0101hala, East Honolulu, Honolulu, Honolulu County, Hawaii, 96816, United States",
        "neighborhood": "unknown",
        "source": "osm",
        "osm_id": 303712770,
        "osm_type": "way"
      }
    },
    {
      "type": "Feature",
      "geometry": {
        "type": "Point",
        "coordinates": [
          -157.7988399,
          21.2627777
        ]
      },
      "properties": {
        "id": "osm-303712777",
        "lat": 21.2627777,
        "lon": -157.7988399,
        "name": "",
        "address": "301, 22nd Avenue, Black Point, K\u0101hala, East Honolulu, Honolulu, Honolulu County, Hawaii, 96816, United States",
        "neighborhood": "unknown",
        "source": "osm",
        "osm_id": 303712777,
        "osm_type": "way"
      }
    },
    {
      "type": "Feature",
      "geometry": {
        "type": "Point",
        "coordinates": [
          -157.7985672,
          21.2625271
        ]
      },
      "properties": {
        "id": "osm-303712977",
        "lat": 21.2625271,
        "lon": -157.7985672,
        "name": "",
        "address": "22nd Avenue, Black Point, K\u0101hala, East Honolulu, Honolulu, Honolulu County, Hawaii, 96828, United States",
        "neighborhood": "unknown",
        "source": "osm",
        "osm_id": 303712977,
        "osm_type": "way"
      }
    },
    {
      "type": "Feature",
      "geometry": {
        "type": "Point",
        "coordinates": [
          -157.7985688,
          21.262587
        ]
      },
      "properties": {
        "id": "osm-303712978",
        "lat": 21.262587,
        "lon": -157.7985688,
        "name": "",
        "address": "22nd Avenue, Black Point, K\u0101hala, East Honolulu, Honolulu, Honolulu County, Hawaii, 96828, United States",
        "neighborhood": "unknown",
        "source": "osm",
        "osm_id": 303712978,
        "osm_type": "way"
      }
    },
    {
      "type": "Feature",
      "geometry": {
        "type": "Point",
        "coordinates": [
          -157.79737,
          21.2623761
        ]
      },
      "properties": {
        "id": "osm-303713129",
        "lat": 21.2623761,
        "lon": -157.79737,
        "name": "",
        "address": "Kaualio Place, Black Point, K\u0101hala, East Honolulu, Honolulu, Honolulu County, Hawaii, 96828, United States",
        "neighborhood": "unknown",
        "source": "osm",
        "osm_id": 303713129,
        "osm_type": "way"
      }
    },
    {
      "type": "Feature",
      "geometry": {
        "type": "Point",
        "coordinates": [
          -157.798254,
          21.2623428
        ]
      },
      "properties": {
        "id": "osm-303715346",
        "lat": 21.2623428,
        "lon": -157.798254,
        "name": "",
        "address": "Pana Place, Black Point, K\u0101hala, East Honolulu, Honolulu, Honolulu County, Hawaii, 96828, United States",
        "neighborhood": "unknown",
        "source": "osm",
        "osm_id": 303715346,
        "osm_type": "way"
      }
    },
    {
      "type": "Feature",
      "geometry": {
        "type": "Point",
        "coordinates": [
          -157.7983439,
          21.2621043
        ]
      },
      "properties": {
        "id": "osm-303715350",
        "lat": 21.2621043,
        "lon": -157.7983439,
        "name": "",
        "address": "Pana Place, Black Point, K\u0101hala, East Honolulu, Honolulu, Honolulu County, Hawaii, 96828, United States",
        "neighborhood": "unknown",
        "source": "osm",
        "osm_id": 303715350,
        "osm_type": "way"
      }
    },
    {
      "type": "Feature",
      "geometry": {
        "type": "Point",
        "coordinates": [
          -157.8150261,
          21.2668715
        ]
      },
      "properties": {
        "id": "osm-303717200",
        "lat": 21.2668715,
        "lon": -157.8150261,
        "name": "",
        "address": "Pualei Circle, Kaimuk\u012b, East Honolulu, Honolulu, Honolulu County, Hawaii, 96828, United States",
        "neighborhood": "unknown",
        "source": "osm",
        "osm_id": 303717200,
        "osm_type": "way"
      }
    },
    {
      "type": "Feature",
      "geometry": {
        "type": "Point",
        "coordinates": [
          -157.8139762,
          21.2667835
        ]
      },
      "properties": {
        "id": "osm-303719575",
        "lat": 21.2667835,
        "lon": -157.8139762,
        "name": "",
        "address": "Pualei Circle, Kaimuk\u012b, East Honolulu, Honolulu, Honolulu County, Hawaii, 96828, United States",
        "neighborhood": "unknown",
        "source": "osm",
        "osm_id": 303719575,
        "osm_type": "way"
      }
    },
    {
      "type": "Feature",
      "geometry": {
        "type": "Point",
        "coordinates": [
          -157.8143328,
          21.2656854
        ]
      },
      "properties": {
        "id": "osm-303719620",
        "lat": 21.2656854,
        "lon": -157.8143328,
        "name": "",
        "address": "Diamond Head Plaza, 3061, Pualei Circle, Kapahulu, East Honolulu, Honolulu, Honolulu County, Hawaii, 96815, United States",
        "neighborhood": "unknown",
        "source": "osm",
        "osm_id": 303719620,
        "osm_type": "way"
      }
    },
    {
      "type": "Feature",
      "geometry": {
        "type": "Point",
        "coordinates": [
          -157.8157423,
          21.2662128
        ]
      },
      "properties": {
        "id": "osm-303720858",
        "lat": 21.2662128,
        "lon": -157.8157423,
        "name": "",
        "address": "Diamond Head Surf, 3824;3810, Leahi Avenue, Kapahulu, East Honolulu, Honolulu, Honolulu County, Hawaii, 96815, United States",
        "neighborhood": "unknown",
        "source": "osm",
        "osm_id": 303720858,
        "osm_type": "way"
      }
    },
    {
      "type": "Feature",
      "geometry": {
        "type": "Point",
        "coordinates": [
          -157.8154108,
          21.2614518
        ]
      },
      "properties": {
        "id": "osm-303721181",
        "lat": 21.2614518,
        "lon": -157.8154108,
        "name": "",
        "address": "La Pietra Circle, East Honolulu, Honolulu, Honolulu County, Hawaii, 96828, United States",
        "neighborhood": "unknown",
        "source": "osm",
        "osm_id": 303721181,
        "osm_type": "way"
      }
    },
    {
      "type": "Feature",
      "geometry": {
        "type": "Point",
        "coordinates": [
          -157.8124426,
          21.2663017
        ]
      },
      "properties": {
        "id": "osm-303721386",
        "lat": 21.2663017,
        "lon": -157.8124426,
        "name": "",
        "address": "Noela Street, Kapahulu, East Honolulu, Honolulu, Honolulu County, Hawaii, 96828, United States",
        "neighborhood": "unknown",
        "source": "osm",
        "osm_id": 303721386,
        "osm_type": "way"
      }
    },
    {
      "type": "Feature",
      "geometry": {
        "type": "Point",
        "coordinates": [
          -157.8123676,
          21.2659537
        ]
      },
      "properties": {
        "id": "osm-303721388",
        "lat": 21.2659537,
        "lon": -157.8123676,
        "name": "",
        "address": "Noela Street, Kapahulu, East Honolulu, Honolulu, Honolulu County, Hawaii, 96828, United States",
        "neighborhood": "unknown",
        "source": "osm",
        "osm_id": 303721388,
        "osm_type": "way"
      }
    },
    {
      "type": "Feature",
      "geometry": {
        "type": "Point",
        "coordinates": [
          -157.8130352,
          21.2653193
        ]
      },
      "properties": {
        "id": "osm-303721571",
        "lat": 21.2653193,
        "lon": -157.8130352,
        "name": "",
        "address": "Noela Street, Kapahulu, East Honolulu, Honolulu, Honolulu County, Hawaii, 96828, United States",
        "neighborhood": "unknown",
        "source": "osm",
        "osm_id": 303721571,
        "osm_type": "way"
      }
    },
    {
      "type": "Feature",
      "geometry": {
        "type": "Point",
        "coordinates": [
          -157.8135301,
          21.2661802
        ]
      },
      "properties": {
        "id": "osm-303721807",
        "lat": 21.2661802,
        "lon": -157.8135301,
        "name": "",
        "address": "3880, Kanaina Avenue, Kapahulu, East Honolulu, Honolulu, Honolulu County, Hawaii, 96815, United States",
        "neighborhood": "unknown",
        "source": "osm",
        "osm_id": 303721807,
        "osm_type": "way"
      }
    },
    {
      "type": "Feature",
      "geometry": {
        "type": "Point",
        "coordinates": [
          -157.8144961,
          21.2650665
        ]
      },
      "properties": {
        "id": "osm-303722152",
        "lat": 21.2650665,
        "lon": -157.8144961,
        "name": "",
        "address": "Holei Street, East Honolulu, Honolulu, Honolulu County, Hawaii, 96828, United States",
        "neighborhood": "unknown",
        "source": "osm",
        "osm_id": 303722152,
        "osm_type": "way"
      }
    },
    {
      "type": "Feature",
      "geometry": {
        "type": "Point",
        "coordinates": [
          -157.8164243,
          21.2619456
        ]
      },
      "properties": {
        "id": "osm-303722718",
        "lat": 21.2619456,
        "lon": -157.8164243,
        "name": "",
        "address": "3076, La Pietra Circle, East Honolulu, Honolulu, Honolulu County, Hawaii, 96815, United States",
        "neighborhood": "unknown",
        "source": "osm",
        "osm_id": 303722718,
        "osm_type": "way"
      }
    },
    {
      "type": "Feature",
      "geometry": {
        "type": "Point",
        "coordinates": [
          -157.8212893,
          21.2614716
        ]
      },
      "properties": {
        "id": "osm-303724124",
        "lat": 21.2614716,
        "lon": -157.8212893,
        "name": "",
        "address": "Kal\u0101kaua Avenue, Honolulu, Honolulu County, Hawaii, 96815, United States",
        "neighborhood": "unknown",
        "source": "osm",
        "osm_id": 303724124,
        "osm_type": "way"
      }
    },
    {
      "type": "Feature",
      "geometry": {
        "type": "Point",
        "coordinates": [
          -157.7767761,
          21.2700163
        ]
      },
      "properties": {
        "id": "osm-303724342",
        "lat": 21.2700163,
        "lon": -157.7767761,
        "name": "",
        "address": "Kahala Avenue, Waialae-Kahala, Wailupe, K\u0101hala, East Honolulu, Honolulu, Honolulu County, Hawaii, 96821, United States",
        "neighborhood": "kahala",
        "source": "osm",
        "osm_id": 303724342,
        "osm_type": "way"
      }
    },
    {
      "type": "Feature",
      "geometry": {
        "type": "Point",
        "coordinates": [
          -157.7861153,
          21.2681188
        ]
      },
      "properties": {
        "id": "osm-303726078",
        "lat": 21.2681188,
        "lon": -157.7861153,
        "name": "",
        "address": "Iiwi Street, Waialae-Kahala, K\u0101hala, East Honolulu, Honolulu, Honolulu County, Hawaii, 96821, United States",
        "neighborhood": "unknown",
        "source": "osm",
        "osm_id": 303726078,
        "osm_type": "way"
      }
    },
    {
      "type": "Feature",
      "geometry": {
        "type": "Point",
        "coordinates": [
          -157.7893764,
          21.2665669
        ]
      },
      "properties": {
        "id": "osm-303726079",
        "lat": 21.2665669,
        "lon": -157.7893764,
        "name": "",
        "address": "Onaha Street, Waialae-Kahala, Black Point, K\u0101hala, East Honolulu, Honolulu, Honolulu County, Hawaii, 96821, United States",
        "neighborhood": "unknown",
        "source": "osm",
        "osm_id": 303726079,
        "osm_type": "way"
      }
    },
    {
      "type": "Feature",
      "geometry": {
        "type": "Point",
        "coordinates": [
          -157.788945,
          21.267248
        ]
      },
      "properties": {
        "id": "osm-303726080",
        "lat": 21.267248,
        "lon": -157.788945,
        "name": "",
        "address": "Koloa Street, Waialae-Kahala, K\u0101hala, East Honolulu, Honolulu, Honolulu County, Hawaii, 96821, United States",
        "neighborhood": "unknown",
        "source": "osm",
        "osm_id": 303726080,
        "osm_type": "way"
      }
    },
    {
      "type": "Feature",
      "geometry": {
        "type": "Point",
        "coordinates": [
          -157.7882819,
          21.2663277
        ]
      },
      "properties": {
        "id": "osm-303726081",
        "lat": 21.2663277,
        "lon": -157.7882819,
        "name": "",
        "address": "Ulili Street, Waialae-Kahala, K\u0101hala, East Honolulu, Honolulu, Honolulu County, Hawaii, 96821, United States",
        "neighborhood": "unknown",
        "source": "osm",
        "osm_id": 303726081,
        "osm_type": "way"
      }
    },
    {
      "type": "Feature",
      "geometry": {
        "type": "Point",
        "coordinates": [
          -157.8223788,
          21.2717974
        ]
      },
      "properties": {
        "id": "osm-303726082",
        "lat": 21.2717974,
        "lon": -157.8223788,
        "name": "",
        "address": "Yoshitsune, 2586, Kal\u0101kaua Avenue, Waik\u012bk\u012b, Honolulu, Honolulu County, Hawaii, 96815, United States",
        "neighborhood": "waikiki",
        "source": "osm",
        "osm_id": 303726082,
        "osm_type": "way"
      }
    },
    {
      "type": "Feature",
      "geometry": {
        "type": "Point",
        "coordinates": [
          -157.8486124,
          21.2916442
        ]
      },
      "properties": {
        "id": "osm-303883256",
        "lat": 21.2916442,
        "lon": -157.8486124,
        "name": "",
        "address": "Ala Moana Boulevard, Ala Moana, East Honolulu, Honolulu, Honolulu County, Hawaii, 96841, United States",
        "neighborhood": "honolulu",
        "source": "osm",
        "osm_id": 303883256,
        "osm_type": "way"
      }
    },
    {
      "type": "Feature",
      "geometry": {
        "type": "Point",
        "coordinates": [
          -157.8480293,
          21.2913402
        ]
      },
      "properties": {
        "id": "osm-303883257",
        "lat": 21.2913402,
        "lon": -157.8480293,
        "name": "",
        "address": "Piikoi Street, Ala Moana, Honolulu, Honolulu County, Hawaii, 96841, United States",
        "neighborhood": "honolulu",
        "source": "osm",
        "osm_id": 303883257,
        "osm_type": "way"
      }
    },
    {
      "type": "Feature",
      "geometry": {
        "type": "Point",
        "coordinates": [
          -157.849711,
          21.2920143
        ]
      },
      "properties": {
        "id": "osm-303883258",
        "lat": 21.2920143,
        "lon": -157.849711,
        "name": "",
        "address": "Bank of Hawaii, Queen Street, Ala Moana, Honolulu, Honolulu County, Hawaii, 96841, United States",
        "neighborhood": "honolulu",
        "source": "osm",
        "osm_id": 303883258,
        "osm_type": "way"
      }
    },
    {
      "type": "Feature",
      "geometry": {
        "type": "Point",
        "coordinates": [
          -157.8495535,
          21.2930184
        ]
      },
      "properties": {
        "id": "osm-303883259",
        "lat": 21.2930184,
        "lon": -157.8495535,
        "name": "",
        "address": "Queen Street, Ala Moana, Honolulu, Honolulu County, Hawaii, 96814, United States",
        "neighborhood": "honolulu",
        "source": "osm",
        "osm_id": 303883259,
        "osm_type": "way"
      }
    },
    {
      "type": "Feature",
      "geometry": {
        "type": "Point",
        "coordinates": [
          -157.8452122,
          21.2967987
        ]
      },
      "properties": {
        "id": "osm-303883260",
        "lat": 21.2967987,
        "lon": -157.8452122,
        "name": "",
        "address": "Piikoi Plaza, 725, Piikoi Street, Ala Moana, East Honolulu, Honolulu, Honolulu County, Hawaii, 96814, United States",
        "neighborhood": "honolulu",
        "source": "osm",
        "osm_id": 303883260,
        "osm_type": "way"
      }
    },
    {
      "type": "Feature",
      "geometry": {
        "type": "Point",
        "coordinates": [
          -157.8375372,
          21.2891076
        ]
      },
      "properties": {
        "id": "osm-304038893",
        "lat": 21.2891076,
        "lon": -157.8375372,
        "name": "",
        "address": "Hawaii Convention Center, 1801, Kal\u0101kaua Avenue, McCully, Honolulu, Honolulu County, Hawaii, 96815, United States",
        "neighborhood": "honolulu",
        "source": "osm",
        "osm_id": 304038893,
        "osm_type": "way"
      }
    },
    {
      "type": "Feature",
      "geometry": {
        "type": "Point",
        "coordinates": [
          -157.8277619,
          21.2862934
        ]
      },
      "properties": {
        "id": "osm-304741645",
        "lat": 21.2862934,
        "lon": -157.8277619,
        "name": "",
        "address": "Ala Wai Plaza, 500, University Avenue, Waik\u012bk\u012b, East Honolulu, Honolulu, Honolulu County, Hawaii, 96826, United States",
        "neighborhood": "honolulu",
        "source": "osm",
        "osm_id": 304741645,
        "osm_type": "way"
      }
    },
    {
      "type": "Feature",
      "geometry": {
        "type": "Point",
        "coordinates": [
          -157.8288415,
          21.2873683
        ]
      },
      "properties": {
        "id": "osm-304741839",
        "lat": 21.2873683,
        "lon": -157.8288415,
        "name": "",
        "address": "Marco Polo, 2333, Kapiolani Boulevard, Moiliili, McCully, Honolulu, Honolulu County, Hawaii, 96826, United States",
        "neighborhood": "honolulu",
        "source": "osm",
        "osm_id": 304741839,
        "osm_type": "way"
      }
    },
    {
      "type": "Feature",
      "geometry": {
        "type": "Point",
        "coordinates": [
          -157.8330929,
          21.2890459
        ]
      },
      "properties": {
        "id": "osm-304744266",
        "lat": 21.2890459,
        "lon": -157.8330929,
        "name": "",
        "address": "Ala Wai Promenade, McCully, Honolulu, Honolulu County, Hawaii, 96926, United States",
        "neighborhood": "honolulu",
        "source": "osm",
        "osm_id": 304744266,
        "osm_type": "way"
      }
    },
    {
      "type": "Feature",
      "geometry": {
        "type": "Point",
        "coordinates": [
          -157.8393231,
          21.2966759
        ]
      },
      "properties": {
        "id": "osm-304744674",
        "lat": 21.2966759,
        "lon": -157.8393231,
        "name": "",
        "address": "Liona Street, Pawaa, East Honolulu, Honolulu, Honolulu County, Hawaii, 96814, United States",
        "neighborhood": "honolulu",
        "source": "osm",
        "osm_id": 304744674,
        "osm_type": "way"
      }
    },
    {
      "type": "Feature",
      "geometry": {
        "type": "Point",
        "coordinates": [
          -157.8394047,
          21.2957375
        ]
      },
      "properties": {
        "id": "osm-304744675",
        "lat": 21.2957375,
        "lon": -157.8394047,
        "name": "",
        "address": "Rycroft Terrace, 1550, Rycroft Street, Pawaa, Honolulu, Honolulu County, Hawaii, 96814, United States",
        "neighborhood": "honolulu",
        "source": "osm",
        "osm_id": 304744675,
        "osm_type": "way"
      }
    },
    {
      "type": "Feature",
      "geometry": {
        "type": "Point",
        "coordinates": [
          -157.8368513,
          21.3030746
        ]
      },
      "properties": {
        "id": "osm-304745984",
        "lat": 21.3030746,
        "lon": -157.8368513,
        "name": "",
        "address": "Keeaumoku Street, Pawaa, Honolulu, Honolulu County, Hawaii, 98622, United States",
        "neighborhood": "honolulu",
        "source": "osm",
        "osm_id": 304745984,
        "osm_type": "way"
      }
    },
    {
      "type": "Feature",
      "geometry": {
        "type": "Point",
        "coordinates": [
          -157.8468943,
          21.2963442
        ]
      },
      "properties": {
        "id": "osm-304950342",
        "lat": 21.2963442,
        "lon": -157.8468943,
        "name": "",
        "address": "Moana Pacific, 1288-1296, Kapiolani Boulevard, Ala Moana, Honolulu, Honolulu County, Hawaii, 96814, United States",
        "neighborhood": "honolulu",
        "source": "osm",
        "osm_id": 304950342,
        "osm_type": "way"
      }
    },
    {
      "type": "Feature",
      "geometry": {
        "type": "Point",
        "coordinates": [
          -157.9109271,
          21.344623
        ]
      },
      "properties": {
        "id": "osm-305502285",
        "lat": 21.344623,
        "lon": -157.9109271,
        "name": "",
        "address": "Ala Maile Place, Salt Lake, Honolulu, Honolulu County, Hawaii, 96818, United States",
        "neighborhood": "unknown",
        "source": "osm",
        "osm_id": 305502285,
        "osm_type": "way"
      }
    },
    {
      "type": "Feature",
      "geometry": {
        "type": "Point",
        "coordinates": [
          -157.9099961,
          21.3442141
        ]
      },
      "properties": {
        "id": "osm-305502286",
        "lat": 21.3442141,
        "lon": -157.9099961,
        "name": "",
        "address": "Ala Melia Place, Salt Lake, Honolulu, Honolulu County, Hawaii, 96818, United States",
        "neighborhood": "unknown",
        "source": "osm",
        "osm_id": 305502286,
        "osm_type": "way"
      }
    },
    {
      "type": "Feature",
      "geometry": {
        "type": "Point",
        "coordinates": [
          -157.8463847,
          21.3053186
        ]
      },
      "properties": {
        "id": "osm-305658089",
        "lat": 21.3053186,
        "lon": -157.8463847,
        "name": "",
        "address": "Surfview, 1018, Lunalilo Street, Makiki Kai, East Honolulu, Honolulu, Honolulu County, Hawaii, 96822, United States",
        "neighborhood": "honolulu",
        "source": "osm",
        "osm_id": 305658089,
        "osm_type": "way"
      }
    },
    {
      "type": "Feature",
      "geometry": {
        "type": "Point",
        "coordinates": [
          -157.8457222,
          21.3052228
        ]
      },
      "properties": {
        "id": "osm-305658091",
        "lat": 21.3052228,
        "lon": -157.8457222,
        "name": "",
        "address": "Continental Plaza Driveway, Makiki Kai, East Honolulu, Honolulu, Honolulu County, Hawaii, 98622, United States",
        "neighborhood": "honolulu",
        "source": "osm",
        "osm_id": 305658091,
        "osm_type": "way"
      }
    },
    {
      "type": "Feature",
      "geometry": {
        "type": "Point",
        "coordinates": [
          -157.8461437,
          21.3041982
        ]
      },
      "properties": {
        "id": "osm-305658306",
        "lat": 21.3041982,
        "lon": -157.8461437,
        "name": "",
        "address": "Kinau Street, Makiki Kai, Honolulu, Honolulu County, Hawaii, 96814, United States",
        "neighborhood": "honolulu",
        "source": "osm",
        "osm_id": 305658306,
        "osm_type": "way"
      }
    },
    {
      "type": "Feature",
      "geometry": {
        "type": "Point",
        "coordinates": [
          -157.8483437,
          21.3082428
        ]
      },
      "properties": {
        "id": "osm-305658307",
        "lat": 21.3082428,
        "lon": -157.8483437,
        "name": "",
        "address": "Emerson Street, Makiki Kai, Honolulu, Honolulu County, Hawaii, 96843, United States",
        "neighborhood": "honolulu",
        "source": "osm",
        "osm_id": 305658307,
        "osm_type": "way"
      }
    },
    {
      "type": "Feature",
      "geometry": {
        "type": "Point",
        "coordinates": [
          -157.8482719,
          21.3093888
        ]
      },
      "properties": {
        "id": "osm-305658308",
        "lat": 21.3093888,
        "lon": -157.8482719,
        "name": "",
        "address": "Emerson Street, Makiki Kai, Honolulu, Honolulu County, Hawaii, 96843, United States",
        "neighborhood": "honolulu",
        "source": "osm",
        "osm_id": 305658308,
        "osm_type": "way"
      }
    },
    {
      "type": "Feature",
      "geometry": {
        "type": "Point",
        "coordinates": [
          -157.849649,
          21.3087358
        ]
      },
      "properties": {
        "id": "osm-305658309",
        "lat": 21.3087358,
        "lon": -157.849649,
        "name": "",
        "address": "Alapai Street, Makiki Kai, Honolulu, Honolulu County, Hawaii, 96843, United States",
        "neighborhood": "honolulu",
        "source": "osm",
        "osm_id": 305658309,
        "osm_type": "way"
      }
    },
    {
      "type": "Feature",
      "geometry": {
        "type": "Point",
        "coordinates": [
          -157.8503712,
          21.3136666
        ]
      },
      "properties": {
        "id": "osm-305658451",
        "lat": 21.3136666,
        "lon": -157.8503712,
        "name": "",
        "address": "Prospect Street, Makiki Kai, Honolulu, Honolulu County, Hawaii, 96843, United States",
        "neighborhood": "honolulu",
        "source": "osm",
        "osm_id": 305658451,
        "osm_type": "way"
      }
    },
    {
      "type": "Feature",
      "geometry": {
        "type": "Point",
        "coordinates": [
          -157.851501,
          21.3123488
        ]
      },
      "properties": {
        "id": "osm-305658452",
        "lat": 21.3123488,
        "lon": -157.851501,
        "name": "",
        "address": "Aleo Hale, 1619, Kamamalu Avenue, Hawaii Capital Historic District, East Honolulu, Honolulu, Honolulu County, Hawaii, 96813, United States",
        "neighborhood": "honolulu",
        "source": "osm",
        "osm_id": 305658452,
        "osm_type": "way"
      }
    },
    {
      "type": "Feature",
      "geometry": {
        "type": "Point",
        "coordinates": [
          -157.8091577,
          21.3144982
        ]
      },
      "properties": {
        "id": "osm-305799914",
        "lat": 21.3144982,
        "lon": -157.8091577,
        "name": "",
        "address": "Loomis Street, M\u0101noa, East Honolulu, Honolulu, Honolulu County, Hawaii, 96848, United States",
        "neighborhood": "honolulu",
        "source": "osm",
        "osm_id": 305799914,
        "osm_type": "way"
      }
    },
    {
      "type": "Feature",
      "geometry": {
        "type": "Point",
        "coordinates": [
          -157.8088638,
          21.3145172
        ]
      },
      "properties": {
        "id": "osm-305799915",
        "lat": 21.3145172,
        "lon": -157.8088638,
        "name": "",
        "address": "Kahaloa Drive, M\u0101noa, East Honolulu, Honolulu, Honolulu County, Hawaii, 96848, United States",
        "neighborhood": "honolulu",
        "source": "osm",
        "osm_id": 305799915,
        "osm_type": "way"
      }
    },
    {
      "type": "Feature",
      "geometry": {
        "type": "Point",
        "coordinates": [
          -157.8400797,
          21.2958864
        ]
      },
      "properties": {
        "id": "osm-306046627",
        "lat": 21.2958864,
        "lon": -157.8400797,
        "name": "",
        "address": "Sandalwood, 910, Ahana Street, Pawaa, Honolulu, Honolulu County, Hawaii, 96814, United States",
        "neighborhood": "honolulu",
        "source": "osm",
        "osm_id": 306046627,
        "osm_type": "way"
      }
    },
    {
      "type": "Feature",
      "geometry": {
        "type": "Point",
        "coordinates": [
          -157.8402035,
          21.2955696
        ]
      },
      "properties": {
        "id": "osm-306046628",
        "lat": 21.2955696,
        "lon": -157.8402035,
        "name": "",
        "address": "Rycroft Street, Pawaa, Honolulu, Honolulu County, Hawaii, 96814, United States",
        "neighborhood": "honolulu",
        "source": "osm",
        "osm_id": 306046628,
        "osm_type": "way"
      }
    },
    {
      "type": "Feature",
      "geometry": {
        "type": "Point",
        "coordinates": [
          -157.8301409,
          21.3004808
        ]
      },
      "properties": {
        "id": "osm-306048721",
        "lat": 21.3004808,
        "lon": -157.8301409,
        "name": "",
        "address": "Punahou Chalet, 1521, Alexander Street, McCully, Honolulu, Honolulu County, Hawaii, 96826, United States",
        "neighborhood": "honolulu",
        "source": "osm",
        "osm_id": 306048721,
        "osm_type": "way"
      }
    },
    {
      "type": "Feature",
      "geometry": {
        "type": "Point",
        "coordinates": [
          -157.8554538,
          21.3131366
        ]
      },
      "properties": {
        "id": "osm-306192416",
        "lat": 21.3131366,
        "lon": -157.8554538,
        "name": "",
        "address": "Pali Highway, Chinatown, Honolulu, Honolulu County, Hawaii, 96843, United States",
        "neighborhood": "honolulu",
        "source": "osm",
        "osm_id": 306192416,
        "osm_type": "way"
      }
    },
    {
      "type": "Feature",
      "geometry": {
        "type": "Point",
        "coordinates": [
          -157.8596932,
          21.3134039
        ]
      },
      "properties": {
        "id": "osm-306192421",
        "lat": 21.3134039,
        "lon": -157.8596932,
        "name": "",
        "address": "Honolulu Park Place, 1212, Nuuanu Avenue, The Arts District, Hawaii Capital Historic District, East Honolulu, Honolulu, Honolulu County, Hawaii, 96817, United States",
        "neighborhood": "honolulu",
        "source": "osm",
        "osm_id": 306192421,
        "osm_type": "way"
      }
    },
    {
      "type": "Feature",
      "geometry": {
        "type": "Point",
        "coordinates": [
          -157.9126079,
          21.3443721
        ]
      },
      "properties": {
        "id": "osm-306301536",
        "lat": 21.3443721,
        "lon": -157.9126079,
        "name": "",
        "address": "831, Ala \u02bbIlima Place, Salt Lake, Honolulu, Honolulu County, Hawaii, 96818, United States",
        "neighborhood": "unknown",
        "source": "osm",
        "osm_id": 306301536,
        "osm_type": "way"
      }
    },
    {
      "type": "Feature",
      "geometry": {
        "type": "Point",
        "coordinates": [
          -157.7998985,
          21.2570948
        ]
      },
      "properties": {
        "id": "osm-307662645",
        "lat": 21.2570948,
        "lon": -157.7998985,
        "name": "",
        "address": "Palaoa Place, Black Point, K\u0101hala, East Honolulu, Honolulu, Honolulu County, Hawaii, 96828, United States",
        "neighborhood": "unknown",
        "source": "osm",
        "osm_id": 307662645,
        "osm_type": "way"
      }
    },
    {
      "type": "Feature",
      "geometry": {
        "type": "Point",
        "coordinates": [
          -158.0867897,
          21.3349711
        ]
      },
      "properties": {
        "id": "osm-309255548",
        "lat": 21.3349711,
        "lon": -158.0867897,
        "name": "Waterworld",
        "address": "Waterworld, Farrington Highway, City Center, Makakilo City, Kapolei, Honolulu County, Hawaii, 96707, United States",
        "neighborhood": "kapolei",
        "source": "osm",
        "osm_id": 309255548,
        "osm_type": "way"
      }
    },
    {
      "type": "Feature",
      "geometry": {
        "type": "Point",
        "coordinates": [
          -158.085803,
          21.33637
        ]
      },
      "properties": {
        "id": "osm-309259991",
        "lat": 21.33637,
        "lon": -158.085803,
        "name": "",
        "address": "Big Kahuna, Farrington Highway, City Center, Makakilo City, Kapolei, Honolulu County, Hawaii, 96707, United States",
        "neighborhood": "kapolei",
        "source": "osm",
        "osm_id": 309259991,
        "osm_type": "way"
      }
    },
    {
      "type": "Feature",
      "geometry": {
        "type": "Point",
        "coordinates": [
          -158.0862764,
          21.335884
        ]
      },
      "properties": {
        "id": "osm-309265526",
        "lat": 21.335884,
        "lon": -158.0862764,
        "name": "",
        "address": "Big Kahuna, Farrington Highway, Makakilo City, Kapolei, Honolulu County, Hawaii, 96707, United States",
        "neighborhood": "kapolei",
        "source": "osm",
        "osm_id": 309265526,
        "osm_type": "way"
      }
    },
    {
      "type": "Feature",
      "geometry": {
        "type": "Point",
        "coordinates": [
          -157.8314547,
          21.2801402
        ]
      },
      "properties": {
        "id": "osm-311240424",
        "lat": 21.2801402,
        "lon": -157.8314547,
        "name": "",
        "address": "The Breakers Hotel, 245, Saratoga Road, Waik\u012bk\u012b, Honolulu, Honolulu County, Hawaii, 96815, United States",
        "neighborhood": "honolulu",
        "source": "osm",
        "osm_id": 311240424,
        "osm_type": "way"
      }
    },
    {
      "type": "Feature",
      "geometry": {
        "type": "Point",
        "coordinates": [
          -157.8311506,
          21.2804065
        ]
      },
      "properties": {
        "id": "osm-311241494",
        "lat": 21.2804065,
        "lon": -157.8311506,
        "name": "",
        "address": "The Breakers Hotel, 245, Saratoga Road, Waik\u012bk\u012b, Honolulu, Honolulu County, Hawaii, 96815, United States",
        "neighborhood": "honolulu",
        "source": "osm",
        "osm_id": 311241494,
        "osm_type": "way"
      }
    },
    {
      "type": "Feature",
      "geometry": {
        "type": "Point",
        "coordinates": [
          -157.8312971,
          21.2806689
        ]
      },
      "properties": {
        "id": "osm-311241495",
        "lat": 21.2806689,
        "lon": -157.8312971,
        "name": "",
        "address": "Saratoga Road, Waik\u012bk\u012b, Honolulu, Honolulu County, Hawaii, 96815, United States",
        "neighborhood": "honolulu",
        "source": "osm",
        "osm_id": 311241495,
        "osm_type": "way"
      }
    },
    {
      "type": "Feature",
      "geometry": {
        "type": "Point",
        "coordinates": [
          -157.8346151,
          21.2809912
        ]
      },
      "properties": {
        "id": "osm-317242119",
        "lat": 21.2809912,
        "lon": -157.8346151,
        "name": "Maile Pool",
        "address": "Maile Pool, Kalia Road, Waik\u012bk\u012b, Honolulu, Honolulu County, Hawaii, 96815, United States",
        "neighborhood": "honolulu",
        "source": "osm",
        "osm_id": 317242119,
        "osm_type": "way"
      }
    },
    {
      "type": "Feature",
      "geometry": {
        "type": "Point",
        "coordinates": [
          -157.855993,
          21.3019071
        ]
      },
      "properties": {
        "id": "osm-317840239",
        "lat": 21.3019071,
        "lon": -157.855993,
        "name": "",
        "address": "Royal Capitol Plaza, 876, Curtis Street, Kaka\u2018ako, Honolulu, Honolulu County, Hawaii, 96813, United States",
        "neighborhood": "honolulu",
        "source": "osm",
        "osm_id": 317840239,
        "osm_type": "way"
      }
    },
    {
      "type": "Feature",
      "geometry": {
        "type": "Point",
        "coordinates": [
          -157.825332,
          21.2799797
        ]
      },
      "properties": {
        "id": "osm-320741874",
        "lat": 21.2799797,
        "lon": -157.825332,
        "name": "",
        "address": "Nahua Street, Waik\u012bk\u012b, Honolulu, Honolulu County, Hawaii, 96815, United States",
        "neighborhood": "waikiki",
        "source": "osm",
        "osm_id": 320741874,
        "osm_type": "way"
      }
    },
    {
      "type": "Feature",
      "geometry": {
        "type": "Point",
        "coordinates": [
          -157.825732,
          21.2798203
        ]
      },
      "properties": {
        "id": "osm-320742174",
        "lat": 21.2798203,
        "lon": -157.825732,
        "name": "",
        "address": "Nohonani Street, Waik\u012bk\u012b, Honolulu, Honolulu County, Hawaii, 96815, United States",
        "neighborhood": "waikiki",
        "source": "osm",
        "osm_id": 320742174,
        "osm_type": "way"
      }
    },
    {
      "type": "Feature",
      "geometry": {
        "type": "Point",
        "coordinates": [
          -157.8387462,
          21.2860718
        ]
      },
      "properties": {
        "id": "osm-322072360",
        "lat": 21.2860718,
        "lon": -157.8387462,
        "name": "",
        "address": "Ala Moana Boulevard, Ala Moana, Honolulu, Honolulu County, Hawaii, 96841, United States",
        "neighborhood": "honolulu",
        "source": "osm",
        "osm_id": 322072360,
        "osm_type": "way"
      }
    },
    {
      "type": "Feature",
      "geometry": {
        "type": "Point",
        "coordinates": [
          -158.0216761,
          21.3819327
        ]
      },
      "properties": {
        "id": "osm-325065154",
        "lat": 21.3819327,
        "lon": -158.0216761,
        "name": "",
        "address": "Waipahu Street, West Loch, Village Park, Waipahu, Honolulu County, Hawaii, 96797, United States",
        "neighborhood": "unknown",
        "source": "osm",
        "osm_id": 325065154,
        "osm_type": "way"
      }
    },
    {
      "type": "Feature",
      "geometry": {
        "type": "Point",
        "coordinates": [
          -157.836979,
          21.3029902
        ]
      },
      "properties": {
        "id": "osm-325501992",
        "lat": 21.3029902,
        "lon": -157.836979,
        "name": "",
        "address": "Keeaumoku Street, Pawaa, Honolulu, Honolulu County, Hawaii, 98622, United States",
        "neighborhood": "honolulu",
        "source": "osm",
        "osm_id": 325501992,
        "osm_type": "way"
      }
    },
    {
      "type": "Feature",
      "geometry": {
        "type": "Point",
        "coordinates": [
          -157.8742403,
          21.3064712
        ]
      },
      "properties": {
        "id": "osm-325535244",
        "lat": 21.3064712,
        "lon": -157.8742403,
        "name": "",
        "address": "Pritchard Street, CGX, Sand Island, Honolulu, Honolulu County, Hawaii, 96819, United States",
        "neighborhood": "unknown",
        "source": "osm",
        "osm_id": 325535244,
        "osm_type": "way"
      }
    },
    {
      "type": "Feature",
      "geometry": {
        "type": "Point",
        "coordinates": [
          -157.8116179,
          21.2933641
        ]
      },
      "properties": {
        "id": "osm-327492416",
        "lat": 21.2933641,
        "lon": -157.8116179,
        "name": "",
        "address": "Dole Street, Saint Louis Heights, East Honolulu, Honolulu, Honolulu County, Hawaii, 96848, United States",
        "neighborhood": "honolulu",
        "source": "osm",
        "osm_id": 327492416,
        "osm_type": "way"
      }
    },
    {
      "type": "Feature",
      "geometry": {
        "type": "Point",
        "coordinates": [
          -157.7824327,
          21.2642279
        ]
      },
      "properties": {
        "id": "osm-327493891",
        "lat": 21.2642279,
        "lon": -157.7824327,
        "name": "",
        "address": "Kahala Avenue, Waialae-Kahala, Black Point, K\u0101hala, East Honolulu, Honolulu, Honolulu County, Hawaii, 96821, United States",
        "neighborhood": "unknown",
        "source": "osm",
        "osm_id": 327493891,
        "osm_type": "way"
      }
    },
    {
      "type": "Feature",
      "geometry": {
        "type": "Point",
        "coordinates": [
          -157.8557163,
          21.314498
        ]
      },
      "properties": {
        "id": "osm-329355492",
        "lat": 21.314498,
        "lon": -157.8557163,
        "name": "",
        "address": "Pali Highway, The Arts District, Chinatown, Honolulu, Honolulu County, Hawaii, 96843, United States",
        "neighborhood": "honolulu",
        "source": "osm",
        "osm_id": 329355492,
        "osm_type": "way"
      }
    },
    {
      "type": "Feature",
      "geometry": {
        "type": "Point",
        "coordinates": [
          -157.8543485,
          21.3107402
        ]
      },
      "properties": {
        "id": "osm-329356240",
        "lat": 21.3107402,
        "lon": -157.8543485,
        "name": "",
        "address": "Punchbowl Street, Hawaii Capital Historic District, Honolulu, Honolulu County, Hawaii, 96843, United States",
        "neighborhood": "honolulu",
        "source": "osm",
        "osm_id": 329356240,
        "osm_type": "way"
      }
    },
    {
      "type": "Feature",
      "geometry": {
        "type": "Point",
        "coordinates": [
          -157.8405778,
          21.3395864
        ]
      },
      "properties": {
        "id": "osm-329358832",
        "lat": 21.3395864,
        "lon": -157.8405778,
        "name": "",
        "address": "O\u02bbahu Country Club, 150, Country Club Road, Nu\u02bbuanu, East Honolulu, Honolulu, Honolulu County, Hawaii, 96817, United States",
        "neighborhood": "honolulu",
        "source": "osm",
        "osm_id": 329358832,
        "osm_type": "way"
      }
    },
    {
      "type": "Feature",
      "geometry": {
        "type": "Point",
        "coordinates": [
          -157.8763757,
          21.3266769
        ]
      },
      "properties": {
        "id": "osm-334764593",
        "lat": 21.3266769,
        "lon": -157.8763757,
        "name": "",
        "address": "Mc Neill Street, Kalihi Kai, Honolulu, Honolulu County, Hawaii, 96817, United States",
        "neighborhood": "kalihi",
        "source": "osm",
        "osm_id": 334764593,
        "osm_type": "way"
      }
    },
    {
      "type": "Feature",
      "geometry": {
        "type": "Point",
        "coordinates": [
          -158.0200735,
          21.5355199
        ]
      },
      "properties": {
        "id": "osm-350096307",
        "lat": 21.5355199,
        "lon": -158.0200735,
        "name": "",
        "address": "Paalaa Uka Pupukea Road, Helemano Military Reservation, Honolulu County, Hawaii, 96786, United States",
        "neighborhood": "whitmore-village",
        "source": "osm",
        "osm_id": 350096307,
        "osm_type": "way"
      }
    },
    {
      "type": "Feature",
      "geometry": {
        "type": "Point",
        "coordinates": [
          -158.121514,
          21.3324388
        ]
      },
      "properties": {
        "id": "osm-359437282",
        "lat": 21.3324388,
        "lon": -158.121514,
        "name": "",
        "address": "Longboards, Mauloa Place, Kapolei, Honolulu County, Hawaii, 96707, United States",
        "neighborhood": "unknown",
        "source": "osm",
        "osm_id": 359437282,
        "osm_type": "way"
      }
    },
    {
      "type": "Feature",
      "geometry": {
        "type": "Point",
        "coordinates": [
          -158.1207976,
          21.3326459
        ]
      },
      "properties": {
        "id": "osm-359437283",
        "lat": 21.3326459,
        "lon": -158.1207976,
        "name": "",
        "address": "Waipahe Place, Kapolei, Honolulu County, Hawaii, 96707, United States",
        "neighborhood": "unknown",
        "source": "osm",
        "osm_id": 359437283,
        "osm_type": "way"
      }
    },
    {
      "type": "Feature",
      "geometry": {
        "type": "Point",
        "coordinates": [
          -158.1218887,
          21.3312555
        ]
      },
      "properties": {
        "id": "osm-359437284",
        "lat": 21.3312555,
        "lon": -158.1218887,
        "name": "",
        "address": "Shower (private), Waipahe Place, Kapolei, Honolulu County, Hawaii, 96707, United States",
        "neighborhood": "unknown",
        "source": "osm",
        "osm_id": 359437284,
        "osm_type": "way"
      }
    },
    {
      "type": "Feature",
      "geometry": {
        "type": "Point",
        "coordinates": [
          -158.1216447,
          21.3312387
        ]
      },
      "properties": {
        "id": "osm-359437285",
        "lat": 21.3312387,
        "lon": -158.1216447,
        "name": "",
        "address": "Shower (private), Waipahe Place, Kapolei, Honolulu County, Hawaii, 96707, United States",
        "neighborhood": "unknown",
        "source": "osm",
        "osm_id": 359437285,
        "osm_type": "way"
      }
    },
    {
      "type": "Feature",
      "geometry": {
        "type": "Point",
        "coordinates": [
          -157.9111401,
          21.3852527
        ]
      },
      "properties": {
        "id": "osm-364761485",
        "lat": 21.3852527,
        "lon": -157.9111401,
        "name": "",
        "address": "Halawa Heights Road, H\u0101lawa Heights, Aiea, Honolulu County, Hawaii, 96701, United States",
        "neighborhood": "aiea",
        "source": "osm",
        "osm_id": 364761485,
        "osm_type": "way"
      }
    },
    {
      "type": "Feature",
      "geometry": {
        "type": "Point",
        "coordinates": [
          -157.7067048,
          21.2907
        ]
      },
      "properties": {
        "id": "osm-367337428",
        "lat": 21.2907,
        "lon": -157.7067048,
        "name": "",
        "address": "Hawai\u2019i Kai Drive, Hahaione High Rise, East Honolulu, Honolulu, Honolulu County, Hawaii, 96825, United States",
        "neighborhood": "hawaii-kai",
        "source": "osm",
        "osm_id": 367337428,
        "osm_type": "way"
      }
    },
    {
      "type": "Feature",
      "geometry": {
        "type": "Point",
        "coordinates": [
          -157.8282678,
          21.28197
        ]
      },
      "properties": {
        "id": "osm-435971432",
        "lat": 21.28197,
        "lon": -157.8282678,
        "name": "",
        "address": "Mahina and Sun's, Lewers Street, Kalakaua Shopping District, Waik\u012bk\u012b, Honolulu, Honolulu County, Hawaii, 96815, United States",
        "neighborhood": "honolulu",
        "source": "osm",
        "osm_id": 435971432,
        "osm_type": "way"
      }
    },
    {
      "type": "Feature",
      "geometry": {
        "type": "Point",
        "coordinates": [
          -157.8389633,
          21.3122409
        ]
      },
      "properties": {
        "id": "osm-440459970",
        "lat": 21.3122409,
        "lon": -157.8389633,
        "name": "",
        "address": "Roosevelt High School, Nehoa Street, Makiki, East Honolulu, Honolulu, Honolulu County, Hawaii, 98622, United States",
        "neighborhood": "honolulu",
        "source": "osm",
        "osm_id": 440459970,
        "osm_type": "way"
      }
    },
    {
      "type": "Feature",
      "geometry": {
        "type": "Point",
        "coordinates": [
          -157.7733385,
          21.2781829
        ]
      },
      "properties": {
        "id": "osm-440760632",
        "lat": 21.2781829,
        "lon": -157.7733385,
        "name": "",
        "address": "Kalani High School, 4680, Kalaniana\u2019ole Highway, Wailupe, Waialae-Kahala, East Honolulu, Honolulu, Honolulu County, Hawaii, 96821, United States",
        "neighborhood": "kahala",
        "source": "osm",
        "osm_id": 440760632,
        "osm_type": "way"
      }
    },
    {
      "type": "Feature",
      "geometry": {
        "type": "Point",
        "coordinates": [
          -157.9569599,
          21.367984
        ]
      },
      "properties": {
        "id": "osm-440906195",
        "lat": 21.367984,
        "lon": -157.9569599,
        "name": "",
        "address": "1275, Saratoga Boulevard, Waipahu, Honolulu County, Hawaii, 96818, United States",
        "neighborhood": "pearl-harbor",
        "source": "osm",
        "osm_id": 440906195,
        "osm_type": "way"
      }
    },
    {
      "type": "Feature",
      "geometry": {
        "type": "Point",
        "coordinates": [
          -157.8094494,
          21.4087095
        ]
      },
      "properties": {
        "id": "osm-444338695",
        "lat": 21.4087095,
        "lon": -157.8094494,
        "name": "Kaneohe District Park Pool",
        "address": "Pookela Street, Kapunahala, Kaneohe, Honolulu County, Hawaii, 96744, United States",
        "neighborhood": "kaneohe",
        "source": "osm",
        "osm_id": 444338695,
        "osm_type": "way"
      }
    },
    {
      "type": "Feature",
      "geometry": {
        "type": "Point",
        "coordinates": [
          -158.0842676,
          21.3454594
        ]
      },
      "properties": {
        "id": "osm-446693405",
        "lat": 21.3454594,
        "lon": -158.0842676,
        "name": "",
        "address": "Anipeahi Street, Makakilo City, Kapolei, Honolulu County, Hawaii, 96707, United States",
        "neighborhood": "kapolei",
        "source": "osm",
        "osm_id": 446693405,
        "osm_type": "way"
      }
    },
    {
      "type": "Feature",
      "geometry": {
        "type": "Point",
        "coordinates": [
          -157.859167,
          21.3126022
        ]
      },
      "properties": {
        "id": "osm-452021982",
        "lat": 21.3126022,
        "lon": -157.859167,
        "name": "",
        "address": "Honolulu Park Place, 1212, Nuuanu Avenue, The Arts District, Chinatown, Honolulu, Honolulu County, Hawaii, 96817, United States",
        "neighborhood": "honolulu",
        "source": "osm",
        "osm_id": 452021982,
        "osm_type": "way"
      }
    },
    {
      "type": "Feature",
      "geometry": {
        "type": "Point",
        "coordinates": [
          -157.8555478,
          21.314314
        ]
      },
      "properties": {
        "id": "osm-452622383",
        "lat": 21.314314,
        "lon": -157.8555478,
        "name": "",
        "address": "Pali Highway, The Arts District, Chinatown, Honolulu, Honolulu County, Hawaii, 96843, United States",
        "neighborhood": "honolulu",
        "source": "osm",
        "osm_id": 452622383,
        "osm_type": "way"
      }
    },
    {
      "type": "Feature",
      "geometry": {
        "type": "Point",
        "coordinates": [
          -157.8161046,
          21.3022876
        ]
      },
      "properties": {
        "id": "osm-454766286",
        "lat": 21.3022876,
        "lon": -157.8161046,
        "name": "",
        "address": "Mid-Pacific Institute, Kaala Street, Lower M\u0101noa, M\u0101noa, East Honolulu, Honolulu, Honolulu County, Hawaii, 96822, United States",
        "neighborhood": "honolulu",
        "source": "osm",
        "osm_id": 454766286,
        "osm_type": "way"
      }
    },
    {
      "type": "Feature",
      "geometry": {
        "type": "Point",
        "coordinates": [
          -157.9736423,
          21.37559
        ]
      },
      "properties": {
        "id": "osm-462873178",
        "lat": 21.37559,
        "lon": -157.9736423,
        "name": "",
        "address": "Lanakila Avenue, Pearl City, Honolulu County, Hawaii, 96860, United States",
        "neighborhood": "waipahu",
        "source": "osm",
        "osm_id": 462873178,
        "osm_type": "way"
      }
    },
    {
      "type": "Feature",
      "geometry": {
        "type": "Point",
        "coordinates": [
          -157.8933711,
          21.3491011
        ]
      },
      "properties": {
        "id": "osm-463284276",
        "lat": 21.3491011,
        "lon": -157.8933711,
        "name": "",
        "address": "Mahiole Street, Moanalua Gardens, Honolulu, Honolulu County, Hawaii, 96859, United States",
        "neighborhood": "unknown",
        "source": "osm",
        "osm_id": 463284276,
        "osm_type": "way"
      }
    },
    {
      "type": "Feature",
      "geometry": {
        "type": "Point",
        "coordinates": [
          -157.9036448,
          21.3445766
        ]
      },
      "properties": {
        "id": "osm-468251099",
        "lat": 21.3445766,
        "lon": -157.9036448,
        "name": "",
        "address": "Ala \u02bbIlima Street, Salt Lake, Honolulu, Honolulu County, Hawaii, 96818, United States",
        "neighborhood": "unknown",
        "source": "osm",
        "osm_id": 468251099,
        "osm_type": "way"
      }
    },
    {
      "type": "Feature",
      "geometry": {
        "type": "Point",
        "coordinates": [
          -157.9305604,
          21.4039767
        ]
      },
      "properties": {
        "id": "osm-468569106",
        "lat": 21.4039767,
        "lon": -157.9305604,
        "name": "",
        "address": "Kaahele Street, Waimalu, Waipahu, Honolulu County, Hawaii, 96701, United States",
        "neighborhood": "pearl-city",
        "source": "osm",
        "osm_id": 468569106,
        "osm_type": "way"
      }
    },
    {
      "type": "Feature",
      "geometry": {
        "type": "Point",
        "coordinates": [
          -157.9304964,
          21.4041202
        ]
      },
      "properties": {
        "id": "osm-468569108",
        "lat": 21.4041202,
        "lon": -157.9304964,
        "name": "",
        "address": "Kaahele Street, Waimalu, Waipahu, Honolulu County, Hawaii, 96701, United States",
        "neighborhood": "pearl-city",
        "source": "osm",
        "osm_id": 468569108,
        "osm_type": "way"
      }
    },
    {
      "type": "Feature",
      "geometry": {
        "type": "Point",
        "coordinates": [
          -157.930266,
          21.4046505
        ]
      },
      "properties": {
        "id": "osm-468569109",
        "lat": 21.4046505,
        "lon": -157.930266,
        "name": "",
        "address": "Kaahele Street, Waimalu, Waipahu, Honolulu County, Hawaii, 96701, United States",
        "neighborhood": "pearl-city",
        "source": "osm",
        "osm_id": 468569109,
        "osm_type": "way"
      }
    },
    {
      "type": "Feature",
      "geometry": {
        "type": "Point",
        "coordinates": [
          -157.9308274,
          21.4052558
        ]
      },
      "properties": {
        "id": "osm-468569111",
        "lat": 21.4052558,
        "lon": -157.9308274,
        "name": "",
        "address": "Kaahele Street, Waimalu, Waipahu, Honolulu County, Hawaii, 96701, United States",
        "neighborhood": "pearl-city",
        "source": "osm",
        "osm_id": 468569111,
        "osm_type": "way"
      }
    },
    {
      "type": "Feature",
      "geometry": {
        "type": "Point",
        "coordinates": [
          -157.9323069,
          21.4039165
        ]
      },
      "properties": {
        "id": "osm-468569112",
        "lat": 21.4039165,
        "lon": -157.9323069,
        "name": "",
        "address": "Ainanui Loop, Waimalu, Waipahu, Honolulu County, Hawaii, 96701, United States",
        "neighborhood": "pearl-city",
        "source": "osm",
        "osm_id": 468569112,
        "osm_type": "way"
      }
    },
    {
      "type": "Feature",
      "geometry": {
        "type": "Point",
        "coordinates": [
          -157.9343704,
          21.4045744
        ]
      },
      "properties": {
        "id": "osm-468569114",
        "lat": 21.4045744,
        "lon": -157.9343704,
        "name": "",
        "address": "Kahaea Place, Waimalu, Waipahu, Honolulu County, Hawaii, 96701, United States",
        "neighborhood": "pearl-city",
        "source": "osm",
        "osm_id": 468569114,
        "osm_type": "way"
      }
    },
    {
      "type": "Feature",
      "geometry": {
        "type": "Point",
        "coordinates": [
          -157.9349631,
          21.4053027
        ]
      },
      "properties": {
        "id": "osm-468569115",
        "lat": 21.4053027,
        "lon": -157.9349631,
        "name": "",
        "address": "Ainanui Loop, Waimalu, Aiea, Honolulu County, Hawaii, 96701, United States",
        "neighborhood": "pearl-city",
        "source": "osm",
        "osm_id": 468569115,
        "osm_type": "way"
      }
    },
    {
      "type": "Feature",
      "geometry": {
        "type": "Point",
        "coordinates": [
          -157.9366701,
          21.3997576
        ]
      },
      "properties": {
        "id": "osm-468569116",
        "lat": 21.3997576,
        "lon": -157.9366701,
        "name": "",
        "address": "Kaahele Street, Waimalu, Aiea, Honolulu County, Hawaii, 96701, United States",
        "neighborhood": "pearl-city",
        "source": "osm",
        "osm_id": 468569116,
        "osm_type": "way"
      }
    },
    {
      "type": "Feature",
      "geometry": {
        "type": "Point",
        "coordinates": [
          -157.9368687,
          21.398583
        ]
      },
      "properties": {
        "id": "osm-468569117",
        "lat": 21.398583,
        "lon": -157.9368687,
        "name": "",
        "address": "Kuini Street, Waimalu, Waipahu, Honolulu County, Hawaii, 96701, United States",
        "neighborhood": "pearl-city",
        "source": "osm",
        "osm_id": 468569117,
        "osm_type": "way"
      }
    },
    {
      "type": "Feature",
      "geometry": {
        "type": "Point",
        "coordinates": [
          -157.9416799,
          21.4003787
        ]
      },
      "properties": {
        "id": "osm-468569118",
        "lat": 21.4003787,
        "lon": -157.9416799,
        "name": "",
        "address": "Nohoalii Street, Waimalu, Waipahu, Honolulu County, Hawaii, 96701, United States",
        "neighborhood": "pearl-city",
        "source": "osm",
        "osm_id": 468569118,
        "osm_type": "way"
      }
    },
    {
      "type": "Feature",
      "geometry": {
        "type": "Point",
        "coordinates": [
          -157.9415628,
          21.3998528
        ]
      },
      "properties": {
        "id": "osm-468569120",
        "lat": 21.3998528,
        "lon": -157.9415628,
        "name": "",
        "address": "Kaahele Street, Waimalu, Waipahu, Honolulu County, Hawaii, 96701, United States",
        "neighborhood": "pearl-city",
        "source": "osm",
        "osm_id": 468569120,
        "osm_type": "way"
      }
    },
    {
      "type": "Feature",
      "geometry": {
        "type": "Point",
        "coordinates": [
          -157.9403974,
          21.3986675
        ]
      },
      "properties": {
        "id": "osm-468569121",
        "lat": 21.3986675,
        "lon": -157.9403974,
        "name": "",
        "address": "Aloalii Street, Waimalu, Waipahu, Honolulu County, Hawaii, 96701, United States",
        "neighborhood": "pearl-city",
        "source": "osm",
        "osm_id": 468569121,
        "osm_type": "way"
      }
    },
    {
      "type": "Feature",
      "geometry": {
        "type": "Point",
        "coordinates": [
          -157.9413275,
          21.3986079
        ]
      },
      "properties": {
        "id": "osm-468569122",
        "lat": 21.3986079,
        "lon": -157.9413275,
        "name": "",
        "address": "Nohoalii Street, Waimalu, Waipahu, Honolulu County, Hawaii, 96701, United States",
        "neighborhood": "pearl-city",
        "source": "osm",
        "osm_id": 468569122,
        "osm_type": "way"
      }
    },
    {
      "type": "Feature",
      "geometry": {
        "type": "Point",
        "coordinates": [
          -157.9471109,
          21.3981723
        ]
      },
      "properties": {
        "id": "osm-468569124",
        "lat": 21.3981723,
        "lon": -157.9471109,
        "name": "",
        "address": "98-456, Kaahele Street, Waimalu, Aiea, Honolulu County, Hawaii, 96701, United States",
        "neighborhood": "pearl-city",
        "source": "osm",
        "osm_id": 468569124,
        "osm_type": "way"
      }
    },
    {
      "type": "Feature",
      "geometry": {
        "type": "Point",
        "coordinates": [
          -157.9783479,
          21.3993399
        ]
      },
      "properties": {
        "id": "osm-468569125",
        "lat": 21.3993399,
        "lon": -157.9783479,
        "name": "",
        "address": "Acacia Road, Pearl Highlands, Pearl City, Honolulu County, Hawaii, 96782, United States",
        "neighborhood": "pearl-city",
        "source": "osm",
        "osm_id": 468569125,
        "osm_type": "way"
      }
    },
    {
      "type": "Feature",
      "geometry": {
        "type": "Point",
        "coordinates": [
          -157.8379231,
          21.2819031
        ]
      },
      "properties": {
        "id": "osm-469560073",
        "lat": 21.2819031,
        "lon": -157.8379231,
        "name": "Keiki Pool",
        "address": "Hau Tree Bar, 2005, Kalia Road, Waik\u012bk\u012b, Honolulu, Honolulu County, Hawaii, 96815, United States",
        "neighborhood": "honolulu",
        "source": "osm",
        "osm_id": 469560073,
        "osm_type": "way"
      }
    },
    {
      "type": "Feature",
      "geometry": {
        "type": "Point",
        "coordinates": [
          -157.8376878,
          21.281957
        ]
      },
      "properties": {
        "id": "osm-469560074",
        "lat": 21.281957,
        "lon": -157.8376878,
        "name": "Super Pool",
        "address": "Super Pool, Duke Kahanamoku Lagoon Boardwalk, Waik\u012bk\u012b, Honolulu, Honolulu County, Hawaii, 96830, United States",
        "neighborhood": "honolulu",
        "source": "osm",
        "osm_id": 469560074,
        "osm_type": "way"
      }
    },
    {
      "type": "Feature",
      "geometry": {
        "type": "Point",
        "coordinates": [
          -157.9233587,
          21.6405666
        ]
      },
      "properties": {
        "id": "osm-477288589",
        "lat": 21.6405666,
        "lon": -157.9233587,
        "name": "",
        "address": "Brigham Young University Hawaii, Kulanui Street, Laie, Honolulu County, Hawaii, 96762, United States",
        "neighborhood": "laie",
        "source": "osm",
        "osm_id": 477288589,
        "osm_type": "way"
      }
    },
    {
      "type": "Feature",
      "geometry": {
        "type": "Point",
        "coordinates": [
          -157.8272913,
          21.3059206
        ]
      },
      "properties": {
        "id": "osm-480330678",
        "lat": 21.3059206,
        "lon": -157.8272913,
        "name": "",
        "address": "Ahualani Place, Lower M\u0101noa, Makiki, Honolulu, Honolulu County, Hawaii, 96822, United States",
        "neighborhood": "honolulu",
        "source": "osm",
        "osm_id": 480330678,
        "osm_type": "way"
      }
    },
    {
      "type": "Feature",
      "geometry": {
        "type": "Point",
        "coordinates": [
          -157.826562,
          21.3056101
        ]
      },
      "properties": {
        "id": "osm-480330680",
        "lat": 21.3056101,
        "lon": -157.826562,
        "name": "",
        "address": "2082, Ahualani Place, Lower M\u0101noa, Makiki, East Honolulu, Honolulu, Honolulu County, Hawaii, 96822, United States",
        "neighborhood": "honolulu",
        "source": "osm",
        "osm_id": 480330680,
        "osm_type": "way"
      }
    },
    {
      "type": "Feature",
      "geometry": {
        "type": "Point",
        "coordinates": [
          -157.8263016,
          21.3057852
        ]
      },
      "properties": {
        "id": "osm-480330681",
        "lat": 21.3057852,
        "lon": -157.8263016,
        "name": "",
        "address": "Manoa Road, Lower M\u0101noa, Makiki, Honolulu, Honolulu County, Hawaii, 96822, United States",
        "neighborhood": "honolulu",
        "source": "osm",
        "osm_id": 480330681,
        "osm_type": "way"
      }
    },
    {
      "type": "Feature",
      "geometry": {
        "type": "Point",
        "coordinates": [
          -157.8261483,
          21.307664
        ]
      },
      "properties": {
        "id": "osm-480330682",
        "lat": 21.307664,
        "lon": -157.8261483,
        "name": "",
        "address": "1892, Judd Hillside Road, Lower M\u0101noa, Makiki, East Honolulu, Honolulu, Honolulu County, Hawaii, 96822, United States",
        "neighborhood": "honolulu",
        "source": "osm",
        "osm_id": 480330682,
        "osm_type": "way"
      }
    },
    {
      "type": "Feature",
      "geometry": {
        "type": "Point",
        "coordinates": [
          -157.826208,
          21.3072408
        ]
      },
      "properties": {
        "id": "osm-480330683",
        "lat": 21.3072408,
        "lon": -157.826208,
        "name": "",
        "address": "Judd Hillside Road, Lower M\u0101noa, Makiki, Honolulu, Honolulu County, Hawaii, 96822, United States",
        "neighborhood": "honolulu",
        "source": "osm",
        "osm_id": 480330683,
        "osm_type": "way"
      }
    },
    {
      "type": "Feature",
      "geometry": {
        "type": "Point",
        "coordinates": [
          -157.8270902,
          21.3055586
        ]
      },
      "properties": {
        "id": "osm-480330686",
        "lat": 21.3055586,
        "lon": -157.8270902,
        "name": "",
        "address": "2056, Manoa Road, Lower M\u0101noa, Makiki, East Honolulu, Honolulu, Honolulu County, Hawaii, 96822, United States",
        "neighborhood": "honolulu",
        "source": "osm",
        "osm_id": 480330686,
        "osm_type": "way"
      }
    },
    {
      "type": "Feature",
      "geometry": {
        "type": "Point",
        "coordinates": [
          -157.8258051,
          21.3072108
        ]
      },
      "properties": {
        "id": "osm-480330687",
        "lat": 21.3072108,
        "lon": -157.8258051,
        "name": "",
        "address": "J.P. Mendonca Residence, 1942, Judd Hillside Road, Lower M\u0101noa, Makiki, East Honolulu, Honolulu, Honolulu County, Hawaii, 96822, United States",
        "neighborhood": "honolulu",
        "source": "osm",
        "osm_id": 480330687,
        "osm_type": "way"
      }
    },
    {
      "type": "Feature",
      "geometry": {
        "type": "Point",
        "coordinates": [
          -157.8266458,
          21.3065493
        ]
      },
      "properties": {
        "id": "osm-480330688",
        "lat": 21.3065493,
        "lon": -157.8266458,
        "name": "",
        "address": "Judd Hillside Road, Lower M\u0101noa, Makiki, Honolulu, Honolulu County, Hawaii, 96822, United States",
        "neighborhood": "honolulu",
        "source": "osm",
        "osm_id": 480330688,
        "osm_type": "way"
      }
    },
    {
      "type": "Feature",
      "geometry": {
        "type": "Point",
        "coordinates": [
          -157.8279357,
          21.3070006
        ]
      },
      "properties": {
        "id": "osm-480330689",
        "lat": 21.3070006,
        "lon": -157.8279357,
        "name": "",
        "address": "Ualakaa Street, Lower M\u0101noa, Makiki, Honolulu, Honolulu County, Hawaii, 96822, United States",
        "neighborhood": "honolulu",
        "source": "osm",
        "osm_id": 480330689,
        "osm_type": "way"
      }
    },
    {
      "type": "Feature",
      "geometry": {
        "type": "Point",
        "coordinates": [
          -157.8276045,
          21.3067704
        ]
      },
      "properties": {
        "id": "osm-480330690",
        "lat": 21.3067704,
        "lon": -157.8276045,
        "name": "",
        "address": "Alihilani Place, Lower M\u0101noa, Makiki, Honolulu, Honolulu County, Hawaii, 96822, United States",
        "neighborhood": "honolulu",
        "source": "osm",
        "osm_id": 480330690,
        "osm_type": "way"
      }
    },
    {
      "type": "Feature",
      "geometry": {
        "type": "Point",
        "coordinates": [
          -157.8264407,
          21.3069645
        ]
      },
      "properties": {
        "id": "osm-480330691",
        "lat": 21.3069645,
        "lon": -157.8264407,
        "name": "",
        "address": "Judd Hillside Road, Lower M\u0101noa, Makiki, Honolulu, Honolulu County, Hawaii, 96822, United States",
        "neighborhood": "honolulu",
        "source": "osm",
        "osm_id": 480330691,
        "osm_type": "way"
      }
    },
    {
      "type": "Feature",
      "geometry": {
        "type": "Point",
        "coordinates": [
          -157.8270888,
          21.3066039
        ]
      },
      "properties": {
        "id": "osm-480330692",
        "lat": 21.3066039,
        "lon": -157.8270888,
        "name": "",
        "address": "Judd Hillside Road, Lower M\u0101noa, Makiki, Honolulu, Honolulu County, Hawaii, 96822, United States",
        "neighborhood": "honolulu",
        "source": "osm",
        "osm_id": 480330692,
        "osm_type": "way"
      }
    },
    {
      "type": "Feature",
      "geometry": {
        "type": "Point",
        "coordinates": [
          -157.8272103,
          21.3073111
        ]
      },
      "properties": {
        "id": "osm-480330693",
        "lat": 21.3073111,
        "lon": -157.8272103,
        "name": "",
        "address": "2047, Ualakaa Street, Makiki, East Honolulu, Honolulu, Honolulu County, Hawaii, 96822, United States",
        "neighborhood": "honolulu",
        "source": "osm",
        "osm_id": 480330693,
        "osm_type": "way"
      }
    },
    {
      "type": "Feature",
      "geometry": {
        "type": "Point",
        "coordinates": [
          -157.8271699,
          21.3076567
        ]
      },
      "properties": {
        "id": "osm-480330694",
        "lat": 21.3076567,
        "lon": -157.8271699,
        "name": "",
        "address": "Puualii Place, Lower M\u0101noa, Makiki, Honolulu, Honolulu County, Hawaii, 96822, United States",
        "neighborhood": "honolulu",
        "source": "osm",
        "osm_id": 480330694,
        "osm_type": "way"
      }
    },
    {
      "type": "Feature",
      "geometry": {
        "type": "Point",
        "coordinates": [
          -157.8265192,
          21.3073931
        ]
      },
      "properties": {
        "id": "osm-480330695",
        "lat": 21.3073931,
        "lon": -157.8265192,
        "name": "",
        "address": "Judd Hillside Road, Lower M\u0101noa, Makiki, Honolulu, Honolulu County, Hawaii, 96822, United States",
        "neighborhood": "honolulu",
        "source": "osm",
        "osm_id": 480330695,
        "osm_type": "way"
      }
    },
    {
      "type": "Feature",
      "geometry": {
        "type": "Point",
        "coordinates": [
          -157.8265314,
          21.3077457
        ]
      },
      "properties": {
        "id": "osm-480330696",
        "lat": 21.3077457,
        "lon": -157.8265314,
        "name": "",
        "address": "1892, Judd Hillside Road, Lower M\u0101noa, Makiki, Honolulu, Honolulu County, Hawaii, 96822, United States",
        "neighborhood": "honolulu",
        "source": "osm",
        "osm_id": 480330696,
        "osm_type": "way"
      }
    },
    {
      "type": "Feature",
      "geometry": {
        "type": "Point",
        "coordinates": [
          -157.825895,
          21.3076159
        ]
      },
      "properties": {
        "id": "osm-480330697",
        "lat": 21.3076159,
        "lon": -157.825895,
        "name": "",
        "address": "Puualii Place, Lower M\u0101noa, Makiki, Honolulu, Honolulu County, Hawaii, 96822, United States",
        "neighborhood": "honolulu",
        "source": "osm",
        "osm_id": 480330697,
        "osm_type": "way"
      }
    },
    {
      "type": "Feature",
      "geometry": {
        "type": "Point",
        "coordinates": [
          -157.8259876,
          21.3083163
        ]
      },
      "properties": {
        "id": "osm-480330702",
        "lat": 21.3083163,
        "lon": -157.8259876,
        "name": "",
        "address": "2140, Puualii Place, Lower M\u0101noa, Makiki, Honolulu, Honolulu County, Hawaii, 96822, United States",
        "neighborhood": "honolulu",
        "source": "osm",
        "osm_id": 480330702,
        "osm_type": "way"
      }
    },
    {
      "type": "Feature",
      "geometry": {
        "type": "Point",
        "coordinates": [
          -157.8250858,
          21.3086049
        ]
      },
      "properties": {
        "id": "osm-480331846",
        "lat": 21.3086049,
        "lon": -157.8250858,
        "name": "",
        "address": "Aina Lani Way, Lower M\u0101noa, Makiki, Honolulu, Honolulu County, Hawaii, 96822, United States",
        "neighborhood": "honolulu",
        "source": "osm",
        "osm_id": 480331846,
        "osm_type": "way"
      }
    },
    {
      "type": "Feature",
      "geometry": {
        "type": "Point",
        "coordinates": [
          -157.8254306,
          21.3088945
        ]
      },
      "properties": {
        "id": "osm-480331847",
        "lat": 21.3088945,
        "lon": -157.8254306,
        "name": "",
        "address": "Aina Lani Way, Lower M\u0101noa, Makiki, Honolulu, Honolulu County, Hawaii, 96822, United States",
        "neighborhood": "honolulu",
        "source": "osm",
        "osm_id": 480331847,
        "osm_type": "way"
      }
    },
    {
      "type": "Feature",
      "geometry": {
        "type": "Point",
        "coordinates": [
          -157.8257357,
          21.3088074
        ]
      },
      "properties": {
        "id": "osm-480331848",
        "lat": 21.3088074,
        "lon": -157.8257357,
        "name": "",
        "address": "Aina Lani Way, Lower M\u0101noa, Makiki, Honolulu, Honolulu County, Hawaii, 96822, United States",
        "neighborhood": "honolulu",
        "source": "osm",
        "osm_id": 480331848,
        "osm_type": "way"
      }
    },
    {
      "type": "Feature",
      "geometry": {
        "type": "Point",
        "coordinates": [
          -157.8256834,
          21.3090376
        ]
      },
      "properties": {
        "id": "osm-480331849",
        "lat": 21.3090376,
        "lon": -157.8256834,
        "name": "",
        "address": "Aina Lani Way, Lower M\u0101noa, Makiki, Honolulu, Honolulu County, Hawaii, 96822, United States",
        "neighborhood": "honolulu",
        "source": "osm",
        "osm_id": 480331849,
        "osm_type": "way"
      }
    },
    {
      "type": "Feature",
      "geometry": {
        "type": "Point",
        "coordinates": [
          -157.827068,
          21.3096843
        ]
      },
      "properties": {
        "id": "osm-480331850",
        "lat": 21.3096843,
        "lon": -157.827068,
        "name": "",
        "address": "Round Top Drive, Lower M\u0101noa, M\u0101noa, East Honolulu, Honolulu, Honolulu County, Hawaii, 96822, United States",
        "neighborhood": "honolulu",
        "source": "osm",
        "osm_id": 480331850,
        "osm_type": "way"
      }
    },
    {
      "type": "Feature",
      "geometry": {
        "type": "Point",
        "coordinates": [
          -157.8288409,
          21.3106991
        ]
      },
      "properties": {
        "id": "osm-480331855",
        "lat": 21.3106991,
        "lon": -157.8288409,
        "name": "",
        "address": "Round Top Drive, Lower M\u0101noa, M\u0101noa, East Honolulu, Honolulu, Honolulu County, Hawaii, 96822, United States",
        "neighborhood": "honolulu",
        "source": "osm",
        "osm_id": 480331855,
        "osm_type": "way"
      }
    },
    {
      "type": "Feature",
      "geometry": {
        "type": "Point",
        "coordinates": [
          -157.8246985,
          21.3082322
        ]
      },
      "properties": {
        "id": "osm-481145147",
        "lat": 21.3082322,
        "lon": -157.8246985,
        "name": "",
        "address": "Sonoma Street, Lower M\u0101noa, Makiki, Honolulu, Honolulu County, Hawaii, 96822, United States",
        "neighborhood": "honolulu",
        "source": "osm",
        "osm_id": 481145147,
        "osm_type": "way"
      }
    },
    {
      "type": "Feature",
      "geometry": {
        "type": "Point",
        "coordinates": [
          -157.8250951,
          21.3073851
        ]
      },
      "properties": {
        "id": "osm-481145150",
        "lat": 21.3073851,
        "lon": -157.8250951,
        "name": "",
        "address": "1950, Judd Hillside Road, Lower M\u0101noa, Makiki, East Honolulu, Honolulu, Honolulu County, Hawaii, 96822, United States",
        "neighborhood": "honolulu",
        "source": "osm",
        "osm_id": 481145150,
        "osm_type": "way"
      }
    },
    {
      "type": "Feature",
      "geometry": {
        "type": "Point",
        "coordinates": [
          -157.8258677,
          21.3064319
        ]
      },
      "properties": {
        "id": "osm-481145154",
        "lat": 21.3064319,
        "lon": -157.8258677,
        "name": "",
        "address": "Judd Hillside Road, Lower M\u0101noa, Makiki, Honolulu, Honolulu County, Hawaii, 96822, United States",
        "neighborhood": "honolulu",
        "source": "osm",
        "osm_id": 481145154,
        "osm_type": "way"
      }
    },
    {
      "type": "Feature",
      "geometry": {
        "type": "Point",
        "coordinates": [
          -157.8248668,
          21.3066952
        ]
      },
      "properties": {
        "id": "osm-481145155",
        "lat": 21.3066952,
        "lon": -157.8248668,
        "name": "",
        "address": "Judd Hillside Road, Lower M\u0101noa, Makiki, Honolulu, Honolulu County, Hawaii, 96822, United States",
        "neighborhood": "honolulu",
        "source": "osm",
        "osm_id": 481145155,
        "osm_type": "way"
      }
    },
    {
      "type": "Feature",
      "geometry": {
        "type": "Point",
        "coordinates": [
          -157.8243632,
          21.306747
        ]
      },
      "properties": {
        "id": "osm-481145156",
        "lat": 21.306747,
        "lon": -157.8243632,
        "name": "",
        "address": "1990 A, Judd Hillside Road, Lower M\u0101noa, Makiki, East Honolulu, Honolulu, Honolulu County, Hawaii, 96822, United States",
        "neighborhood": "honolulu",
        "source": "osm",
        "osm_id": 481145156,
        "osm_type": "way"
      }
    },
    {
      "type": "Feature",
      "geometry": {
        "type": "Point",
        "coordinates": [
          -157.8250909,
          21.3089707
        ]
      },
      "properties": {
        "id": "osm-481145159",
        "lat": 21.3089707,
        "lon": -157.8250909,
        "name": "",
        "address": "Aina Lani Way, Lower M\u0101noa, Makiki, Honolulu, Honolulu County, Hawaii, 96822, United States",
        "neighborhood": "honolulu",
        "source": "osm",
        "osm_id": 481145159,
        "osm_type": "way"
      }
    },
    {
      "type": "Feature",
      "geometry": {
        "type": "Point",
        "coordinates": [
          -157.826906,
          21.3112577
        ]
      },
      "properties": {
        "id": "osm-481145165",
        "lat": 21.3112577,
        "lon": -157.826906,
        "name": "",
        "address": "Aina Lani Place, Lower M\u0101noa, Makiki, Honolulu, Honolulu County, Hawaii, 96822, United States",
        "neighborhood": "honolulu",
        "source": "osm",
        "osm_id": 481145165,
        "osm_type": "way"
      }
    },
    {
      "type": "Feature",
      "geometry": {
        "type": "Point",
        "coordinates": [
          -157.8267732,
          21.3114518
        ]
      },
      "properties": {
        "id": "osm-481145166",
        "lat": 21.3114518,
        "lon": -157.8267732,
        "name": "",
        "address": "2757, Round Top Drive, Makiki, East Honolulu, Honolulu, Honolulu County, Hawaii, 96822, United States",
        "neighborhood": "honolulu",
        "source": "osm",
        "osm_id": 481145166,
        "osm_type": "way"
      }
    },
    {
      "type": "Feature",
      "geometry": {
        "type": "Point",
        "coordinates": [
          -157.8264349,
          21.3092995
        ]
      },
      "properties": {
        "id": "osm-481145193",
        "lat": 21.3092995,
        "lon": -157.8264349,
        "name": "",
        "address": "Mamane Place, Lower M\u0101noa, Makiki, Honolulu, Honolulu County, Hawaii, 96822, United States",
        "neighborhood": "honolulu",
        "source": "osm",
        "osm_id": 481145193,
        "osm_type": "way"
      }
    },
    {
      "type": "Feature",
      "geometry": {
        "type": "Point",
        "coordinates": [
          -157.8263186,
          21.3086324
        ]
      },
      "properties": {
        "id": "osm-481145197",
        "lat": 21.3086324,
        "lon": -157.8263186,
        "name": "",
        "address": "Mamane Place, Lower M\u0101noa, Makiki, Honolulu, Honolulu County, Hawaii, 96822, United States",
        "neighborhood": "honolulu",
        "source": "osm",
        "osm_id": 481145197,
        "osm_type": "way"
      }
    },
    {
      "type": "Feature",
      "geometry": {
        "type": "Point",
        "coordinates": [
          -157.8268407,
          21.3086715
        ]
      },
      "properties": {
        "id": "osm-481145201",
        "lat": 21.3086715,
        "lon": -157.8268407,
        "name": "",
        "address": "Mamane Place, Lower M\u0101noa, Makiki, Honolulu, Honolulu County, Hawaii, 96822, United States",
        "neighborhood": "honolulu",
        "source": "osm",
        "osm_id": 481145201,
        "osm_type": "way"
      }
    },
    {
      "type": "Feature",
      "geometry": {
        "type": "Point",
        "coordinates": [
          -157.8270856,
          21.3084325
        ]
      },
      "properties": {
        "id": "osm-481145202",
        "lat": 21.3084325,
        "lon": -157.8270856,
        "name": "",
        "address": "2305, Round Top Drive, Makiki, East Honolulu, Honolulu, Honolulu County, Hawaii, 96822, United States",
        "neighborhood": "honolulu",
        "source": "osm",
        "osm_id": 481145202,
        "osm_type": "way"
      }
    },
    {
      "type": "Feature",
      "geometry": {
        "type": "Point",
        "coordinates": [
          -157.8268281,
          21.3091179
        ]
      },
      "properties": {
        "id": "osm-481145204",
        "lat": 21.3091179,
        "lon": -157.8268281,
        "name": "",
        "address": "2308, Mamane Place, Makiki, East Honolulu, Honolulu, Honolulu County, Hawaii, 96822, United States",
        "neighborhood": "honolulu",
        "source": "osm",
        "osm_id": 481145204,
        "osm_type": "way"
      }
    },
    {
      "type": "Feature",
      "geometry": {
        "type": "Point",
        "coordinates": [
          -157.8267341,
          21.3091618
        ]
      },
      "properties": {
        "id": "osm-481145205",
        "lat": 21.3091618,
        "lon": -157.8267341,
        "name": "",
        "address": "Round Top Drive, Lower M\u0101noa, M\u0101noa, East Honolulu, Honolulu, Honolulu County, Hawaii, 96822, United States",
        "neighborhood": "honolulu",
        "source": "osm",
        "osm_id": 481145205,
        "osm_type": "way"
      }
    },
    {
      "type": "Feature",
      "geometry": {
        "type": "Point",
        "coordinates": [
          -157.8268459,
          21.3095122
        ]
      },
      "properties": {
        "id": "osm-481145206",
        "lat": 21.3095122,
        "lon": -157.8268459,
        "name": "",
        "address": "Round Top Drive, Lower M\u0101noa, M\u0101noa, East Honolulu, Honolulu, Honolulu County, Hawaii, 96822, United States",
        "neighborhood": "honolulu",
        "source": "osm",
        "osm_id": 481145206,
        "osm_type": "way"
      }
    },
    {
      "type": "Feature",
      "geometry": {
        "type": "Point",
        "coordinates": [
          -157.8317136,
          21.312813
        ]
      },
      "properties": {
        "id": "osm-481856052",
        "lat": 21.312813,
        "lon": -157.8317136,
        "name": "",
        "address": "Irvine Paris Residence, 2475, Makiki Heights Drive, Makiki, East Honolulu, Honolulu, Honolulu County, Hawaii, 96822, United States",
        "neighborhood": "honolulu",
        "source": "osm",
        "osm_id": 481856052,
        "osm_type": "way"
      }
    },
    {
      "type": "Feature",
      "geometry": {
        "type": "Point",
        "coordinates": [
          -157.8318563,
          21.31342
        ]
      },
      "properties": {
        "id": "osm-481856053",
        "lat": 21.31342,
        "lon": -157.8318563,
        "name": "",
        "address": "Makiki Heights Drive, Makiki, Honolulu, Honolulu County, Hawaii, 98622, United States",
        "neighborhood": "honolulu",
        "source": "osm",
        "osm_id": 481856053,
        "osm_type": "way"
      }
    },
    {
      "type": "Feature",
      "geometry": {
        "type": "Point",
        "coordinates": [
          -157.8276075,
          21.3062652
        ]
      },
      "properties": {
        "id": "osm-481888269",
        "lat": 21.3062652,
        "lon": -157.8276075,
        "name": "",
        "address": "Alihilani Place, Lower M\u0101noa, Makiki, Honolulu, Honolulu County, Hawaii, 96822, United States",
        "neighborhood": "honolulu",
        "source": "osm",
        "osm_id": 481888269,
        "osm_type": "way"
      }
    },
    {
      "type": "Feature",
      "geometry": {
        "type": "Point",
        "coordinates": [
          -157.8277728,
          21.3061668
        ]
      },
      "properties": {
        "id": "osm-481888270",
        "lat": 21.3061668,
        "lon": -157.8277728,
        "name": "",
        "address": "Alihilani Place, Lower M\u0101noa, Makiki, Honolulu, Honolulu County, Hawaii, 96822, United States",
        "neighborhood": "honolulu",
        "source": "osm",
        "osm_id": 481888270,
        "osm_type": "way"
      }
    },
    {
      "type": "Feature",
      "geometry": {
        "type": "Point",
        "coordinates": [
          -157.8246749,
          21.3066375
        ]
      },
      "properties": {
        "id": "osm-481888297",
        "lat": 21.3066375,
        "lon": -157.8246749,
        "name": "",
        "address": "Judd Hillside Road, Lower M\u0101noa, Makiki, Honolulu, Honolulu County, Hawaii, 96822, United States",
        "neighborhood": "honolulu",
        "source": "osm",
        "osm_id": 481888297,
        "osm_type": "way"
      }
    },
    {
      "type": "Feature",
      "geometry": {
        "type": "Point",
        "coordinates": [
          -157.8278897,
          21.3083163
        ]
      },
      "properties": {
        "id": "osm-481888306",
        "lat": 21.3083163,
        "lon": -157.8278897,
        "name": "",
        "address": "2072, Makiki Place, Lower M\u0101noa, Makiki, Honolulu, Honolulu County, Hawaii, 96822, United States",
        "neighborhood": "honolulu",
        "source": "osm",
        "osm_id": 481888306,
        "osm_type": "way"
      }
    },
    {
      "type": "Feature",
      "geometry": {
        "type": "Point",
        "coordinates": [
          -157.8280657,
          21.3098219
        ]
      },
      "properties": {
        "id": "osm-482364155",
        "lat": 21.3098219,
        "lon": -157.8280657,
        "name": "",
        "address": "2222, Round Top Drive, Makiki, East Honolulu, Honolulu, Honolulu County, Hawaii, 96822, United States",
        "neighborhood": "honolulu",
        "source": "osm",
        "osm_id": 482364155,
        "osm_type": "way"
      }
    },
    {
      "type": "Feature",
      "geometry": {
        "type": "Point",
        "coordinates": [
          -157.827122,
          21.3099826
        ]
      },
      "properties": {
        "id": "osm-482364160",
        "lat": 21.3099826,
        "lon": -157.827122,
        "name": "",
        "address": "2323, Aina Lani Place, Makiki, East Honolulu, Honolulu, Honolulu County, Hawaii, 96822, United States",
        "neighborhood": "honolulu",
        "source": "osm",
        "osm_id": 482364160,
        "osm_type": "way"
      }
    },
    {
      "type": "Feature",
      "geometry": {
        "type": "Point",
        "coordinates": [
          -157.8321196,
          21.3100743
        ]
      },
      "properties": {
        "id": "osm-482364851",
        "lat": 21.3100743,
        "lon": -157.8321196,
        "name": "",
        "address": "2121, Keeaumoku Place, Makiki, East Honolulu, Honolulu, Honolulu County, Hawaii, 96822, United States",
        "neighborhood": "honolulu",
        "source": "osm",
        "osm_id": 482364851,
        "osm_type": "way"
      }
    },
    {
      "type": "Feature",
      "geometry": {
        "type": "Point",
        "coordinates": [
          -157.8293094,
          21.3089454
        ]
      },
      "properties": {
        "id": "osm-482368023",
        "lat": 21.3089454,
        "lon": -157.8293094,
        "name": "",
        "address": "Round Top Terrace, Makiki, Honolulu, Honolulu County, Hawaii, 96822, United States",
        "neighborhood": "honolulu",
        "source": "osm",
        "osm_id": 482368023,
        "osm_type": "way"
      }
    },
    {
      "type": "Feature",
      "geometry": {
        "type": "Point",
        "coordinates": [
          -157.8325844,
          21.3118551
        ]
      },
      "properties": {
        "id": "osm-482368025",
        "lat": 21.3118551,
        "lon": -157.8325844,
        "name": "",
        "address": "Makiki Heights Drive, Makiki, Honolulu, Honolulu County, Hawaii, 98622, United States",
        "neighborhood": "honolulu",
        "source": "osm",
        "osm_id": 482368025,
        "osm_type": "way"
      }
    },
    {
      "type": "Feature",
      "geometry": {
        "type": "Point",
        "coordinates": [
          -157.8327488,
          21.3129268
        ]
      },
      "properties": {
        "id": "osm-482372998",
        "lat": 21.3129268,
        "lon": -157.8327488,
        "name": "",
        "address": "Makiki Heights Drive, Makiki, Honolulu, Honolulu County, Hawaii, 98622, United States",
        "neighborhood": "honolulu",
        "source": "osm",
        "osm_id": 482372998,
        "osm_type": "way"
      }
    },
    {
      "type": "Feature",
      "geometry": {
        "type": "Point",
        "coordinates": [
          -157.8317378,
          21.312403
        ]
      },
      "properties": {
        "id": "osm-482372999",
        "lat": 21.312403,
        "lon": -157.8317378,
        "name": "",
        "address": "Makiki Heights Drive, Makiki, Honolulu, Honolulu County, Hawaii, 98622, United States",
        "neighborhood": "honolulu",
        "source": "osm",
        "osm_id": 482372999,
        "osm_type": "way"
      }
    },
    {
      "type": "Feature",
      "geometry": {
        "type": "Point",
        "coordinates": [
          -157.8321902,
          21.3151101
        ]
      },
      "properties": {
        "id": "osm-482373012",
        "lat": 21.3151101,
        "lon": -157.8321902,
        "name": "",
        "address": "Tantalus Drive, Pacific Heights, East Honolulu, Honolulu, Honolulu County, Hawaii, 96822, United States",
        "neighborhood": "honolulu",
        "source": "osm",
        "osm_id": 482373012,
        "osm_type": "way"
      }
    },
    {
      "type": "Feature",
      "geometry": {
        "type": "Point",
        "coordinates": [
          -157.8329142,
          21.3142811
        ]
      },
      "properties": {
        "id": "osm-482373013",
        "lat": 21.3142811,
        "lon": -157.8329142,
        "name": "",
        "address": "Makiki Heights Drive, Makiki, Honolulu, Honolulu County, Hawaii, 98622, United States",
        "neighborhood": "honolulu",
        "source": "osm",
        "osm_id": 482373013,
        "osm_type": "way"
      }
    },
    {
      "type": "Feature",
      "geometry": {
        "type": "Point",
        "coordinates": [
          -157.8331838,
          21.3143342
        ]
      },
      "properties": {
        "id": "osm-482373014",
        "lat": 21.3143342,
        "lon": -157.8331838,
        "name": "",
        "address": "2566, Makiki Heights Drive, Makiki, East Honolulu, Honolulu, Honolulu County, Hawaii, 96822, United States",
        "neighborhood": "honolulu",
        "source": "osm",
        "osm_id": 482373014,
        "osm_type": "way"
      }
    },
    {
      "type": "Feature",
      "geometry": {
        "type": "Point",
        "coordinates": [
          -157.8334995,
          21.3144002
        ]
      },
      "properties": {
        "id": "osm-482373015",
        "lat": 21.3144002,
        "lon": -157.8334995,
        "name": "",
        "address": "Makiki Heights Drive, Makiki, Honolulu, Honolulu County, Hawaii, 98622, United States",
        "neighborhood": "honolulu",
        "source": "osm",
        "osm_id": 482373015,
        "osm_type": "way"
      }
    },
    {
      "type": "Feature",
      "geometry": {
        "type": "Point",
        "coordinates": [
          -157.8337466,
          21.3146085
        ]
      },
      "properties": {
        "id": "osm-482373018",
        "lat": 21.3146085,
        "lon": -157.8337466,
        "name": "",
        "address": "2131, Pililani Place, Makiki, East Honolulu, Honolulu, Honolulu County, Hawaii, 96822, United States",
        "neighborhood": "honolulu",
        "source": "osm",
        "osm_id": 482373018,
        "osm_type": "way"
      }
    },
    {
      "type": "Feature",
      "geometry": {
        "type": "Point",
        "coordinates": [
          -157.833472,
          21.3149188
        ]
      },
      "properties": {
        "id": "osm-482373019",
        "lat": 21.3149188,
        "lon": -157.833472,
        "name": "",
        "address": "Makiki Heights Drive, Makiki, Honolulu, Honolulu County, Hawaii, 98622, United States",
        "neighborhood": "honolulu",
        "source": "osm",
        "osm_id": 482373019,
        "osm_type": "way"
      }
    },
    {
      "type": "Feature",
      "geometry": {
        "type": "Point",
        "coordinates": [
          -157.8335867,
          21.3151788
        ]
      },
      "properties": {
        "id": "osm-482373020",
        "lat": 21.3151788,
        "lon": -157.8335867,
        "name": "",
        "address": "2566, Makiki Heights Drive, Makiki, East Honolulu, Honolulu, Honolulu County, Hawaii, 96822, United States",
        "neighborhood": "honolulu",
        "source": "osm",
        "osm_id": 482373020,
        "osm_type": "way"
      }
    },
    {
      "type": "Feature",
      "geometry": {
        "type": "Point",
        "coordinates": [
          -157.833405,
          21.3154018
        ]
      },
      "properties": {
        "id": "osm-482373021",
        "lat": 21.3154018,
        "lon": -157.833405,
        "name": "",
        "address": "Makiki Heights Drive, Makiki, Honolulu, Honolulu County, Hawaii, 98622, United States",
        "neighborhood": "honolulu",
        "source": "osm",
        "osm_id": 482373021,
        "osm_type": "way"
      }
    },
    {
      "type": "Feature",
      "geometry": {
        "type": "Point",
        "coordinates": [
          -157.8274379,
          21.3064459
        ]
      },
      "properties": {
        "id": "osm-483117947",
        "lat": 21.3064459,
        "lon": -157.8274379,
        "name": "",
        "address": "Alihilani Place, Lower M\u0101noa, Makiki, Honolulu, Honolulu County, Hawaii, 96822, United States",
        "neighborhood": "honolulu",
        "source": "osm",
        "osm_id": 483117947,
        "osm_type": "way"
      }
    },
    {
      "type": "Feature",
      "geometry": {
        "type": "Point",
        "coordinates": [
          -157.8159225,
          21.3222393
        ]
      },
      "properties": {
        "id": "osm-483118754",
        "lat": 21.3222393,
        "lon": -157.8159225,
        "name": "",
        "address": "Round Top Drive, Lower M\u0101noa, M\u0101noa, East Honolulu, Honolulu, Honolulu County, Hawaii, 96822, United States",
        "neighborhood": "honolulu",
        "source": "osm",
        "osm_id": 483118754,
        "osm_type": "way"
      }
    },
    {
      "type": "Feature",
      "geometry": {
        "type": "Point",
        "coordinates": [
          -157.8148461,
          21.3229884
        ]
      },
      "properties": {
        "id": "osm-483123354",
        "lat": 21.3229884,
        "lon": -157.8148461,
        "name": "",
        "address": "Round Top Drive, Lower M\u0101noa, M\u0101noa, East Honolulu, Honolulu, Honolulu County, Hawaii, 96822, United States",
        "neighborhood": "honolulu",
        "source": "osm",
        "osm_id": 483123354,
        "osm_type": "way"
      }
    },
    {
      "type": "Feature",
      "geometry": {
        "type": "Point",
        "coordinates": [
          -157.8309494,
          21.3154681
        ]
      },
      "properties": {
        "id": "osm-483274784",
        "lat": 21.3154681,
        "lon": -157.8309494,
        "name": "",
        "address": "2679, Tantalus Drive, Makiki, East Honolulu, Honolulu, Honolulu County, Hawaii, 96813, United States",
        "neighborhood": "honolulu",
        "source": "osm",
        "osm_id": 483274784,
        "osm_type": "way"
      }
    },
    {
      "type": "Feature",
      "geometry": {
        "type": "Point",
        "coordinates": [
          -157.8312184,
          21.3238186
        ]
      },
      "properties": {
        "id": "osm-486891891",
        "lat": 21.3238186,
        "lon": -157.8312184,
        "name": "",
        "address": "Tantalus Drive, Pacific Heights, East Honolulu, Honolulu, Honolulu County, Hawaii, 96822, United States",
        "neighborhood": "honolulu",
        "source": "osm",
        "osm_id": 486891891,
        "osm_type": "way"
      }
    },
    {
      "type": "Feature",
      "geometry": {
        "type": "Point",
        "coordinates": [
          -157.8333841,
          21.3169306
        ]
      },
      "properties": {
        "id": "osm-486914743",
        "lat": 21.3169306,
        "lon": -157.8333841,
        "name": "",
        "address": "Aaliamanu Place, Makiki, Honolulu, Honolulu County, Hawaii, 98622, United States",
        "neighborhood": "honolulu",
        "source": "osm",
        "osm_id": 486914743,
        "osm_type": "way"
      }
    },
    {
      "type": "Feature",
      "geometry": {
        "type": "Point",
        "coordinates": [
          -157.8149093,
          21.3189925
        ]
      },
      "properties": {
        "id": "osm-486915978",
        "lat": 21.3189925,
        "lon": -157.8149093,
        "name": "",
        "address": "Round Top Drive, Lower M\u0101noa, M\u0101noa, East Honolulu, Honolulu, Honolulu County, Hawaii, 96822, United States",
        "neighborhood": "honolulu",
        "source": "osm",
        "osm_id": 486915978,
        "osm_type": "way"
      }
    },
    {
      "type": "Feature",
      "geometry": {
        "type": "Point",
        "coordinates": [
          -157.8288401,
          21.3066644
        ]
      },
      "properties": {
        "id": "osm-487541438",
        "lat": 21.3066644,
        "lon": -157.8288401,
        "name": "",
        "address": "Ualakaa Street, Lower M\u0101noa, Makiki, Honolulu, Honolulu County, Hawaii, 96822, United States",
        "neighborhood": "honolulu",
        "source": "osm",
        "osm_id": 487541438,
        "osm_type": "way"
      }
    },
    {
      "type": "Feature",
      "geometry": {
        "type": "Point",
        "coordinates": [
          -157.8467276,
          21.306619
        ]
      },
      "properties": {
        "id": "osm-487547672",
        "lat": 21.306619,
        "lon": -157.8467276,
        "name": "",
        "address": "Thurston Avenue, Makiki Kai, Honolulu, Honolulu County, Hawaii, 98622, United States",
        "neighborhood": "honolulu",
        "source": "osm",
        "osm_id": 487547672,
        "osm_type": "way"
      }
    },
    {
      "type": "Feature",
      "geometry": {
        "type": "Point",
        "coordinates": [
          -157.8383678,
          21.3041329
        ]
      },
      "properties": {
        "id": "osm-487547676",
        "lat": 21.3041329,
        "lon": -157.8383678,
        "name": "",
        "address": "Kewalo Terrace, 1525, Kewalo Street, Makiki, East Honolulu, Honolulu, Honolulu County, Hawaii, 96822, United States",
        "neighborhood": "honolulu",
        "source": "osm",
        "osm_id": 487547676,
        "osm_type": "way"
      }
    },
    {
      "type": "Feature",
      "geometry": {
        "type": "Point",
        "coordinates": [
          -157.8387292,
          21.303561
        ]
      },
      "properties": {
        "id": "osm-487547681",
        "lat": 21.303561,
        "lon": -157.8387292,
        "name": "",
        "address": "Kewalo Street, Makiki, Honolulu, Honolulu County, Hawaii, 98622, United States",
        "neighborhood": "honolulu",
        "source": "osm",
        "osm_id": 487547681,
        "osm_type": "way"
      }
    },
    {
      "type": "Feature",
      "geometry": {
        "type": "Point",
        "coordinates": [
          -157.8387508,
          21.3037308
        ]
      },
      "properties": {
        "id": "osm-487547682",
        "lat": 21.3037308,
        "lon": -157.8387508,
        "name": "",
        "address": "Kewalo Street, Makiki, Honolulu, Honolulu County, Hawaii, 98622, United States",
        "neighborhood": "honolulu",
        "source": "osm",
        "osm_id": 487547682,
        "osm_type": "way"
      }
    },
    {
      "type": "Feature",
      "geometry": {
        "type": "Point",
        "coordinates": [
          -157.8391629,
          21.3059321
        ]
      },
      "properties": {
        "id": "osm-487547695",
        "lat": 21.3059321,
        "lon": -157.8391629,
        "name": "",
        "address": "Biki, Wilder Avenue, Makiki, East Honolulu, Honolulu, Honolulu County, Hawaii, 98622, United States",
        "neighborhood": "honolulu",
        "source": "osm",
        "osm_id": 487547695,
        "osm_type": "way"
      }
    },
    {
      "type": "Feature",
      "geometry": {
        "type": "Point",
        "coordinates": [
          -157.8468107,
          21.3076789
        ]
      },
      "properties": {
        "id": "osm-487555004",
        "lat": 21.3076789,
        "lon": -157.8468107,
        "name": "",
        "address": "Prospect Street, Makiki Kai, Honolulu, Honolulu County, Hawaii, 98622, United States",
        "neighborhood": "honolulu",
        "source": "osm",
        "osm_id": 487555004,
        "osm_type": "way"
      }
    },
    {
      "type": "Feature",
      "geometry": {
        "type": "Point",
        "coordinates": [
          -157.8493095,
          21.3096098
        ]
      },
      "properties": {
        "id": "osm-487555026",
        "lat": 21.3096098,
        "lon": -157.8493095,
        "name": "",
        "address": "Prospect Street, Makiki Kai, Honolulu, Honolulu County, Hawaii, 96843, United States",
        "neighborhood": "honolulu",
        "source": "osm",
        "osm_id": 487555026,
        "osm_type": "way"
      }
    },
    {
      "type": "Feature",
      "geometry": {
        "type": "Point",
        "coordinates": [
          -157.8352889,
          21.3067609
        ]
      },
      "properties": {
        "id": "osm-487555039",
        "lat": 21.3067609,
        "lon": -157.8352889,
        "name": "",
        "address": "Mokulani Apts, 1716, Keeaumoku Street, Makiki, Honolulu, Honolulu County, Hawaii, 96822, United States",
        "neighborhood": "honolulu",
        "source": "osm",
        "osm_id": 487555039,
        "osm_type": "way"
      }
    },
    {
      "type": "Feature",
      "geometry": {
        "type": "Point",
        "coordinates": [
          -157.8382963,
          21.3069166
        ]
      },
      "properties": {
        "id": "osm-487555042",
        "lat": 21.3069166,
        "lon": -157.8382963,
        "name": "",
        "address": "130, Liholiho Street, Makiki, Honolulu, Honolulu County, Hawaii, 96822, United States",
        "neighborhood": "honolulu",
        "source": "osm",
        "osm_id": 487555042,
        "osm_type": "way"
      }
    },
    {
      "type": "Feature",
      "geometry": {
        "type": "Point",
        "coordinates": [
          -157.8366843,
          21.3055138
        ]
      },
      "properties": {
        "id": "osm-487555043",
        "lat": 21.3055138,
        "lon": -157.8366843,
        "name": "",
        "address": "1330 Wilder, 1330, Wilder Avenue, Makiki, Honolulu, Honolulu County, Hawaii, 96822, United States",
        "neighborhood": "honolulu",
        "source": "osm",
        "osm_id": 487555043,
        "osm_type": "way"
      }
    },
    {
      "type": "Feature",
      "geometry": {
        "type": "Point",
        "coordinates": [
          -157.8344804,
          21.3048705
        ]
      },
      "properties": {
        "id": "osm-487555046",
        "lat": 21.3048705,
        "lon": -157.8344804,
        "name": "",
        "address": "Consulate, 1634, Makiki Street, Makiki, Honolulu, Honolulu County, Hawaii, 96822, United States",
        "neighborhood": "honolulu",
        "source": "osm",
        "osm_id": 487555046,
        "osm_type": "way"
      }
    },
    {
      "type": "Feature",
      "geometry": {
        "type": "Point",
        "coordinates": [
          -157.8347109,
          21.3046764
        ]
      },
      "properties": {
        "id": "osm-487555051",
        "lat": 21.3046764,
        "lon": -157.8347109,
        "name": "",
        "address": "Punahou Terrace, 1630, Makiki Street, Makiki, Honolulu, Honolulu County, Hawaii, 96822, United States",
        "neighborhood": "honolulu",
        "source": "osm",
        "osm_id": 487555051,
        "osm_type": "way"
      }
    },
    {
      "type": "Feature",
      "geometry": {
        "type": "Point",
        "coordinates": [
          -157.8367449,
          21.3077106
        ]
      },
      "properties": {
        "id": "osm-487609413",
        "lat": 21.3077106,
        "lon": -157.8367449,
        "name": "",
        "address": "Mott-Smith Laniloa, 1717, Mott Smith Drive, Makiki, Honolulu, Honolulu County, Hawaii, 96822, United States",
        "neighborhood": "honolulu",
        "source": "osm",
        "osm_id": 487609413,
        "osm_type": "way"
      }
    },
    {
      "type": "Feature",
      "geometry": {
        "type": "Point",
        "coordinates": [
          -157.8355005,
          21.3089347
        ]
      },
      "properties": {
        "id": "osm-487609414",
        "lat": 21.3089347,
        "lon": -157.8355005,
        "name": "",
        "address": "1250, Nehoa Street, Makiki, East Honolulu, Honolulu, Honolulu County, Hawaii, 96822, United States",
        "neighborhood": "honolulu",
        "source": "osm",
        "osm_id": 487609414,
        "osm_type": "way"
      }
    },
    {
      "type": "Feature",
      "geometry": {
        "type": "Point",
        "coordinates": [
          -157.8399501,
          21.2885702
        ]
      },
      "properties": {
        "id": "osm-487882465",
        "lat": 21.2885702,
        "lon": -157.8399501,
        "name": "",
        "address": "1600, Ala Moana Boulevard, Ala Moana, East Honolulu, Honolulu, Honolulu County, Hawaii, 96815, United States",
        "neighborhood": "honolulu",
        "source": "osm",
        "osm_id": 487882465,
        "osm_type": "way"
      }
    },
    {
      "type": "Feature",
      "geometry": {
        "type": "Point",
        "coordinates": [
          -157.8537035,
          21.3163871
        ]
      },
      "properties": {
        "id": "osm-488185495",
        "lat": 21.3163871,
        "lon": -157.8537035,
        "name": "",
        "address": "Hialoa Street, Chinatown, Honolulu, Honolulu County, Hawaii, 96817, United States",
        "neighborhood": "honolulu",
        "source": "osm",
        "osm_id": 488185495,
        "osm_type": "way"
      }
    },
    {
      "type": "Feature",
      "geometry": {
        "type": "Point",
        "coordinates": [
          -157.8445663,
          21.3048795
        ]
      },
      "properties": {
        "id": "osm-488185504",
        "lat": 21.3048795,
        "lon": -157.8445663,
        "name": "",
        "address": "1400, Lunalilo Street, Makiki Kai, East Honolulu, Honolulu, Honolulu County, Hawaii, 96822, United States",
        "neighborhood": "honolulu",
        "source": "osm",
        "osm_id": 488185504,
        "osm_type": "way"
      }
    },
    {
      "type": "Feature",
      "geometry": {
        "type": "Point",
        "coordinates": [
          -157.8314324,
          21.3055923
        ]
      },
      "properties": {
        "id": "osm-488191234",
        "lat": 21.3055923,
        "lon": -157.8314324,
        "name": "",
        "address": "Poki Street, Makiki, Honolulu, Honolulu County, Hawaii, 96822, United States",
        "neighborhood": "honolulu",
        "source": "osm",
        "osm_id": 488191234,
        "osm_type": "way"
      }
    },
    {
      "type": "Feature",
      "geometry": {
        "type": "Point",
        "coordinates": [
          -157.8338868,
          21.3102955
        ]
      },
      "properties": {
        "id": "osm-488194567",
        "lat": 21.3102955,
        "lon": -157.8338868,
        "name": "",
        "address": "Mauna Place, Makiki, Honolulu, Honolulu County, Hawaii, 98622, United States",
        "neighborhood": "honolulu",
        "source": "osm",
        "osm_id": 488194567,
        "osm_type": "way"
      }
    },
    {
      "type": "Feature",
      "geometry": {
        "type": "Point",
        "coordinates": [
          -157.8328805,
          21.3105401
        ]
      },
      "properties": {
        "id": "osm-488194568",
        "lat": 21.3105401,
        "lon": -157.8328805,
        "name": "",
        "address": "Hoalu Place, Makiki, Honolulu, Honolulu County, Hawaii, 98622, United States",
        "neighborhood": "honolulu",
        "source": "osm",
        "osm_id": 488194568,
        "osm_type": "way"
      }
    },
    {
      "type": "Feature",
      "geometry": {
        "type": "Point",
        "coordinates": [
          -157.8342594,
          21.3098745
        ]
      },
      "properties": {
        "id": "osm-488194572",
        "lat": 21.3098745,
        "lon": -157.8342594,
        "name": "",
        "address": "Mauna Place, Makiki, Honolulu, Honolulu County, Hawaii, 98622, United States",
        "neighborhood": "honolulu",
        "source": "osm",
        "osm_id": 488194572,
        "osm_type": "way"
      }
    },
    {
      "type": "Feature",
      "geometry": {
        "type": "Point",
        "coordinates": [
          -157.8352441,
          21.3062105
        ]
      },
      "properties": {
        "id": "osm-488194576",
        "lat": 21.3062105,
        "lon": -157.8352441,
        "name": "",
        "address": "Makiki Regent, 1333, Heulu Street, Makiki, East Honolulu, Honolulu, Honolulu County, Hawaii, 96822, United States",
        "neighborhood": "honolulu",
        "source": "osm",
        "osm_id": 488194576,
        "osm_type": "way"
      }
    },
    {
      "type": "Feature",
      "geometry": {
        "type": "Point",
        "coordinates": [
          -157.8341844,
          21.3060142
        ]
      },
      "properties": {
        "id": "osm-488194593",
        "lat": 21.3060142,
        "lon": -157.8341844,
        "name": "",
        "address": "Rainbow Properties, 1422, Heulu Street, Makiki, East Honolulu, Honolulu, Honolulu County, Hawaii, 96822, United States",
        "neighborhood": "honolulu",
        "source": "osm",
        "osm_id": 488194593,
        "osm_type": "way"
      }
    },
    {
      "type": "Feature",
      "geometry": {
        "type": "Point",
        "coordinates": [
          -157.8336119,
          21.3055121
        ]
      },
      "properties": {
        "id": "osm-488194595",
        "lat": 21.3055121,
        "lon": -157.8336119,
        "name": "",
        "address": "Makiki Street, Makiki, Honolulu, Honolulu County, Hawaii, 96822, United States",
        "neighborhood": "honolulu",
        "source": "osm",
        "osm_id": 488194595,
        "osm_type": "way"
      }
    },
    {
      "type": "Feature",
      "geometry": {
        "type": "Point",
        "coordinates": [
          -157.8340812,
          21.3054346
        ]
      },
      "properties": {
        "id": "osm-488194596",
        "lat": 21.3054346,
        "lon": -157.8340812,
        "name": "",
        "address": "Heulu Street, Makiki, Honolulu, Honolulu County, Hawaii, 98622, United States",
        "neighborhood": "honolulu",
        "source": "osm",
        "osm_id": 488194596,
        "osm_type": "way"
      }
    },
    {
      "type": "Feature",
      "geometry": {
        "type": "Point",
        "coordinates": [
          -157.8367482,
          21.3071804
        ]
      },
      "properties": {
        "id": "osm-488194612",
        "lat": 21.3071804,
        "lon": -157.8367482,
        "name": "",
        "address": "1251 Heulu, 1251, Heulu Street, Makiki, East Honolulu, Honolulu, Honolulu County, Hawaii, 96822, United States",
        "neighborhood": "honolulu",
        "source": "osm",
        "osm_id": 488194612,
        "osm_type": "way"
      }
    },
    {
      "type": "Feature",
      "geometry": {
        "type": "Point",
        "coordinates": [
          -157.8401226,
          21.3068568
        ]
      },
      "properties": {
        "id": "osm-488194614",
        "lat": 21.3068568,
        "lon": -157.8401226,
        "name": "",
        "address": "Makiki Manor, 1130, Wilder Avenue, Makiki Kai, Honolulu, Honolulu County, Hawaii, 96822, United States",
        "neighborhood": "honolulu",
        "source": "osm",
        "osm_id": 488194614,
        "osm_type": "way"
      }
    },
    {
      "type": "Feature",
      "geometry": {
        "type": "Point",
        "coordinates": [
          -157.8394202,
          21.3066378
        ]
      },
      "properties": {
        "id": "osm-488194617",
        "lat": 21.3066378,
        "lon": -157.8394202,
        "name": "",
        "address": "Makikian, 1190, Wilder Avenue, Makiki Kai, Honolulu, Honolulu County, Hawaii, 96822, United States",
        "neighborhood": "honolulu",
        "source": "osm",
        "osm_id": 488194617,
        "osm_type": "way"
      }
    },
    {
      "type": "Feature",
      "geometry": {
        "type": "Point",
        "coordinates": [
          -157.8422699,
          21.3054517
        ]
      },
      "properties": {
        "id": "osm-488194619",
        "lat": 21.3054517,
        "lon": -157.8422699,
        "name": "",
        "address": "Hassinger Street, Makiki Kai, Honolulu, Honolulu County, Hawaii, 98622, United States",
        "neighborhood": "honolulu",
        "source": "osm",
        "osm_id": 488194619,
        "osm_type": "way"
      }
    },
    {
      "type": "Feature",
      "geometry": {
        "type": "Point",
        "coordinates": [
          -157.8413248,
          21.3040241
        ]
      },
      "properties": {
        "id": "osm-488194620",
        "lat": 21.3040241,
        "lon": -157.8413248,
        "name": "",
        "address": "Piikoi Street, Makiki Kai, Honolulu, Honolulu County, Hawaii, 98622, United States",
        "neighborhood": "honolulu",
        "source": "osm",
        "osm_id": 488194620,
        "osm_type": "way"
      }
    },
    {
      "type": "Feature",
      "geometry": {
        "type": "Point",
        "coordinates": [
          -157.8392306,
          21.3030487
        ]
      },
      "properties": {
        "id": "osm-488197996",
        "lat": 21.3030487,
        "lon": -157.8392306,
        "name": "",
        "address": "Lunalilo Street, Pawaa, Honolulu, Honolulu County, Hawaii, 98622, United States",
        "neighborhood": "honolulu",
        "source": "osm",
        "osm_id": 488197996,
        "osm_type": "way"
      }
    },
    {
      "type": "Feature",
      "geometry": {
        "type": "Point",
        "coordinates": [
          -157.8389461,
          21.2836997
        ]
      },
      "properties": {
        "id": "osm-488199603",
        "lat": 21.2836997,
        "lon": -157.8389461,
        "name": "",
        "address": "Kahanamoku Street, McCully, Honolulu, Honolulu County, Hawaii, 96841, United States",
        "neighborhood": "honolulu",
        "source": "osm",
        "osm_id": 488199603,
        "osm_type": "way"
      }
    },
    {
      "type": "Feature",
      "geometry": {
        "type": "Point",
        "coordinates": [
          -157.8298062,
          21.3061851
        ]
      },
      "properties": {
        "id": "osm-488540492",
        "lat": 21.3061851,
        "lon": -157.8298062,
        "name": "",
        "address": "Ualakaa Street, Lower M\u0101noa, Makiki, Honolulu, Honolulu County, Hawaii, 96822, United States",
        "neighborhood": "honolulu",
        "source": "osm",
        "osm_id": 488540492,
        "osm_type": "way"
      }
    },
    {
      "type": "Feature",
      "geometry": {
        "type": "Point",
        "coordinates": [
          -157.8305934,
          21.3066982
        ]
      },
      "properties": {
        "id": "osm-488540511",
        "lat": 21.3066982,
        "lon": -157.8305934,
        "name": "",
        "address": "1930 A, Ualakaa Street, Makiki, East Honolulu, Honolulu, Honolulu County, Hawaii, 96822, United States",
        "neighborhood": "honolulu",
        "source": "osm",
        "osm_id": 488540511,
        "osm_type": "way"
      }
    },
    {
      "type": "Feature",
      "geometry": {
        "type": "Point",
        "coordinates": [
          -157.8297895,
          21.3069833
        ]
      },
      "properties": {
        "id": "osm-488540527",
        "lat": 21.3069833,
        "lon": -157.8297895,
        "name": "",
        "address": "Ualakaa Place, Makiki, Honolulu, Honolulu County, Hawaii, 96822, United States",
        "neighborhood": "honolulu",
        "source": "osm",
        "osm_id": 488540527,
        "osm_type": "way"
      }
    },
    {
      "type": "Feature",
      "geometry": {
        "type": "Point",
        "coordinates": [
          -157.8301982,
          21.3072963
        ]
      },
      "properties": {
        "id": "osm-488540528",
        "lat": 21.3072963,
        "lon": -157.8301982,
        "name": "",
        "address": "1944 D, Ualakaa Street, Makiki, East Honolulu, Honolulu, Honolulu County, Hawaii, 96822, United States",
        "neighborhood": "honolulu",
        "source": "osm",
        "osm_id": 488540528,
        "osm_type": "way"
      }
    },
    {
      "type": "Feature",
      "geometry": {
        "type": "Point",
        "coordinates": [
          -157.8282314,
          21.3075477
        ]
      },
      "properties": {
        "id": "osm-488552098",
        "lat": 21.3075477,
        "lon": -157.8282314,
        "name": "",
        "address": "Haiki Place, Lower M\u0101noa, Makiki, Honolulu, Honolulu County, Hawaii, 96822, United States",
        "neighborhood": "honolulu",
        "source": "osm",
        "osm_id": 488552098,
        "osm_type": "way"
      }
    },
    {
      "type": "Feature",
      "geometry": {
        "type": "Point",
        "coordinates": [
          -157.8278416,
          21.3074486
        ]
      },
      "properties": {
        "id": "osm-488552099",
        "lat": 21.3074486,
        "lon": -157.8278416,
        "name": "",
        "address": "Ualakaa Street, Lower M\u0101noa, Makiki, Honolulu, Honolulu County, Hawaii, 96822, United States",
        "neighborhood": "honolulu",
        "source": "osm",
        "osm_id": 488552099,
        "osm_type": "way"
      }
    },
    {
      "type": "Feature",
      "geometry": {
        "type": "Point",
        "coordinates": [
          -157.8280323,
          21.3074647
        ]
      },
      "properties": {
        "id": "osm-488552100",
        "lat": 21.3074647,
        "lon": -157.8280323,
        "name": "",
        "address": "Ualakaa Street, Lower M\u0101noa, Makiki, Honolulu, Honolulu County, Hawaii, 96822, United States",
        "neighborhood": "honolulu",
        "source": "osm",
        "osm_id": 488552100,
        "osm_type": "way"
      }
    },
    {
      "type": "Feature",
      "geometry": {
        "type": "Point",
        "coordinates": [
          -157.8299096,
          21.3097079
        ]
      },
      "properties": {
        "id": "osm-488795884",
        "lat": 21.3097079,
        "lon": -157.8299096,
        "name": "",
        "address": "2035, Round Top Drive, Makiki, East Honolulu, Honolulu, Honolulu County, Hawaii, 96822, United States",
        "neighborhood": "honolulu",
        "source": "osm",
        "osm_id": 488795884,
        "osm_type": "way"
      }
    },
    {
      "type": "Feature",
      "geometry": {
        "type": "Point",
        "coordinates": [
          -157.8233738,
          21.3014632
        ]
      },
      "properties": {
        "id": "osm-488812698",
        "lat": 21.3014632,
        "lon": -157.8233738,
        "name": "",
        "address": "Hunnewell Street, Lower M\u0101noa, Makiki, Honolulu, Honolulu County, Hawaii, 96822, United States",
        "neighborhood": "honolulu",
        "source": "osm",
        "osm_id": 488812698,
        "osm_type": "way"
      }
    },
    {
      "type": "Feature",
      "geometry": {
        "type": "Point",
        "coordinates": [
          -157.8232817,
          21.3037945
        ]
      },
      "properties": {
        "id": "osm-488812738",
        "lat": 21.3037945,
        "lon": -157.8232817,
        "name": "",
        "address": "Haena Drive, Lower M\u0101noa, Makiki, Honolulu, Honolulu County, Hawaii, 96822, United States",
        "neighborhood": "honolulu",
        "source": "osm",
        "osm_id": 488812738,
        "osm_type": "way"
      }
    },
    {
      "type": "Feature",
      "geometry": {
        "type": "Point",
        "coordinates": [
          -157.8289644,
          21.3073954
        ]
      },
      "properties": {
        "id": "osm-488823458",
        "lat": 21.3073954,
        "lon": -157.8289644,
        "name": "",
        "address": "Haiki Place, Lower M\u0101noa, Makiki, Honolulu, Honolulu County, Hawaii, 96822, United States",
        "neighborhood": "honolulu",
        "source": "osm",
        "osm_id": 488823458,
        "osm_type": "way"
      }
    },
    {
      "type": "Feature",
      "geometry": {
        "type": "Point",
        "coordinates": [
          -157.8286759,
          21.3073143
        ]
      },
      "properties": {
        "id": "osm-488823477",
        "lat": 21.3073143,
        "lon": -157.8286759,
        "name": "",
        "address": "Ualakaa Street, Lower M\u0101noa, Makiki, Honolulu, Honolulu County, Hawaii, 96822, United States",
        "neighborhood": "honolulu",
        "source": "osm",
        "osm_id": 488823477,
        "osm_type": "way"
      }
    },
    {
      "type": "Feature",
      "geometry": {
        "type": "Point",
        "coordinates": [
          -157.8284733,
          21.3079326
        ]
      },
      "properties": {
        "id": "osm-488832427",
        "lat": 21.3079326,
        "lon": -157.8284733,
        "name": "",
        "address": "Haiki Place, Lower M\u0101noa, Makiki, Honolulu, Honolulu County, Hawaii, 96822, United States",
        "neighborhood": "honolulu",
        "source": "osm",
        "osm_id": 488832427,
        "osm_type": "way"
      }
    },
    {
      "type": "Feature",
      "geometry": {
        "type": "Point",
        "coordinates": [
          -157.8347187,
          21.3091263
        ]
      },
      "properties": {
        "id": "osm-488832451",
        "lat": 21.3091263,
        "lon": -157.8347187,
        "name": "",
        "address": "Nehoa Place, Makiki, Honolulu, Honolulu County, Hawaii, 98622, United States",
        "neighborhood": "honolulu",
        "source": "osm",
        "osm_id": 488832451,
        "osm_type": "way"
      }
    },
    {
      "type": "Feature",
      "geometry": {
        "type": "Point",
        "coordinates": [
          -157.8336268,
          21.3037015
        ]
      },
      "properties": {
        "id": "osm-488838029",
        "lat": 21.3037015,
        "lon": -157.8336268,
        "name": "",
        "address": "Wilder Avenue, Makiki, Honolulu, Honolulu County, Hawaii, 98622, United States",
        "neighborhood": "honolulu",
        "source": "osm",
        "osm_id": 488838029,
        "osm_type": "way"
      }
    },
    {
      "type": "Feature",
      "geometry": {
        "type": "Point",
        "coordinates": [
          -157.8351442,
          21.3044472
        ]
      },
      "properties": {
        "id": "osm-488838076",
        "lat": 21.3044472,
        "lon": -157.8351442,
        "name": "Makiki Towers pool",
        "address": "Makiki Towers pool, Wilder Avenue, Makiki, East Honolulu, Honolulu, Honolulu County, Hawaii, 98622, United States",
        "neighborhood": "honolulu",
        "source": "osm",
        "osm_id": 488838076,
        "osm_type": "way"
      }
    },
    {
      "type": "Feature",
      "geometry": {
        "type": "Point",
        "coordinates": [
          -157.8359051,
          21.3068884
        ]
      },
      "properties": {
        "id": "osm-488841509",
        "lat": 21.3068884,
        "lon": -157.8359051,
        "name": "",
        "address": "Makiki Royal, 1310, Heulu Street, Makiki, Honolulu, Honolulu County, Hawaii, 96822, United States",
        "neighborhood": "honolulu",
        "source": "osm",
        "osm_id": 488841509,
        "osm_type": "way"
      }
    },
    {
      "type": "Feature",
      "geometry": {
        "type": "Point",
        "coordinates": [
          -157.8358243,
          21.3090128
        ]
      },
      "properties": {
        "id": "osm-489210261",
        "lat": 21.3090128,
        "lon": -157.8358243,
        "name": "",
        "address": "Nehoa Street, Makiki, Honolulu, Honolulu County, Hawaii, 98622, United States",
        "neighborhood": "honolulu",
        "source": "osm",
        "osm_id": 489210261,
        "osm_type": "way"
      }
    },
    {
      "type": "Feature",
      "geometry": {
        "type": "Point",
        "coordinates": [
          -157.8377234,
          21.3090089
        ]
      },
      "properties": {
        "id": "osm-489210287",
        "lat": 21.3090089,
        "lon": -157.8377234,
        "name": "",
        "address": "Clio Street, Makiki, Honolulu, Honolulu County, Hawaii, 98622, United States",
        "neighborhood": "honolulu",
        "source": "osm",
        "osm_id": 489210287,
        "osm_type": "way"
      }
    },
    {
      "type": "Feature",
      "geometry": {
        "type": "Point",
        "coordinates": [
          -157.8288916,
          21.307829
        ]
      },
      "properties": {
        "id": "osm-489915303",
        "lat": 21.307829,
        "lon": -157.8288916,
        "name": "",
        "address": "2299C, Haiki Place, Makiki, East Honolulu, Honolulu, Honolulu County, Hawaii, 96822, United States",
        "neighborhood": "honolulu",
        "source": "osm",
        "osm_id": 489915303,
        "osm_type": "way"
      }
    },
    {
      "type": "Feature",
      "geometry": {
        "type": "Point",
        "coordinates": [
          -157.8356165,
          21.3028405
        ]
      },
      "properties": {
        "id": "osm-489982367",
        "lat": 21.3028405,
        "lon": -157.8356165,
        "name": "",
        "address": "Makiki Street, Makiki, Honolulu, Honolulu County, Hawaii, 98622, United States",
        "neighborhood": "honolulu",
        "source": "osm",
        "osm_id": 489982367,
        "osm_type": "way"
      }
    },
    {
      "type": "Feature",
      "geometry": {
        "type": "Point",
        "coordinates": [
          -157.8344652,
          21.30296
        ]
      },
      "properties": {
        "id": "osm-489982379",
        "lat": 21.30296,
        "lon": -157.8344652,
        "name": "",
        "address": "Punahou Cliffs, 1525, Wilder Avenue, Makiki, East Honolulu, Honolulu, Honolulu County, Hawaii, 96822, United States",
        "neighborhood": "honolulu",
        "source": "osm",
        "osm_id": 489982379,
        "osm_type": "way"
      }
    },
    {
      "type": "Feature",
      "geometry": {
        "type": "Point",
        "coordinates": [
          -157.833084,
          21.3012732
        ]
      },
      "properties": {
        "id": "osm-489982382",
        "lat": 21.3012732,
        "lon": -157.833084,
        "name": "",
        "address": "Clark Street, McCully, East Honolulu, Honolulu, Honolulu County, Hawaii, 96822, United States",
        "neighborhood": "honolulu",
        "source": "osm",
        "osm_id": 489982382,
        "osm_type": "way"
      }
    },
    {
      "type": "Feature",
      "geometry": {
        "type": "Point",
        "coordinates": [
          -157.8283929,
          21.3111658
        ]
      },
      "properties": {
        "id": "osm-490277983",
        "lat": 21.3111658,
        "lon": -157.8283929,
        "name": "",
        "address": "Round Top Drive, Lower M\u0101noa, M\u0101noa, East Honolulu, Honolulu, Honolulu County, Hawaii, 96822, United States",
        "neighborhood": "honolulu",
        "source": "osm",
        "osm_id": 490277983,
        "osm_type": "way"
      }
    },
    {
      "type": "Feature",
      "geometry": {
        "type": "Point",
        "coordinates": [
          -157.8366249,
          21.2995074
        ]
      },
      "properties": {
        "id": "osm-490286758",
        "lat": 21.2995074,
        "lon": -157.8366249,
        "name": "",
        "address": "South Beretania Street, Pawaa, Honolulu, Honolulu County, Hawaii, 96814, United States",
        "neighborhood": "honolulu",
        "source": "osm",
        "osm_id": 490286758,
        "osm_type": "way"
      }
    },
    {
      "type": "Feature",
      "geometry": {
        "type": "Point",
        "coordinates": [
          -157.8321487,
          21.297937
        ]
      },
      "properties": {
        "id": "osm-490304037",
        "lat": 21.297937,
        "lon": -157.8321487,
        "name": "",
        "address": "Alexander Street, McCully, Honolulu, Honolulu County, Hawaii, 96826, United States",
        "neighborhood": "honolulu",
        "source": "osm",
        "osm_id": 490304037,
        "osm_type": "way"
      }
    },
    {
      "type": "Feature",
      "geometry": {
        "type": "Point",
        "coordinates": [
          -157.8327555,
          21.29833
        ]
      },
      "properties": {
        "id": "osm-490304038",
        "lat": 21.29833,
        "lon": -157.8327555,
        "name": "",
        "address": "South Beretania Street, McCully, Honolulu, Honolulu County, Hawaii, 96826, United States",
        "neighborhood": "honolulu",
        "source": "osm",
        "osm_id": 490304038,
        "osm_type": "way"
      }
    },
    {
      "type": "Feature",
      "geometry": {
        "type": "Point",
        "coordinates": [
          -157.8309765,
          21.3000342
        ]
      },
      "properties": {
        "id": "osm-490304040",
        "lat": 21.3000342,
        "lon": -157.8309765,
        "name": "",
        "address": "Tiare Apts, 1735, Dole Street, McCully, East Honolulu, Honolulu, Honolulu County, Hawaii, 96826, United States",
        "neighborhood": "honolulu",
        "source": "osm",
        "osm_id": 490304040,
        "osm_type": "way"
      }
    },
    {
      "type": "Feature",
      "geometry": {
        "type": "Point",
        "coordinates": [
          -157.831808,
          21.3019704
        ]
      },
      "properties": {
        "id": "osm-490304042",
        "lat": 21.3019704,
        "lon": -157.831808,
        "name": "",
        "address": "Spreckels Street, Makiki, East Honolulu, Honolulu, Honolulu County, Hawaii, 96822, United States",
        "neighborhood": "honolulu",
        "source": "osm",
        "osm_id": 490304042,
        "osm_type": "way"
      }
    },
    {
      "type": "Feature",
      "geometry": {
        "type": "Point",
        "coordinates": [
          -157.8480156,
          21.3076834
        ]
      },
      "properties": {
        "id": "osm-490412581",
        "lat": 21.3076834,
        "lon": -157.8480156,
        "name": "",
        "address": "Ward Avenue, Makiki Kai, Honolulu, Honolulu County, Hawaii, 96843, United States",
        "neighborhood": "honolulu",
        "source": "osm",
        "osm_id": 490412581,
        "osm_type": "way"
      }
    },
    {
      "type": "Feature",
      "geometry": {
        "type": "Point",
        "coordinates": [
          -157.8500869,
          21.3097264
        ]
      },
      "properties": {
        "id": "osm-490412593",
        "lat": 21.3097264,
        "lon": -157.8500869,
        "name": "",
        "address": "Iolani Avenue, Makiki Kai, Honolulu, Honolulu County, Hawaii, 96843, United States",
        "neighborhood": "honolulu",
        "source": "osm",
        "osm_id": 490412593,
        "osm_type": "way"
      }
    },
    {
      "type": "Feature",
      "geometry": {
        "type": "Point",
        "coordinates": [
          -157.8514371,
          21.3101738
        ]
      },
      "properties": {
        "id": "osm-490412594",
        "lat": 21.3101738,
        "lon": -157.8514371,
        "name": "",
        "address": "Miller Street, Hawaii Capital Historic District, Honolulu, Honolulu County, Hawaii, 96843, United States",
        "neighborhood": "honolulu",
        "source": "osm",
        "osm_id": 490412594,
        "osm_type": "way"
      }
    },
    {
      "type": "Feature",
      "geometry": {
        "type": "Point",
        "coordinates": [
          -157.8484169,
          21.3070496
        ]
      },
      "properties": {
        "id": "osm-490412595",
        "lat": 21.3070496,
        "lon": -157.8484169,
        "name": "",
        "address": "Green Street, Makiki Kai, Honolulu, Honolulu County, Hawaii, 96843, United States",
        "neighborhood": "honolulu",
        "source": "osm",
        "osm_id": 490412595,
        "osm_type": "way"
      }
    },
    {
      "type": "Feature",
      "geometry": {
        "type": "Point",
        "coordinates": [
          -157.846219,
          21.3064058
        ]
      },
      "properties": {
        "id": "osm-490412598",
        "lat": 21.3064058,
        "lon": -157.846219,
        "name": "",
        "address": "Thurston Avenue, Makiki Kai, Honolulu, Honolulu County, Hawaii, 98622, United States",
        "neighborhood": "honolulu",
        "source": "osm",
        "osm_id": 490412598,
        "osm_type": "way"
      }
    },
    {
      "type": "Feature",
      "geometry": {
        "type": "Point",
        "coordinates": [
          -157.8459916,
          21.3070579
        ]
      },
      "properties": {
        "id": "osm-490412610",
        "lat": 21.3070579,
        "lon": -157.8459916,
        "name": "",
        "address": "Victoria Mansion, 1456, Thurston Avenue, Makiki Kai, East Honolulu, Honolulu, Honolulu County, Hawaii, 96822, United States",
        "neighborhood": "honolulu",
        "source": "osm",
        "osm_id": 490412610,
        "osm_type": "way"
      }
    },
    {
      "type": "Feature",
      "geometry": {
        "type": "Point",
        "coordinates": [
          -157.8445468,
          21.3053672
        ]
      },
      "properties": {
        "id": "osm-490412616",
        "lat": 21.3053672,
        "lon": -157.8445468,
        "name": "",
        "address": "Green Street, Makiki Kai, Honolulu, Honolulu County, Hawaii, 98622, United States",
        "neighborhood": "honolulu",
        "source": "osm",
        "osm_id": 490412616,
        "osm_type": "way"
      }
    },
    {
      "type": "Feature",
      "geometry": {
        "type": "Point",
        "coordinates": [
          -157.8433465,
          21.3086872
        ]
      },
      "properties": {
        "id": "osm-490415167",
        "lat": 21.3086872,
        "lon": -157.8433465,
        "name": "",
        "address": "Wilder Avenue, Makiki Kai, Honolulu, Honolulu County, Hawaii, 98622, United States",
        "neighborhood": "honolulu",
        "source": "osm",
        "osm_id": 490415167,
        "osm_type": "way"
      }
    },
    {
      "type": "Feature",
      "geometry": {
        "type": "Point",
        "coordinates": [
          -157.842724,
          21.3091279
        ]
      },
      "properties": {
        "id": "osm-490415168",
        "lat": 21.3091279,
        "lon": -157.842724,
        "name": "",
        "address": "1001 Wilder, 1001, Wilder Avenue, Makiki Kai, East Honolulu, Honolulu, Honolulu County, Hawaii, 96822, United States",
        "neighborhood": "honolulu",
        "source": "osm",
        "osm_id": 490415168,
        "osm_type": "way"
      }
    },
    {
      "type": "Feature",
      "geometry": {
        "type": "Point",
        "coordinates": [
          -157.8417602,
          21.3093774
        ]
      },
      "properties": {
        "id": "osm-490415170",
        "lat": 21.3093774,
        "lon": -157.8417602,
        "name": "",
        "address": "1151, Prospect Place, Makiki Kai, Honolulu, Honolulu County, Hawaii, 96822, United States",
        "neighborhood": "honolulu",
        "source": "osm",
        "osm_id": 490415170,
        "osm_type": "way"
      }
    },
    {
      "type": "Feature",
      "geometry": {
        "type": "Point",
        "coordinates": [
          -157.845143,
          21.3099717
        ]
      },
      "properties": {
        "id": "osm-490415173",
        "lat": 21.3099717,
        "lon": -157.845143,
        "name": "",
        "address": "Royal Vista, 1022 Prospect, 1022, Prospect Street, Makiki Kai, Honolulu, Honolulu County, Hawaii, 96822, United States",
        "neighborhood": "honolulu",
        "source": "osm",
        "osm_id": 490415173,
        "osm_type": "way"
      }
    },
    {
      "type": "Feature",
      "geometry": {
        "type": "Point",
        "coordinates": [
          -157.8425358,
          21.30779
        ]
      },
      "properties": {
        "id": "osm-490415175",
        "lat": 21.30779,
        "lon": -157.8425358,
        "name": "",
        "address": "1015 Wilder, 1015, Wilder Avenue, Makiki Kai, East Honolulu, Honolulu, Honolulu County, Hawaii, 96822, United States",
        "neighborhood": "honolulu",
        "source": "osm",
        "osm_id": 490415175,
        "osm_type": "way"
      }
    },
    {
      "type": "Feature",
      "geometry": {
        "type": "Point",
        "coordinates": [
          -157.8241599,
          21.2887895
        ]
      },
      "properties": {
        "id": "osm-490423409",
        "lat": 21.2887895,
        "lon": -157.8241599,
        "name": "",
        "address": "Terrace Towers, 2440, Date Street, Moiliili, McCully, Honolulu, Honolulu County, Hawaii, 96826, United States",
        "neighborhood": "honolulu",
        "source": "osm",
        "osm_id": 490423409,
        "osm_type": "way"
      }
    },
    {
      "type": "Feature",
      "geometry": {
        "type": "Point",
        "coordinates": [
          -157.8408485,
          21.3058317
        ]
      },
      "properties": {
        "id": "osm-490838028",
        "lat": 21.3058317,
        "lon": -157.8408485,
        "name": "",
        "address": "Piikoi Tower, 1556, Piikoi Street, Makiki Kai, East Honolulu, Honolulu, Honolulu County, Hawaii, 96822, United States",
        "neighborhood": "honolulu",
        "source": "osm",
        "osm_id": 490838028,
        "osm_type": "way"
      }
    },
    {
      "type": "Feature",
      "geometry": {
        "type": "Point",
        "coordinates": [
          -157.841484,
          21.306552
        ]
      },
      "properties": {
        "id": "osm-490838030",
        "lat": 21.306552,
        "lon": -157.841484,
        "name": "",
        "address": "Penascola Bike Path, Makiki Kai, Honolulu, Honolulu County, Hawaii, 96814, United States",
        "neighborhood": "honolulu",
        "source": "osm",
        "osm_id": 490838030,
        "osm_type": "way"
      }
    },
    {
      "type": "Feature",
      "geometry": {
        "type": "Point",
        "coordinates": [
          -157.8399569,
          21.3073379
        ]
      },
      "properties": {
        "id": "osm-490838044",
        "lat": 21.3073379,
        "lon": -157.8399569,
        "name": "",
        "address": "Piikoi Street, Makiki, Honolulu, Honolulu County, Hawaii, 98622, United States",
        "neighborhood": "honolulu",
        "source": "osm",
        "osm_id": 490838044,
        "osm_type": "way"
      }
    },
    {
      "type": "Feature",
      "geometry": {
        "type": "Point",
        "coordinates": [
          -157.8362073,
          21.3073237
        ]
      },
      "properties": {
        "id": "osm-490838051",
        "lat": 21.3073237,
        "lon": -157.8362073,
        "name": "",
        "address": "Hale O Kalani Towers, 1702, Kewalo Street, Makiki, East Honolulu, Honolulu, Honolulu County, Hawaii, 96822, United States",
        "neighborhood": "honolulu",
        "source": "osm",
        "osm_id": 490838051,
        "osm_type": "way"
      }
    },
    {
      "type": "Feature",
      "geometry": {
        "type": "Point",
        "coordinates": [
          -157.8388362,
          21.3074851
        ]
      },
      "properties": {
        "id": "osm-490838099",
        "lat": 21.3074851,
        "lon": -157.8388362,
        "name": "",
        "address": "1600, Mott Smith Drive, Makiki, East Honolulu, Honolulu, Honolulu County, Hawaii, 96822, United States",
        "neighborhood": "honolulu",
        "source": "osm",
        "osm_id": 490838099,
        "osm_type": "way"
      }
    },
    {
      "type": "Feature",
      "geometry": {
        "type": "Point",
        "coordinates": [
          -157.8494649,
          21.3054905
        ]
      },
      "properties": {
        "id": "osm-490843907",
        "lat": 21.3054905,
        "lon": -157.8494649,
        "name": "",
        "address": "Freeland Place, Makiki Kai, Honolulu, Honolulu County, Hawaii, 96843, United States",
        "neighborhood": "honolulu",
        "source": "osm",
        "osm_id": 490843907,
        "osm_type": "way"
      }
    },
    {
      "type": "Feature",
      "geometry": {
        "type": "Point",
        "coordinates": [
          -157.8482006,
          21.304852
        ]
      },
      "properties": {
        "id": "osm-490843911",
        "lat": 21.304852,
        "lon": -157.8482006,
        "name": "",
        "address": "1314, Victoria Street, Makiki Kai, East Honolulu, Honolulu, Honolulu County, Hawaii, 96814, United States",
        "neighborhood": "honolulu",
        "source": "osm",
        "osm_id": 490843911,
        "osm_type": "way"
      }
    },
    {
      "type": "Feature",
      "geometry": {
        "type": "Point",
        "coordinates": [
          -157.8474131,
          21.3037725
        ]
      },
      "properties": {
        "id": "osm-490844065",
        "lat": 21.3037725,
        "lon": -157.8474131,
        "name": "",
        "address": "Kinau Street, Makiki Kai, Honolulu, Honolulu County, Hawaii, 96814, United States",
        "neighborhood": "honolulu",
        "source": "osm",
        "osm_id": 490844065,
        "osm_type": "way"
      }
    },
    {
      "type": "Feature",
      "geometry": {
        "type": "Point",
        "coordinates": [
          -157.8249662,
          21.3036317
        ]
      },
      "properties": {
        "id": "osm-493133997",
        "lat": 21.3036317,
        "lon": -157.8249662,
        "name": "",
        "address": "2013, Kakela Drive, Lower M\u0101noa, Makiki, East Honolulu, Honolulu, Honolulu County, Hawaii, 96822, United States",
        "neighborhood": "honolulu",
        "source": "osm",
        "osm_id": 493133997,
        "osm_type": "way"
      }
    },
    {
      "type": "Feature",
      "geometry": {
        "type": "Point",
        "coordinates": [
          -157.8248816,
          21.3032466
        ]
      },
      "properties": {
        "id": "osm-493519974",
        "lat": 21.3032466,
        "lon": -157.8248816,
        "name": "",
        "address": "Kakela Drive, Lower M\u0101noa, Makiki, Honolulu, Honolulu County, Hawaii, 96822, United States",
        "neighborhood": "honolulu",
        "source": "osm",
        "osm_id": 493519974,
        "osm_type": "way"
      }
    },
    {
      "type": "Feature",
      "geometry": {
        "type": "Point",
        "coordinates": [
          -157.8410338,
          21.3065734
        ]
      },
      "properties": {
        "id": "osm-493542423",
        "lat": 21.3065734,
        "lon": -157.8410338,
        "name": "",
        "address": "Piikoi Place, Makiki Kai, Honolulu, Honolulu County, Hawaii, 98622, United States",
        "neighborhood": "honolulu",
        "source": "osm",
        "osm_id": 493542423,
        "osm_type": "way"
      }
    },
    {
      "type": "Feature",
      "geometry": {
        "type": "Point",
        "coordinates": [
          -157.8412683,
          21.3070037
        ]
      },
      "properties": {
        "id": "osm-493542428",
        "lat": 21.3070037,
        "lon": -157.8412683,
        "name": "",
        "address": "1111 Wilder, 1111, Wilder Avenue, Makiki Kai, East Honolulu, Honolulu, Honolulu County, Hawaii, 96822, United States",
        "neighborhood": "honolulu",
        "source": "osm",
        "osm_id": 493542428,
        "osm_type": "way"
      }
    },
    {
      "type": "Feature",
      "geometry": {
        "type": "Point",
        "coordinates": [
          -157.8409456,
          21.3072322
        ]
      },
      "properties": {
        "id": "osm-493542430",
        "lat": 21.3072322,
        "lon": -157.8409456,
        "name": "",
        "address": "Wilder Avenue, Makiki Kai, Honolulu, Honolulu County, Hawaii, 98622, United States",
        "neighborhood": "honolulu",
        "source": "osm",
        "osm_id": 493542430,
        "osm_type": "way"
      }
    },
    {
      "type": "Feature",
      "geometry": {
        "type": "Point",
        "coordinates": [
          -157.8356212,
          21.3060726
        ]
      },
      "properties": {
        "id": "osm-493542436",
        "lat": 21.3060726,
        "lon": -157.8356212,
        "name": "",
        "address": "Princess Kealoha, 1333, Heulu Street, Makiki, East Honolulu, Honolulu, Honolulu County, Hawaii, 96822, United States",
        "neighborhood": "honolulu",
        "source": "osm",
        "osm_id": 493542436,
        "osm_type": "way"
      }
    },
    {
      "type": "Feature",
      "geometry": {
        "type": "Point",
        "coordinates": [
          -157.8317479,
          21.3046503
        ]
      },
      "properties": {
        "id": "osm-493542454",
        "lat": 21.3046503,
        "lon": -157.8317479,
        "name": "",
        "address": "Dominis Street, Makiki, Honolulu, Honolulu County, Hawaii, 96822, United States",
        "neighborhood": "honolulu",
        "source": "osm",
        "osm_id": 493542454,
        "osm_type": "way"
      }
    },
    {
      "type": "Feature",
      "geometry": {
        "type": "Point",
        "coordinates": [
          -157.8377231,
          21.2940558
        ]
      },
      "properties": {
        "id": "osm-493743084",
        "lat": 21.2940558,
        "lon": -157.8377231,
        "name": "",
        "address": "Kanunu Street, Pawaa, Honolulu, Honolulu County, Hawaii, 96841, United States",
        "neighborhood": "honolulu",
        "source": "osm",
        "osm_id": 493743084,
        "osm_type": "way"
      }
    },
    {
      "type": "Feature",
      "geometry": {
        "type": "Point",
        "coordinates": [
          -157.8270735,
          21.289021
        ]
      },
      "properties": {
        "id": "osm-493780448",
        "lat": 21.289021,
        "lon": -157.8270735,
        "name": "",
        "address": "Isenberg Street, Moiliili, McCully, Honolulu, Honolulu County, Hawaii, 96926, United States",
        "neighborhood": "honolulu",
        "source": "osm",
        "osm_id": 493780448,
        "osm_type": "way"
      }
    },
    {
      "type": "Feature",
      "geometry": {
        "type": "Point",
        "coordinates": [
          -157.8271519,
          21.2909777
        ]
      },
      "properties": {
        "id": "osm-493780453",
        "lat": 21.2909777,
        "lon": -157.8271519,
        "name": "",
        "address": "Scenic Tower, 796, Isenberg Street, Moiliili, McCully, East Honolulu, Honolulu, Honolulu County, Hawaii, 96826, United States",
        "neighborhood": "honolulu",
        "source": "osm",
        "osm_id": 493780453,
        "osm_type": "way"
      }
    },
    {
      "type": "Feature",
      "geometry": {
        "type": "Point",
        "coordinates": [
          -157.8394763,
          21.2963938
        ]
      },
      "properties": {
        "id": "osm-493807885",
        "lat": 21.2963938,
        "lon": -157.8394763,
        "name": "",
        "address": "Belvedere, 929, Ahana Street, Pawaa, Honolulu, Honolulu County, Hawaii, 96814, United States",
        "neighborhood": "honolulu",
        "source": "osm",
        "osm_id": 493807885,
        "osm_type": "way"
      }
    },
    {
      "type": "Feature",
      "geometry": {
        "type": "Point",
        "coordinates": [
          -157.8390536,
          21.2962159
        ]
      },
      "properties": {
        "id": "osm-493807887",
        "lat": 21.2962159,
        "lon": -157.8390536,
        "name": "",
        "address": "Bishop Manor, 920, Kaheka Street, Pawaa, East Honolulu, Honolulu, Honolulu County, Hawaii, 96814, United States",
        "neighborhood": "honolulu",
        "source": "osm",
        "osm_id": 493807887,
        "osm_type": "way"
      }
    },
    {
      "type": "Feature",
      "geometry": {
        "type": "Point",
        "coordinates": [
          -157.8408114,
          21.2945226
        ]
      },
      "properties": {
        "id": "osm-494025164",
        "lat": 21.2945226,
        "lon": -157.8408114,
        "name": "",
        "address": "780, Amana Street, Pawaa, Honolulu, Honolulu County, Hawaii, 96814, United States",
        "neighborhood": "honolulu",
        "source": "osm",
        "osm_id": 494025164,
        "osm_type": "way"
      }
    },
    {
      "type": "Feature",
      "geometry": {
        "type": "Point",
        "coordinates": [
          -157.8125092,
          21.2674258
        ]
      },
      "properties": {
        "id": "osm-494546090",
        "lat": 21.2674258,
        "lon": -157.8125092,
        "name": "",
        "address": "3824, Diamond Head Circle, Kapahulu, East Honolulu, Honolulu, Honolulu County, Hawaii, 96815, United States",
        "neighborhood": "unknown",
        "source": "osm",
        "osm_id": 494546090,
        "osm_type": "way"
      }
    },
    {
      "type": "Feature",
      "geometry": {
        "type": "Point",
        "coordinates": [
          -157.8133616,
          21.2675028
        ]
      },
      "properties": {
        "id": "osm-494546091",
        "lat": 21.2675028,
        "lon": -157.8133616,
        "name": "",
        "address": "Kanaina Avenue, Kapahulu, East Honolulu, Honolulu, Honolulu County, Hawaii, 96828, United States",
        "neighborhood": "unknown",
        "source": "osm",
        "osm_id": 494546091,
        "osm_type": "way"
      }
    },
    {
      "type": "Feature",
      "geometry": {
        "type": "Point",
        "coordinates": [
          -157.8132336,
          21.2677117
        ]
      },
      "properties": {
        "id": "osm-494546092",
        "lat": 21.2677117,
        "lon": -157.8132336,
        "name": "",
        "address": "Kanaina Avenue, Kapahulu, East Honolulu, Honolulu, Honolulu County, Hawaii, 96828, United States",
        "neighborhood": "unknown",
        "source": "osm",
        "osm_id": 494546092,
        "osm_type": "way"
      }
    },
    {
      "type": "Feature",
      "geometry": {
        "type": "Point",
        "coordinates": [
          -157.8131812,
          21.2680177
        ]
      },
      "properties": {
        "id": "osm-494546093",
        "lat": 21.2680177,
        "lon": -157.8131812,
        "name": "",
        "address": "Diamond Head Sands, 3721, Kanaina Avenue, Kapahulu, East Honolulu, Honolulu, Honolulu County, Hawaii, 96815, United States",
        "neighborhood": "unknown",
        "source": "osm",
        "osm_id": 494546093,
        "osm_type": "way"
      }
    },
    {
      "type": "Feature",
      "geometry": {
        "type": "Point",
        "coordinates": [
          -157.812896,
          21.2684989
        ]
      },
      "properties": {
        "id": "osm-494546094",
        "lat": 21.2684989,
        "lon": -157.812896,
        "name": "",
        "address": "Diamond Head Circle, Kapahulu, East Honolulu, Honolulu, Honolulu County, Hawaii, 96828, United States",
        "neighborhood": "unknown",
        "source": "osm",
        "osm_id": 494546094,
        "osm_type": "way"
      }
    },
    {
      "type": "Feature",
      "geometry": {
        "type": "Point",
        "coordinates": [
          -157.8120154,
          21.2681477
        ]
      },
      "properties": {
        "id": "osm-494546095",
        "lat": 21.2681477,
        "lon": -157.8120154,
        "name": "",
        "address": "Diamond Head Circle, Kapahulu, East Honolulu, Honolulu, Honolulu County, Hawaii, 96828, United States",
        "neighborhood": "unknown",
        "source": "osm",
        "osm_id": 494546095,
        "osm_type": "way"
      }
    },
    {
      "type": "Feature",
      "geometry": {
        "type": "Point",
        "coordinates": [
          -157.8124985,
          21.2680519
        ]
      },
      "properties": {
        "id": "osm-494546096",
        "lat": 21.2680519,
        "lon": -157.8124985,
        "name": "",
        "address": "Diamond Head Circle, Kapahulu, East Honolulu, Honolulu, Honolulu County, Hawaii, 96828, United States",
        "neighborhood": "unknown",
        "source": "osm",
        "osm_id": 494546096,
        "osm_type": "way"
      }
    },
    {
      "type": "Feature",
      "geometry": {
        "type": "Point",
        "coordinates": [
          -157.8114286,
          21.2682038
        ]
      },
      "properties": {
        "id": "osm-494546097",
        "lat": 21.2682038,
        "lon": -157.8114286,
        "name": "",
        "address": "Diamond Head Circle, Kapahulu, East Honolulu, Honolulu, Honolulu County, Hawaii, 96828, United States",
        "neighborhood": "unknown",
        "source": "osm",
        "osm_id": 494546097,
        "osm_type": "way"
      }
    },
    {
      "type": "Feature",
      "geometry": {
        "type": "Point",
        "coordinates": [
          -157.8116318,
          21.2665213
        ]
      },
      "properties": {
        "id": "osm-494546100",
        "lat": 21.2665213,
        "lon": -157.8116318,
        "name": "",
        "address": "3791, Diamond Head Circle, Kapahulu, East Honolulu, Honolulu, Honolulu County, Hawaii, 96815, United States",
        "neighborhood": "unknown",
        "source": "osm",
        "osm_id": 494546100,
        "osm_type": "way"
      }
    },
    {
      "type": "Feature",
      "geometry": {
        "type": "Point",
        "coordinates": [
          -157.8107708,
          21.2674242
        ]
      },
      "properties": {
        "id": "osm-494546101",
        "lat": 21.2674242,
        "lon": -157.8107708,
        "name": "",
        "address": "Diamond Head Circle, Kapahulu, East Honolulu, Honolulu, Honolulu County, Hawaii, 96828, United States",
        "neighborhood": "unknown",
        "source": "osm",
        "osm_id": 494546101,
        "osm_type": "way"
      }
    },
    {
      "type": "Feature",
      "geometry": {
        "type": "Point",
        "coordinates": [
          -157.8103248,
          21.2678685
        ]
      },
      "properties": {
        "id": "osm-494546102",
        "lat": 21.2678685,
        "lon": -157.8103248,
        "name": "",
        "address": "3760, Campbell Avenue, Kapahulu, East Honolulu, Honolulu, Honolulu County, Hawaii, 96815, United States",
        "neighborhood": "unknown",
        "source": "osm",
        "osm_id": 494546102,
        "osm_type": "way"
      }
    },
    {
      "type": "Feature",
      "geometry": {
        "type": "Point",
        "coordinates": [
          -157.8116561,
          21.2690066
        ]
      },
      "properties": {
        "id": "osm-494546104",
        "lat": 21.2690066,
        "lon": -157.8116561,
        "name": "",
        "address": "Diamond Head Circle, Kapahulu, East Honolulu, Honolulu, Honolulu County, Hawaii, 96828, United States",
        "neighborhood": "unknown",
        "source": "osm",
        "osm_id": 494546104,
        "osm_type": "way"
      }
    },
    {
      "type": "Feature",
      "geometry": {
        "type": "Point",
        "coordinates": [
          -157.8111895,
          21.2685725
        ]
      },
      "properties": {
        "id": "osm-494546365",
        "lat": 21.2685725,
        "lon": -157.8111895,
        "name": "",
        "address": "3703, Diamond Head Circle, Kapahulu, East Honolulu, Honolulu, Honolulu County, Hawaii, 96815, United States",
        "neighborhood": "unknown",
        "source": "osm",
        "osm_id": 494546365,
        "osm_type": "way"
      }
    },
    {
      "type": "Feature",
      "geometry": {
        "type": "Point",
        "coordinates": [
          -157.8110454,
          21.2687635
        ]
      },
      "properties": {
        "id": "osm-494546366",
        "lat": 21.2687635,
        "lon": -157.8110454,
        "name": "",
        "address": "3701, Campbell Avenue, Kapahulu, East Honolulu, Honolulu, Honolulu County, Hawaii, 96815, United States",
        "neighborhood": "unknown",
        "source": "osm",
        "osm_id": 494546366,
        "osm_type": "way"
      }
    },
    {
      "type": "Feature",
      "geometry": {
        "type": "Point",
        "coordinates": [
          -157.8127598,
          21.2666888
        ]
      },
      "properties": {
        "id": "osm-494546368",
        "lat": 21.2666888,
        "lon": -157.8127598,
        "name": "",
        "address": "Noela Street, Kapahulu, East Honolulu, Honolulu, Honolulu County, Hawaii, 96828, United States",
        "neighborhood": "unknown",
        "source": "osm",
        "osm_id": 494546368,
        "osm_type": "way"
      }
    },
    {
      "type": "Feature",
      "geometry": {
        "type": "Point",
        "coordinates": [
          -157.8148729,
          21.2645641
        ]
      },
      "properties": {
        "id": "osm-494546369",
        "lat": 21.2645641,
        "lon": -157.8148729,
        "name": "",
        "address": "3091, Holei Street, Kapahulu, East Honolulu, Honolulu, Honolulu County, Hawaii, 96815, United States",
        "neighborhood": "unknown",
        "source": "osm",
        "osm_id": 494546369,
        "osm_type": "way"
      }
    },
    {
      "type": "Feature",
      "geometry": {
        "type": "Point",
        "coordinates": [
          -157.815848,
          21.2628294
        ]
      },
      "properties": {
        "id": "osm-494546371",
        "lat": 21.2628294,
        "lon": -157.815848,
        "name": "",
        "address": "Noela Place, East Honolulu, Honolulu, Honolulu County, Hawaii, 96828, United States",
        "neighborhood": "unknown",
        "source": "osm",
        "osm_id": 494546371,
        "osm_type": "way"
      }
    },
    {
      "type": "Feature",
      "geometry": {
        "type": "Point",
        "coordinates": [
          -157.8355343,
          21.2860083
        ]
      },
      "properties": {
        "id": "osm-495525748",
        "lat": 21.2860083,
        "lon": -157.8355343,
        "name": "",
        "address": "Ena Road, McCully, Honolulu, Honolulu County, Hawaii, 96830, United States",
        "neighborhood": "honolulu",
        "source": "osm",
        "osm_id": 495525748,
        "osm_type": "way"
      }
    },
    {
      "type": "Feature",
      "geometry": {
        "type": "Point",
        "coordinates": [
          -157.8370374,
          21.2878657
        ]
      },
      "properties": {
        "id": "osm-495525749",
        "lat": 21.2878657,
        "lon": -157.8370374,
        "name": "",
        "address": "Lipeepee Street, McCully, Honolulu, Honolulu County, Hawaii, 96841, United States",
        "neighborhood": "honolulu",
        "source": "osm",
        "osm_id": 495525749,
        "osm_type": "way"
      }
    },
    {
      "type": "Feature",
      "geometry": {
        "type": "Point",
        "coordinates": [
          -157.8199388,
          21.2922711
        ]
      },
      "properties": {
        "id": "osm-496983612",
        "lat": 21.2922711,
        "lon": -157.8199388,
        "name": "",
        "address": "Kalo Place, Moiliili, McCully, Honolulu, Honolulu County, Hawaii, 96826, United States",
        "neighborhood": "honolulu",
        "source": "osm",
        "osm_id": 496983612,
        "osm_type": "way"
      }
    },
    {
      "type": "Feature",
      "geometry": {
        "type": "Point",
        "coordinates": [
          -157.8457352,
          21.2936999
        ]
      },
      "properties": {
        "id": "osm-498672057",
        "lat": 21.2936999,
        "lon": -157.8457352,
        "name": "",
        "address": "Kona Street, Ala Moana, Honolulu, Honolulu County, Hawaii, 96841, United States",
        "neighborhood": "honolulu",
        "source": "osm",
        "osm_id": 498672057,
        "osm_type": "way"
      }
    },
    {
      "type": "Feature",
      "geometry": {
        "type": "Point",
        "coordinates": [
          -157.8398259,
          21.2901795
        ]
      },
      "properties": {
        "id": "osm-498673676",
        "lat": 21.2901795,
        "lon": -157.8398259,
        "name": "",
        "address": "410, Atkinson Drive, Pawaa, East Honolulu, Honolulu, Honolulu County, Hawaii, 96814, United States",
        "neighborhood": "honolulu",
        "source": "osm",
        "osm_id": 498673676,
        "osm_type": "way"
      }
    },
    {
      "type": "Feature",
      "geometry": {
        "type": "Point",
        "coordinates": [
          -157.8203436,
          21.2606888
        ]
      },
      "properties": {
        "id": "osm-504902712",
        "lat": 21.2606888,
        "lon": -157.8203436,
        "name": "",
        "address": "Diamond Head Beach Hotel and Residences, Kal\u0101kaua Avenue, East Honolulu, Honolulu, Honolulu County, Hawaii, 96828, United States",
        "neighborhood": "unknown",
        "source": "osm",
        "osm_id": 504902712,
        "osm_type": "way"
      }
    },
    {
      "type": "Feature",
      "geometry": {
        "type": "Point",
        "coordinates": [
          -157.8567941,
          21.3194316
        ]
      },
      "properties": {
        "id": "osm-506155136",
        "lat": 21.3194316,
        "lon": -157.8567941,
        "name": "",
        "address": "Stillman Lane, Liliha, Honolulu, Honolulu County, Hawaii, 96817, United States",
        "neighborhood": "honolulu",
        "source": "osm",
        "osm_id": 506155136,
        "osm_type": "way"
      }
    },
    {
      "type": "Feature",
      "geometry": {
        "type": "Point",
        "coordinates": [
          -158.1243333,
          21.3385707
        ]
      },
      "properties": {
        "id": "osm-510928698",
        "lat": 21.3385707,
        "lon": -158.1243333,
        "name": "",
        "address": "92-1185, Ali'inui Drive, Kapolei, Honolulu County, Hawaii, 96707, United States",
        "neighborhood": "unknown",
        "source": "osm",
        "osm_id": 510928698,
        "osm_type": "way"
      }
    },
    {
      "type": "Feature",
      "geometry": {
        "type": "Point",
        "coordinates": [
          -157.7942933,
          21.2563521
        ]
      },
      "properties": {
        "id": "osm-514902064",
        "lat": 21.2563521,
        "lon": -157.7942933,
        "name": "",
        "address": "Kaikoo Place, Black Point, East Honolulu, Honolulu, Honolulu County, Hawaii, 96828, United States",
        "neighborhood": "unknown",
        "source": "osm",
        "osm_id": 514902064,
        "osm_type": "way"
      }
    },
    {
      "type": "Feature",
      "geometry": {
        "type": "Point",
        "coordinates": [
          -157.7958428,
          21.257511
        ]
      },
      "properties": {
        "id": "osm-514902076",
        "lat": 21.257511,
        "lon": -157.7958428,
        "name": "",
        "address": "Kaikuono Place, Black Point, K\u0101hala, East Honolulu, Honolulu, Honolulu County, Hawaii, 96828, United States",
        "neighborhood": "unknown",
        "source": "osm",
        "osm_id": 514902076,
        "osm_type": "way"
      }
    },
    {
      "type": "Feature",
      "geometry": {
        "type": "Point",
        "coordinates": [
          -157.7943509,
          21.2572214
        ]
      },
      "properties": {
        "id": "osm-514905254",
        "lat": 21.2572214,
        "lon": -157.7943509,
        "name": "",
        "address": "Papu Circle, Black Point, K\u0101hala, East Honolulu, Honolulu, Honolulu County, Hawaii, 96828, United States",
        "neighborhood": "unknown",
        "source": "osm",
        "osm_id": 514905254,
        "osm_type": "way"
      }
    },
    {
      "type": "Feature",
      "geometry": {
        "type": "Point",
        "coordinates": [
          -157.9371044,
          21.3864235
        ]
      },
      "properties": {
        "id": "osm-516244905",
        "lat": 21.3864235,
        "lon": -157.9371044,
        "name": "",
        "address": "Queen Lili\u02bbuokalani Freeway, Waimalu, Aiea, Honolulu County, Hawaii, 96701, United States",
        "neighborhood": "pearl-city",
        "source": "osm",
        "osm_id": 516244905,
        "osm_type": "way"
      }
    },
    {
      "type": "Feature",
      "geometry": {
        "type": "Point",
        "coordinates": [
          -157.9370518,
          21.3864687
        ]
      },
      "properties": {
        "id": "osm-516244906",
        "lat": 21.3864687,
        "lon": -157.9370518,
        "name": "",
        "address": "Koauka Loop, Waimalu, Aiea, Honolulu County, Hawaii, 96701, United States",
        "neighborhood": "pearl-city",
        "source": "osm",
        "osm_id": 516244906,
        "osm_type": "way"
      }
    },
    {
      "type": "Feature",
      "geometry": {
        "type": "Point",
        "coordinates": [
          -157.9385834,
          21.3861454
        ]
      },
      "properties": {
        "id": "osm-516244908",
        "lat": 21.3861454,
        "lon": -157.9385834,
        "name": "",
        "address": "Moanalua Road, Waimalu, Waipahu, Honolulu County, Hawaii, 96701, United States",
        "neighborhood": "pearl-city",
        "source": "osm",
        "osm_id": 516244908,
        "osm_type": "way"
      }
    },
    {
      "type": "Feature",
      "geometry": {
        "type": "Point",
        "coordinates": [
          -157.9377553,
          21.3851709
        ]
      },
      "properties": {
        "id": "osm-516244909",
        "lat": 21.3851709,
        "lon": -157.9377553,
        "name": "",
        "address": "Moanalua Road, Waimalu, Aiea, Honolulu County, Hawaii, 96701, United States",
        "neighborhood": "pearl-city",
        "source": "osm",
        "osm_id": 516244909,
        "osm_type": "way"
      }
    },
    {
      "type": "Feature",
      "geometry": {
        "type": "Point",
        "coordinates": [
          -157.9365636,
          21.3844242
        ]
      },
      "properties": {
        "id": "osm-516244914",
        "lat": 21.3844242,
        "lon": -157.9365636,
        "name": "",
        "address": "Koauka Loop, Waimalu, Aiea, Honolulu County, Hawaii, 96701, United States",
        "neighborhood": "pearl-city",
        "source": "osm",
        "osm_id": 516244914,
        "osm_type": "way"
      }
    },
    {
      "type": "Feature",
      "geometry": {
        "type": "Point",
        "coordinates": [
          -157.9407056,
          21.386946
        ]
      },
      "properties": {
        "id": "osm-516244919",
        "lat": 21.386946,
        "lon": -157.9407056,
        "name": "",
        "address": "Ualo Street, Pacific Village, Waimalu, Aiea, Honolulu County, Hawaii, 96701, United States",
        "neighborhood": "pearl-city",
        "source": "osm",
        "osm_id": 516244919,
        "osm_type": "way"
      }
    },
    {
      "type": "Feature",
      "geometry": {
        "type": "Point",
        "coordinates": [
          -157.9414221,
          21.3898966
        ]
      },
      "properties": {
        "id": "osm-516244941",
        "lat": 21.3898966,
        "lon": -157.9414221,
        "name": "",
        "address": "Kaonohi Street, Waimalu, Waipahu, Honolulu County, Hawaii, 96701, United States",
        "neighborhood": "pearl-city",
        "source": "osm",
        "osm_id": 516244941,
        "osm_type": "way"
      }
    },
    {
      "type": "Feature",
      "geometry": {
        "type": "Point",
        "coordinates": [
          -157.9405167,
          21.3909315
        ]
      },
      "properties": {
        "id": "osm-516244942",
        "lat": 21.3909315,
        "lon": -157.9405167,
        "name": "",
        "address": "Kaonohi Street, Waimalu, Waipahu, Honolulu County, Hawaii, 96701, United States",
        "neighborhood": "pearl-city",
        "source": "osm",
        "osm_id": 516244942,
        "osm_type": "way"
      }
    },
    {
      "type": "Feature",
      "geometry": {
        "type": "Point",
        "coordinates": [
          -157.8221804,
          21.2858723
        ]
      },
      "properties": {
        "id": "osm-517802261",
        "lat": 21.2858723,
        "lon": -157.8221804,
        "name": "",
        "address": "2563, Date Street, Moiliili, Waik\u012bk\u012b, Honolulu, Honolulu County, Hawaii, 96826, United States",
        "neighborhood": "honolulu",
        "source": "osm",
        "osm_id": 517802261,
        "osm_type": "way"
      }
    },
    {
      "type": "Feature",
      "geometry": {
        "type": "Point",
        "coordinates": [
          -157.8214325,
          21.2852365
        ]
      },
      "properties": {
        "id": "osm-517802266",
        "lat": 21.2852365,
        "lon": -157.8214325,
        "name": "",
        "address": "Lee\u2019s Apt, 2558, Date Street, Moiliili, Waik\u012bk\u012b, Honolulu, Honolulu County, Hawaii, 96926, United States",
        "neighborhood": "honolulu",
        "source": "osm",
        "osm_id": 517802266,
        "osm_type": "way"
      }
    },
    {
      "type": "Feature",
      "geometry": {
        "type": "Point",
        "coordinates": [
          -157.8170425,
          21.2852176
        ]
      },
      "properties": {
        "id": "osm-542032205",
        "lat": 21.2852176,
        "lon": -157.8170425,
        "name": "",
        "address": "Winam Avenue, Kapahulu, East Honolulu, Honolulu, Honolulu County, Hawaii, 96186, United States",
        "neighborhood": "honolulu",
        "source": "osm",
        "osm_id": 542032205,
        "osm_type": "way"
      }
    },
    {
      "type": "Feature",
      "geometry": {
        "type": "Point",
        "coordinates": [
          -157.8331984,
          21.3129088
        ]
      },
      "properties": {
        "id": "osm-542875056",
        "lat": 21.3129088,
        "lon": -157.8331984,
        "name": "",
        "address": "Makiki Heights Drive + Mott-Smith Drive, Makiki Heights Drive, Makiki, East Honolulu, Honolulu, Honolulu County, Hawaii, 98622, United States",
        "neighborhood": "honolulu",
        "source": "osm",
        "osm_id": 542875056,
        "osm_type": "way"
      }
    },
    {
      "type": "Feature",
      "geometry": {
        "type": "Point",
        "coordinates": [
          -157.8335945,
          21.3123541
        ]
      },
      "properties": {
        "id": "osm-542875057",
        "lat": 21.3123541,
        "lon": -157.8335945,
        "name": "",
        "address": "Mott-Smith Drive + Makiki Heights Drive, Mott Smith Drive, Makiki, East Honolulu, Honolulu, Honolulu County, Hawaii, 98622, United States",
        "neighborhood": "honolulu",
        "source": "osm",
        "osm_id": 542875057,
        "osm_type": "way"
      }
    },
    {
      "type": "Feature",
      "geometry": {
        "type": "Point",
        "coordinates": [
          -157.8345571,
          21.3131698
        ]
      },
      "properties": {
        "id": "osm-542875059",
        "lat": 21.3131698,
        "lon": -157.8345571,
        "name": "",
        "address": "Mauna Place, Makiki, Honolulu, Honolulu County, Hawaii, 98622, United States",
        "neighborhood": "honolulu",
        "source": "osm",
        "osm_id": 542875059,
        "osm_type": "way"
      }
    },
    {
      "type": "Feature",
      "geometry": {
        "type": "Point",
        "coordinates": [
          -157.8344788,
          21.3122556
        ]
      },
      "properties": {
        "id": "osm-542875060",
        "lat": 21.3122556,
        "lon": -157.8344788,
        "name": "",
        "address": "Mauna Place, Makiki, Honolulu, Honolulu County, Hawaii, 98622, United States",
        "neighborhood": "honolulu",
        "source": "osm",
        "osm_id": 542875060,
        "osm_type": "way"
      }
    },
    {
      "type": "Feature",
      "geometry": {
        "type": "Point",
        "coordinates": [
          -157.8364393,
          21.3123121
        ]
      },
      "properties": {
        "id": "osm-542875066",
        "lat": 21.3123121,
        "lon": -157.8364393,
        "name": "",
        "address": "Mott Smith Drive, Makiki, Honolulu, Honolulu County, Hawaii, 98622, United States",
        "neighborhood": "honolulu",
        "source": "osm",
        "osm_id": 542875066,
        "osm_type": "way"
      }
    },
    {
      "type": "Feature",
      "geometry": {
        "type": "Point",
        "coordinates": [
          -157.8344097,
          21.3150003
        ]
      },
      "properties": {
        "id": "osm-543225229",
        "lat": 21.3150003,
        "lon": -157.8344097,
        "name": "",
        "address": "Pililani Place, Makiki, Honolulu, Honolulu County, Hawaii, 98622, United States",
        "neighborhood": "honolulu",
        "source": "osm",
        "osm_id": 543225229,
        "osm_type": "way"
      }
    },
    {
      "type": "Feature",
      "geometry": {
        "type": "Point",
        "coordinates": [
          -157.8362958,
          21.3129901
        ]
      },
      "properties": {
        "id": "osm-543225243",
        "lat": 21.3129901,
        "lon": -157.8362958,
        "name": "",
        "address": "Kalawahine Place, Makiki, Honolulu, Honolulu County, Hawaii, 98622, United States",
        "neighborhood": "honolulu",
        "source": "osm",
        "osm_id": 543225243,
        "osm_type": "way"
      }
    },
    {
      "type": "Feature",
      "geometry": {
        "type": "Point",
        "coordinates": [
          -157.8361597,
          21.3130355
        ]
      },
      "properties": {
        "id": "osm-543225244",
        "lat": 21.3130355,
        "lon": -157.8361597,
        "name": "",
        "address": "Kalawahine Place, Makiki, Honolulu, Honolulu County, Hawaii, 98622, United States",
        "neighborhood": "honolulu",
        "source": "osm",
        "osm_id": 543225244,
        "osm_type": "way"
      }
    },
    {
      "type": "Feature",
      "geometry": {
        "type": "Point",
        "coordinates": [
          -157.834659,
          21.3128372
        ]
      },
      "properties": {
        "id": "osm-543225255",
        "lat": 21.3128372,
        "lon": -157.834659,
        "name": "",
        "address": "2036, Mauna Place, Makiki, East Honolulu, Honolulu, Honolulu County, Hawaii, 96822, United States",
        "neighborhood": "honolulu",
        "source": "osm",
        "osm_id": 543225255,
        "osm_type": "way"
      }
    },
    {
      "type": "Feature",
      "geometry": {
        "type": "Point",
        "coordinates": [
          -157.9200802,
          21.6416242
        ]
      },
      "properties": {
        "id": "osm-543991231",
        "lat": 21.6416242,
        "lon": -157.9200802,
        "name": "",
        "address": "Laie Bike Path, Laie, Honolulu County, Hawaii, 96762, United States",
        "neighborhood": "laie",
        "source": "osm",
        "osm_id": 543991231,
        "osm_type": "way"
      }
    },
    {
      "type": "Feature",
      "geometry": {
        "type": "Point",
        "coordinates": [
          -157.8226614,
          21.2962684
        ]
      },
      "properties": {
        "id": "osm-544661225",
        "lat": 21.2962684,
        "lon": -157.8226614,
        "name": "",
        "address": "Puaena Place, Moiliili, McCully, Honolulu, Honolulu County, Hawaii, 96826, United States",
        "neighborhood": "honolulu",
        "source": "osm",
        "osm_id": 544661225,
        "osm_type": "way"
      }
    },
    {
      "type": "Feature",
      "geometry": {
        "type": "Point",
        "coordinates": [
          -157.7108831,
          21.3002564
        ]
      },
      "properties": {
        "id": "osm-544908020",
        "lat": 21.3002564,
        "lon": -157.7108831,
        "name": "",
        "address": "Ainapo Street, Hahaione Valley, Kuli\u02bbou\u02bbou, East Honolulu, Honolulu, Honolulu County, Hawaii, 96825, United States",
        "neighborhood": "unknown",
        "source": "osm",
        "osm_id": 544908020,
        "osm_type": "way"
      }
    },
    {
      "type": "Feature",
      "geometry": {
        "type": "Point",
        "coordinates": [
          -157.7112761,
          21.3006895
        ]
      },
      "properties": {
        "id": "osm-544908140",
        "lat": 21.3006895,
        "lon": -157.7112761,
        "name": "",
        "address": "Ainapo Street, Hahaione Valley, Kuli\u02bbou\u02bbou, East Honolulu, Honolulu, Honolulu County, Hawaii, 96825, United States",
        "neighborhood": "unknown",
        "source": "osm",
        "osm_id": 544908140,
        "osm_type": "way"
      }
    },
    {
      "type": "Feature",
      "geometry": {
        "type": "Point",
        "coordinates": [
          -157.7114299,
          21.3086166
        ]
      },
      "properties": {
        "id": "osm-544963711",
        "lat": 21.3086166,
        "lon": -157.7114299,
        "name": "",
        "address": "988, Uwao Street, Hahaione Valley, Mariner's Cove, Kuli\u02bbou\u02bbou, East Honolulu, Honolulu, Honolulu County, Hawaii, 96825, United States",
        "neighborhood": "unknown",
        "source": "osm",
        "osm_id": 544963711,
        "osm_type": "way"
      }
    },
    {
      "type": "Feature",
      "geometry": {
        "type": "Point",
        "coordinates": [
          -157.7102175,
          21.3082925
        ]
      },
      "properties": {
        "id": "osm-544964193",
        "lat": 21.3082925,
        "lon": -157.7102175,
        "name": "",
        "address": "Uwao Street, Hahaione Valley, East Honolulu, Honolulu, Honolulu County, Hawaii, 96825, United States",
        "neighborhood": "unknown",
        "source": "osm",
        "osm_id": 544964193,
        "osm_type": "way"
      }
    },
    {
      "type": "Feature",
      "geometry": {
        "type": "Point",
        "coordinates": [
          -157.7096877,
          21.3075372
        ]
      },
      "properties": {
        "id": "osm-544964195",
        "lat": 21.3075372,
        "lon": -157.7096877,
        "name": "",
        "address": "992, Nanahonua Street, Hahaione Valley, Mariner's Cove, Kuli\u02bbou\u02bbou, East Honolulu, Honolulu, Honolulu County, Hawaii, 96825, United States",
        "neighborhood": "hawaii-kai",
        "source": "osm",
        "osm_id": 544964195,
        "osm_type": "way"
      }
    },
    {
      "type": "Feature",
      "geometry": {
        "type": "Point",
        "coordinates": [
          -157.7091469,
          21.3070447
        ]
      },
      "properties": {
        "id": "osm-544964197",
        "lat": 21.3070447,
        "lon": -157.7091469,
        "name": "",
        "address": "894, Nanahonua Street, Hahaione Valley, Mariner's Cove, Kuli\u02bbou\u02bbou, East Honolulu, Honolulu, Honolulu County, Hawaii, 96825, United States",
        "neighborhood": "hawaii-kai",
        "source": "osm",
        "osm_id": 544964197,
        "osm_type": "way"
      }
    },
    {
      "type": "Feature",
      "geometry": {
        "type": "Point",
        "coordinates": [
          -157.7129058,
          21.3097966
        ]
      },
      "properties": {
        "id": "osm-545114302",
        "lat": 21.3097966,
        "lon": -157.7129058,
        "name": "",
        "address": "Hahaione Street, Hahaione Valley, East Honolulu, Honolulu, Honolulu County, Hawaii, 96825, United States",
        "neighborhood": "unknown",
        "source": "osm",
        "osm_id": 545114302,
        "osm_type": "way"
      }
    },
    {
      "type": "Feature",
      "geometry": {
        "type": "Point",
        "coordinates": [
          -157.7117016,
          21.3059977
        ]
      },
      "properties": {
        "id": "osm-545116138",
        "lat": 21.3059977,
        "lon": -157.7117016,
        "name": "",
        "address": "Kulani Street, Hahaione Valley, Kuli\u02bbou\u02bbou, East Honolulu, Honolulu, Honolulu County, Hawaii, 96825, United States",
        "neighborhood": "unknown",
        "source": "osm",
        "osm_id": 545116138,
        "osm_type": "way"
      }
    },
    {
      "type": "Feature",
      "geometry": {
        "type": "Point",
        "coordinates": [
          -157.7109408,
          21.3029227
        ]
      },
      "properties": {
        "id": "osm-545118626",
        "lat": 21.3029227,
        "lon": -157.7109408,
        "name": "",
        "address": "Ainapo Street, Hahaione Valley, Kuli\u02bbou\u02bbou, East Honolulu, Honolulu, Honolulu County, Hawaii, 96825, United States",
        "neighborhood": "unknown",
        "source": "osm",
        "osm_id": 545118626,
        "osm_type": "way"
      }
    },
    {
      "type": "Feature",
      "geometry": {
        "type": "Point",
        "coordinates": [
          -157.7110139,
          21.3019515
        ]
      },
      "properties": {
        "id": "osm-545118632",
        "lat": 21.3019515,
        "lon": -157.7110139,
        "name": "",
        "address": "Ainapo Street, Hahaione Valley, Kuli\u02bbou\u02bbou, East Honolulu, Honolulu, Honolulu County, Hawaii, 96825, United States",
        "neighborhood": "unknown",
        "source": "osm",
        "osm_id": 545118632,
        "osm_type": "way"
      }
    },
    {
      "type": "Feature",
      "geometry": {
        "type": "Point",
        "coordinates": [
          -157.7104913,
          21.3042993
        ]
      },
      "properties": {
        "id": "osm-545121745",
        "lat": 21.3042993,
        "lon": -157.7104913,
        "name": "",
        "address": "Ainapo Street, Hahaione Valley, Kuli\u02bbou\u02bbou, East Honolulu, Honolulu, Honolulu County, Hawaii, 96825, United States",
        "neighborhood": "unknown",
        "source": "osm",
        "osm_id": 545121745,
        "osm_type": "way"
      }
    },
    {
      "type": "Feature",
      "geometry": {
        "type": "Point",
        "coordinates": [
          -157.7103661,
          21.3034496
        ]
      },
      "properties": {
        "id": "osm-545121751",
        "lat": 21.3034496,
        "lon": -157.7103661,
        "name": "",
        "address": "Kahena Place, Hahaione Valley, East Honolulu, Honolulu, Honolulu County, Hawaii, 96825, United States",
        "neighborhood": "unknown",
        "source": "osm",
        "osm_id": 545121751,
        "osm_type": "way"
      }
    },
    {
      "type": "Feature",
      "geometry": {
        "type": "Point",
        "coordinates": [
          -157.7099572,
          21.3036026
        ]
      },
      "properties": {
        "id": "osm-545122696",
        "lat": 21.3036026,
        "lon": -157.7099572,
        "name": "",
        "address": "Kahena Place, Hahaione Valley, East Honolulu, Honolulu, Honolulu County, Hawaii, 96825, United States",
        "neighborhood": "hawaii-kai",
        "source": "osm",
        "osm_id": 545122696,
        "osm_type": "way"
      }
    },
    {
      "type": "Feature",
      "geometry": {
        "type": "Point",
        "coordinates": [
          -157.7094897,
          21.3048654
        ]
      },
      "properties": {
        "id": "osm-545123150",
        "lat": 21.3048654,
        "lon": -157.7094897,
        "name": "",
        "address": "Ainapo Street, Hahaione Valley, East Honolulu, Honolulu, Honolulu County, Hawaii, 96825, United States",
        "neighborhood": "hawaii-kai",
        "source": "osm",
        "osm_id": 545123150,
        "osm_type": "way"
      }
    },
    {
      "type": "Feature",
      "geometry": {
        "type": "Point",
        "coordinates": [
          -157.7094164,
          21.304711
        ]
      },
      "properties": {
        "id": "osm-545123152",
        "lat": 21.304711,
        "lon": -157.7094164,
        "name": "",
        "address": "Ainapo Street + Hahaione Street, Ainapo Street, Hahaione Valley, Mariner's Cove, Kuli\u02bbou\u02bbou, East Honolulu, Honolulu, Honolulu County, Hawaii, 96825, United States",
        "neighborhood": "hawaii-kai",
        "source": "osm",
        "osm_id": 545123152,
        "osm_type": "way"
      }
    },
    {
      "type": "Feature",
      "geometry": {
        "type": "Point",
        "coordinates": [
          -157.8149023,
          21.2897844
        ]
      },
      "properties": {
        "id": "osm-545146527",
        "lat": 21.2897844,
        "lon": -157.8149023,
        "name": "",
        "address": "Waialae Place, 2845-47, Waialae Avenue, Kapahulu, East Honolulu, Honolulu, Honolulu County, Hawaii, 96816, United States",
        "neighborhood": "honolulu",
        "source": "osm",
        "osm_id": 545146527,
        "osm_type": "way"
      }
    },
    {
      "type": "Feature",
      "geometry": {
        "type": "Point",
        "coordinates": [
          -157.7106501,
          21.3010313
        ]
      },
      "properties": {
        "id": "osm-545300343",
        "lat": 21.3010313,
        "lon": -157.7106501,
        "name": "",
        "address": "Ainapo Street, Hahaione Valley, Kuli\u02bbou\u02bbou, East Honolulu, Honolulu, Honolulu County, Hawaii, 96825, United States",
        "neighborhood": "unknown",
        "source": "osm",
        "osm_id": 545300343,
        "osm_type": "way"
      }
    },
    {
      "type": "Feature",
      "geometry": {
        "type": "Point",
        "coordinates": [
          -157.7095236,
          21.3024462
        ]
      },
      "properties": {
        "id": "osm-545312958",
        "lat": 21.3024462,
        "lon": -157.7095236,
        "name": "",
        "address": "Kii Street, Hahaione Valley, East Honolulu, Honolulu, Honolulu County, Hawaii, 96825, United States",
        "neighborhood": "hawaii-kai",
        "source": "osm",
        "osm_id": 545312958,
        "osm_type": "way"
      }
    },
    {
      "type": "Feature",
      "geometry": {
        "type": "Point",
        "coordinates": [
          -157.7093733,
          21.302366
        ]
      },
      "properties": {
        "id": "osm-545313519",
        "lat": 21.302366,
        "lon": -157.7093733,
        "name": "",
        "address": "Kii Street, Hahaione Valley, East Honolulu, Honolulu, Honolulu County, Hawaii, 96825, United States",
        "neighborhood": "hawaii-kai",
        "source": "osm",
        "osm_id": 545313519,
        "osm_type": "way"
      }
    },
    {
      "type": "Feature",
      "geometry": {
        "type": "Point",
        "coordinates": [
          -157.7088394,
          21.3020286
        ]
      },
      "properties": {
        "id": "osm-545313525",
        "lat": 21.3020286,
        "lon": -157.7088394,
        "name": "",
        "address": "Kii Street, Hahaione Valley, East Honolulu, Honolulu, Honolulu County, Hawaii, 96825, United States",
        "neighborhood": "hawaii-kai",
        "source": "osm",
        "osm_id": 545313525,
        "osm_type": "way"
      }
    },
    {
      "type": "Feature",
      "geometry": {
        "type": "Point",
        "coordinates": [
          -157.7088073,
          21.299838
        ]
      },
      "properties": {
        "id": "osm-545337616",
        "lat": 21.299838,
        "lon": -157.7088073,
        "name": "",
        "address": "Kii Street, Hahaione Valley, East Honolulu, Honolulu, Honolulu County, Hawaii, 96825, United States",
        "neighborhood": "hawaii-kai",
        "source": "osm",
        "osm_id": 545337616,
        "osm_type": "way"
      }
    },
    {
      "type": "Feature",
      "geometry": {
        "type": "Point",
        "coordinates": [
          -157.7102132,
          21.3003959
        ]
      },
      "properties": {
        "id": "osm-545339417",
        "lat": 21.3003959,
        "lon": -157.7102132,
        "name": "",
        "address": "6643, Kauna Street, Hahaione Valley, Mariner's Cove, Kuli\u02bbou\u02bbou, East Honolulu, Honolulu, Honolulu County, Hawaii, 96825, United States",
        "neighborhood": "unknown",
        "source": "osm",
        "osm_id": 545339417,
        "osm_type": "way"
      }
    },
    {
      "type": "Feature",
      "geometry": {
        "type": "Point",
        "coordinates": [
          -157.7105122,
          21.3002221
        ]
      },
      "properties": {
        "id": "osm-545340433",
        "lat": 21.3002221,
        "lon": -157.7105122,
        "name": "",
        "address": "Kalopa Street, Hahaione Valley, Kuli\u02bbou\u02bbou, East Honolulu, Honolulu, Honolulu County, Hawaii, 96825, United States",
        "neighborhood": "unknown",
        "source": "osm",
        "osm_id": 545340433,
        "osm_type": "way"
      }
    },
    {
      "type": "Feature",
      "geometry": {
        "type": "Point",
        "coordinates": [
          -157.7094454,
          21.2995514
        ]
      },
      "properties": {
        "id": "osm-545345628",
        "lat": 21.2995514,
        "lon": -157.7094454,
        "name": "",
        "address": "782, Kii Street, Hahaione Valley, Mariner's Cove, Kuli\u02bbou\u02bbou, East Honolulu, Honolulu, Honolulu County, Hawaii, 96825, United States",
        "neighborhood": "hawaii-kai",
        "source": "osm",
        "osm_id": 545345628,
        "osm_type": "way"
      }
    },
    {
      "type": "Feature",
      "geometry": {
        "type": "Point",
        "coordinates": [
          -157.7110139,
          21.298465
        ]
      },
      "properties": {
        "id": "osm-545350394",
        "lat": 21.298465,
        "lon": -157.7110139,
        "name": "",
        "address": "Ainapo Street, Hahaione Valley, Kuli\u02bbou\u02bbou, East Honolulu, Honolulu, Honolulu County, Hawaii, 96825, United States",
        "neighborhood": "niu-valley",
        "source": "osm",
        "osm_id": 545350394,
        "osm_type": "way"
      }
    },
    {
      "type": "Feature",
      "geometry": {
        "type": "Point",
        "coordinates": [
          -157.7099204,
          21.2987045
        ]
      },
      "properties": {
        "id": "osm-545351982",
        "lat": 21.2987045,
        "lon": -157.7099204,
        "name": "",
        "address": "Kii Street, Hahaione Valley, Kuli\u02bbou\u02bbou, East Honolulu, Honolulu, Honolulu County, Hawaii, 96825, United States",
        "neighborhood": "hawaii-kai",
        "source": "osm",
        "osm_id": 545351982,
        "osm_type": "way"
      }
    },
    {
      "type": "Feature",
      "geometry": {
        "type": "Point",
        "coordinates": [
          -157.7088754,
          21.2995095
        ]
      },
      "properties": {
        "id": "osm-545568582",
        "lat": 21.2995095,
        "lon": -157.7088754,
        "name": "",
        "address": "767, Kii Street, Hahaione Valley, Mariner's Cove, Kuli\u02bbou\u02bbou, East Honolulu, Honolulu, Honolulu County, Hawaii, 96825, United States",
        "neighborhood": "hawaii-kai",
        "source": "osm",
        "osm_id": 545568582,
        "osm_type": "way"
      }
    },
    {
      "type": "Feature",
      "geometry": {
        "type": "Point",
        "coordinates": [
          -157.7089201,
          21.2983116
        ]
      },
      "properties": {
        "id": "osm-545568925",
        "lat": 21.2983116,
        "lon": -157.7089201,
        "name": "",
        "address": "779, Kapulena Loop, Hahaione Valley, Mariner's Cove, Kuli\u02bbou\u02bbou, East Honolulu, Honolulu, Honolulu County, Hawaii, 96825, United States",
        "neighborhood": "hawaii-kai",
        "source": "osm",
        "osm_id": 545568925,
        "osm_type": "way"
      }
    },
    {
      "type": "Feature",
      "geometry": {
        "type": "Point",
        "coordinates": [
          -157.7108677,
          21.2982294
        ]
      },
      "properties": {
        "id": "osm-545569657",
        "lat": 21.2982294,
        "lon": -157.7108677,
        "name": "",
        "address": "Kapulena Loop, Hahaione Valley, East Honolulu, Honolulu, Honolulu County, Hawaii, 96825, United States",
        "neighborhood": "niu-valley",
        "source": "osm",
        "osm_id": 545569657,
        "osm_type": "way"
      }
    },
    {
      "type": "Feature",
      "geometry": {
        "type": "Point",
        "coordinates": [
          -157.708582,
          21.3009924
        ]
      },
      "properties": {
        "id": "osm-549194200",
        "lat": 21.3009924,
        "lon": -157.708582,
        "name": "",
        "address": "Hahaione Street, Hahaione Valley, East Honolulu, Honolulu, Honolulu County, Hawaii, 96825, United States",
        "neighborhood": "hawaii-kai",
        "source": "osm",
        "osm_id": 549194200,
        "osm_type": "way"
      }
    },
    {
      "type": "Feature",
      "geometry": {
        "type": "Point",
        "coordinates": [
          -157.7086816,
          21.2982735
        ]
      },
      "properties": {
        "id": "osm-549195662",
        "lat": 21.2982735,
        "lon": -157.7086816,
        "name": "",
        "address": "Hahaione Street, Hahaione Valley, East Honolulu, Honolulu, Honolulu County, Hawaii, 96825, United States",
        "neighborhood": "hawaii-kai",
        "source": "osm",
        "osm_id": 549195662,
        "osm_type": "way"
      }
    },
    {
      "type": "Feature",
      "geometry": {
        "type": "Point",
        "coordinates": [
          -157.7100169,
          21.2977535
        ]
      },
      "properties": {
        "id": "osm-549195669",
        "lat": 21.2977535,
        "lon": -157.7100169,
        "name": "",
        "address": "Pepe\u02bbekeo Street, Hahaione Valley, East Honolulu, Honolulu, Honolulu County, Hawaii, 96825, United States",
        "neighborhood": "niu-valley",
        "source": "osm",
        "osm_id": 549195669,
        "osm_type": "way"
      }
    },
    {
      "type": "Feature",
      "geometry": {
        "type": "Point",
        "coordinates": [
          -157.7097265,
          21.29776
        ]
      },
      "properties": {
        "id": "osm-549195672",
        "lat": 21.29776,
        "lon": -157.7097265,
        "name": "",
        "address": "Pepe\u02bbekeo Street, Hahaione Valley, East Honolulu, Honolulu, Honolulu County, Hawaii, 96825, United States",
        "neighborhood": "hawaii-kai",
        "source": "osm",
        "osm_id": 549195672,
        "osm_type": "way"
      }
    },
    {
      "type": "Feature",
      "geometry": {
        "type": "Point",
        "coordinates": [
          -157.7093111,
          21.2977432
        ]
      },
      "properties": {
        "id": "osm-549195675",
        "lat": 21.2977432,
        "lon": -157.7093111,
        "name": "",
        "address": "Pepe\u02bbekeo Street, Hahaione Valley, East Honolulu, Honolulu, Honolulu County, Hawaii, 96825, United States",
        "neighborhood": "hawaii-kai",
        "source": "osm",
        "osm_id": 549195675,
        "osm_type": "way"
      }
    },
    {
      "type": "Feature",
      "geometry": {
        "type": "Point",
        "coordinates": [
          -157.7099121,
          21.3064836
        ]
      },
      "properties": {
        "id": "osm-549202461",
        "lat": 21.3064836,
        "lon": -157.7099121,
        "name": "",
        "address": "Hahaione Street, Hahaione Valley, East Honolulu, Honolulu, Honolulu County, Hawaii, 96825, United States",
        "neighborhood": "hawaii-kai",
        "source": "osm",
        "osm_id": 549202461,
        "osm_type": "way"
      }
    },
    {
      "type": "Feature",
      "geometry": {
        "type": "Point",
        "coordinates": [
          -157.7100292,
          21.3067638
        ]
      },
      "properties": {
        "id": "osm-549206204",
        "lat": 21.3067638,
        "lon": -157.7100292,
        "name": "",
        "address": "Hokulani Street, Hahaione Valley, East Honolulu, Honolulu, Honolulu County, Hawaii, 96825, United States",
        "neighborhood": "unknown",
        "source": "osm",
        "osm_id": 549206204,
        "osm_type": "way"
      }
    },
    {
      "type": "Feature",
      "geometry": {
        "type": "Point",
        "coordinates": [
          -157.7092319,
          21.3071697
        ]
      },
      "properties": {
        "id": "osm-549207665",
        "lat": 21.3071697,
        "lon": -157.7092319,
        "name": "",
        "address": "Nanahonua Street, Hahaione Valley, East Honolulu, Honolulu, Honolulu County, Hawaii, 96825, United States",
        "neighborhood": "hawaii-kai",
        "source": "osm",
        "osm_id": 549207665,
        "osm_type": "way"
      }
    },
    {
      "type": "Feature",
      "geometry": {
        "type": "Point",
        "coordinates": [
          -157.7099554,
          21.3076312
        ]
      },
      "properties": {
        "id": "osm-549207683",
        "lat": 21.3076312,
        "lon": -157.7099554,
        "name": "",
        "address": "Nanahonua Street, Hahaione Valley, East Honolulu, Honolulu, Honolulu County, Hawaii, 96825, United States",
        "neighborhood": "hawaii-kai",
        "source": "osm",
        "osm_id": 549207683,
        "osm_type": "way"
      }
    },
    {
      "type": "Feature",
      "geometry": {
        "type": "Point",
        "coordinates": [
          -157.7099664,
          21.3073342
        ]
      },
      "properties": {
        "id": "osm-549207686",
        "lat": 21.3073342,
        "lon": -157.7099664,
        "name": "",
        "address": "893, Hokulani Street, Hahaione Valley, Mariner's Cove, Kuli\u02bbou\u02bbou, East Honolulu, Honolulu, Honolulu County, Hawaii, 96825, United States",
        "neighborhood": "hawaii-kai",
        "source": "osm",
        "osm_id": 549207686,
        "osm_type": "way"
      }
    },
    {
      "type": "Feature",
      "geometry": {
        "type": "Point",
        "coordinates": [
          -157.709199,
          21.3068338
        ]
      },
      "properties": {
        "id": "osm-549208119",
        "lat": 21.3068338,
        "lon": -157.709199,
        "name": "",
        "address": "Hokulani Street, Hahaione Valley, East Honolulu, Honolulu, Honolulu County, Hawaii, 96825, United States",
        "neighborhood": "hawaii-kai",
        "source": "osm",
        "osm_id": 549208119,
        "osm_type": "way"
      }
    },
    {
      "type": "Feature",
      "geometry": {
        "type": "Point",
        "coordinates": [
          -157.7077805,
          21.2936957
        ]
      },
      "properties": {
        "id": "osm-549210985",
        "lat": 21.2936957,
        "lon": -157.7077805,
        "name": "",
        "address": "Hawai\u2019i Kai Drive, Hahaione High Rise, East Honolulu, Honolulu, Honolulu County, Hawaii, 96825, United States",
        "neighborhood": "hawaii-kai",
        "source": "osm",
        "osm_id": 549210985,
        "osm_type": "way"
      }
    },
    {
      "type": "Feature",
      "geometry": {
        "type": "Point",
        "coordinates": [
          -157.7118053,
          21.3106027
        ]
      },
      "properties": {
        "id": "osm-549210990",
        "lat": 21.3106027,
        "lon": -157.7118053,
        "name": "",
        "address": "999, Pukoo Place, Hahaione Valley, Mariner's Cove, Kuli\u02bbou\u02bbou, East Honolulu, Honolulu, Honolulu County, Hawaii, 96825, United States",
        "neighborhood": "unknown",
        "source": "osm",
        "osm_id": 549210990,
        "osm_type": "way"
      }
    },
    {
      "type": "Feature",
      "geometry": {
        "type": "Point",
        "coordinates": [
          -157.7123009,
          21.3099931
        ]
      },
      "properties": {
        "id": "osm-549210994",
        "lat": 21.3099931,
        "lon": -157.7123009,
        "name": "",
        "address": "Hahaione Place, Hahaione Valley, East Honolulu, Honolulu, Honolulu County, Hawaii, 96825, United States",
        "neighborhood": "unknown",
        "source": "osm",
        "osm_id": 549210994,
        "osm_type": "way"
      }
    },
    {
      "type": "Feature",
      "geometry": {
        "type": "Point",
        "coordinates": [
          -157.7121171,
          21.3098619
        ]
      },
      "properties": {
        "id": "osm-549210996",
        "lat": 21.3098619,
        "lon": -157.7121171,
        "name": "",
        "address": "Hahaione Place, Hahaione Valley, Kuli\u02bbou\u02bbou, East Honolulu, Honolulu, Honolulu County, Hawaii, 96825, United States",
        "neighborhood": "unknown",
        "source": "osm",
        "osm_id": 549210996,
        "osm_type": "way"
      }
    },
    {
      "type": "Feature",
      "geometry": {
        "type": "Point",
        "coordinates": [
          -157.7103967,
          21.3096969
        ]
      },
      "properties": {
        "id": "osm-549224072",
        "lat": 21.3096969,
        "lon": -157.7103967,
        "name": "",
        "address": "Pukoo Street, Hahaione Valley, East Honolulu, Honolulu, Honolulu County, Hawaii, 96825, United States",
        "neighborhood": "unknown",
        "source": "osm",
        "osm_id": 549224072,
        "osm_type": "way"
      }
    },
    {
      "type": "Feature",
      "geometry": {
        "type": "Point",
        "coordinates": [
          -157.7094345,
          21.3081526
        ]
      },
      "properties": {
        "id": "osm-549225013",
        "lat": 21.3081526,
        "lon": -157.7094345,
        "name": "",
        "address": "Uwao Street, Hahaione Valley, East Honolulu, Honolulu, Honolulu County, Hawaii, 96825, United States",
        "neighborhood": "hawaii-kai",
        "source": "osm",
        "osm_id": 549225013,
        "osm_type": "way"
      }
    },
    {
      "type": "Feature",
      "geometry": {
        "type": "Point",
        "coordinates": [
          -157.7073668,
          21.3046468
        ]
      },
      "properties": {
        "id": "osm-549225020",
        "lat": 21.3046468,
        "lon": -157.7073668,
        "name": "",
        "address": "Waika Place, Hahaione Valley, East Honolulu, Honolulu, Honolulu County, Hawaii, 96825, United States",
        "neighborhood": "hawaii-kai",
        "source": "osm",
        "osm_id": 549225020,
        "osm_type": "way"
      }
    },
    {
      "type": "Feature",
      "geometry": {
        "type": "Point",
        "coordinates": [
          -157.7083708,
          21.3042886
        ]
      },
      "properties": {
        "id": "osm-549226139",
        "lat": 21.3042886,
        "lon": -157.7083708,
        "name": "",
        "address": "Hahaione Street, Hahaione Valley, East Honolulu, Honolulu, Honolulu County, Hawaii, 96825, United States",
        "neighborhood": "hawaii-kai",
        "source": "osm",
        "osm_id": 549226139,
        "osm_type": "way"
      }
    },
    {
      "type": "Feature",
      "geometry": {
        "type": "Point",
        "coordinates": [
          -157.7081682,
          21.3038624
        ]
      },
      "properties": {
        "id": "osm-549226142",
        "lat": 21.3038624,
        "lon": -157.7081682,
        "name": "",
        "address": "785, Hahaione Street, Hahaione Valley, Mariner's Cove, Kuli\u02bbou\u02bbou, East Honolulu, Honolulu, Honolulu County, Hawaii, 96825, United States",
        "neighborhood": "hawaii-kai",
        "source": "osm",
        "osm_id": 549226142,
        "osm_type": "way"
      }
    },
    {
      "type": "Feature",
      "geometry": {
        "type": "Point",
        "coordinates": [
          -157.7080805,
          21.3002051
        ]
      },
      "properties": {
        "id": "osm-549227065",
        "lat": 21.3002051,
        "lon": -157.7080805,
        "name": "",
        "address": "681, Hahaione Street, Hahaione Valley, Mariner's Cove, Kuli\u02bbou\u02bbou, East Honolulu, Honolulu, Honolulu County, Hawaii, 96825, United States",
        "neighborhood": "hawaii-kai",
        "source": "osm",
        "osm_id": 549227065,
        "osm_type": "way"
      }
    },
    {
      "type": "Feature",
      "geometry": {
        "type": "Point",
        "coordinates": [
          -157.7079557,
          21.2980969
        ]
      },
      "properties": {
        "id": "osm-549227977",
        "lat": 21.2980969,
        "lon": -157.7079557,
        "name": "",
        "address": "Hahaione Street, Hahaione Valley, East Honolulu, Honolulu, Honolulu County, Hawaii, 96825, United States",
        "neighborhood": "hawaii-kai",
        "source": "osm",
        "osm_id": 549227977,
        "osm_type": "way"
      }
    },
    {
      "type": "Feature",
      "geometry": {
        "type": "Point",
        "coordinates": [
          -157.7078679,
          21.2978549
        ]
      },
      "properties": {
        "id": "osm-549227980",
        "lat": 21.2978549,
        "lon": -157.7078679,
        "name": "",
        "address": "Hahaione Street, Hahaione Valley, East Honolulu, Honolulu, Honolulu County, Hawaii, 96825, United States",
        "neighborhood": "hawaii-kai",
        "source": "osm",
        "osm_id": 549227980,
        "osm_type": "way"
      }
    },
    {
      "type": "Feature",
      "geometry": {
        "type": "Point",
        "coordinates": [
          -157.7111458,
          21.2934787
        ]
      },
      "properties": {
        "id": "osm-549232084",
        "lat": 21.2934787,
        "lon": -157.7111458,
        "name": "",
        "address": "Hawai\u2019i Kai Drive, Hahaione Valley, Hawai\u2019i Kai, Marina Central, East Honolulu, Honolulu, Honolulu County, Hawaii, 96825, United States",
        "neighborhood": "niu-valley",
        "source": "osm",
        "osm_id": 549232084,
        "osm_type": "way"
      }
    },
    {
      "type": "Feature",
      "geometry": {
        "type": "Point",
        "coordinates": [
          -157.7114767,
          21.2927817
        ]
      },
      "properties": {
        "id": "osm-549232089",
        "lat": 21.2927817,
        "lon": -157.7114767,
        "name": "",
        "address": "6602, Hawai\u2019i Kai Drive, Hahaione Valley, Marina Central, East Honolulu, Honolulu, Honolulu County, Hawaii, 96825, United States",
        "neighborhood": "niu-valley",
        "source": "osm",
        "osm_id": 549232089,
        "osm_type": "way"
      }
    },
    {
      "type": "Feature",
      "geometry": {
        "type": "Point",
        "coordinates": [
          -157.7121381,
          21.2911018
        ]
      },
      "properties": {
        "id": "osm-549624007",
        "lat": 21.2911018,
        "lon": -157.7121381,
        "name": "",
        "address": "Hawai\u2019i Kai Drive, Hahaione Valley, Hawai\u2019i Kai, Marina Central, East Honolulu, Honolulu, Honolulu County, Hawaii, 96825, United States",
        "neighborhood": "niu-valley",
        "source": "osm",
        "osm_id": 549624007,
        "osm_type": "way"
      }
    },
    {
      "type": "Feature",
      "geometry": {
        "type": "Point",
        "coordinates": [
          -157.7102962,
          21.295207
        ]
      },
      "properties": {
        "id": "osm-550331311",
        "lat": 21.295207,
        "lon": -157.7102962,
        "name": "",
        "address": "Pepe\u02bbekeo Street, Hahaione Valley, Kuli\u02bbou\u02bbou, East Honolulu, Honolulu, Honolulu County, Hawaii, 96825, United States",
        "neighborhood": "niu-valley",
        "source": "osm",
        "osm_id": 550331311,
        "osm_type": "way"
      }
    },
    {
      "type": "Feature",
      "geometry": {
        "type": "Point",
        "coordinates": [
          -157.9962521,
          21.6986646
        ]
      },
      "properties": {
        "id": "osm-552290866",
        "lat": 21.6986646,
        "lon": -157.9962521,
        "name": "",
        "address": "West Kuilima Loop, Honolulu County, Hawaii, 96731, United States",
        "neighborhood": "unknown",
        "source": "osm",
        "osm_id": 552290866,
        "osm_type": "way"
      }
    },
    {
      "type": "Feature",
      "geometry": {
        "type": "Point",
        "coordinates": [
          -157.8203211,
          21.421747
        ]
      },
      "properties": {
        "id": "osm-556578768",
        "lat": 21.421747,
        "lon": -157.8203211,
        "name": "",
        "address": "Holokaa Street, Crown Terrace, Heeia, Honolulu County, Hawaii, 96744, United States",
        "neighborhood": "unknown",
        "source": "osm",
        "osm_id": 556578768,
        "osm_type": "way"
      }
    },
    {
      "type": "Feature",
      "geometry": {
        "type": "Point",
        "coordinates": [
          -157.8194398,
          21.4218061
        ]
      },
      "properties": {
        "id": "osm-556578771",
        "lat": 21.4218061,
        "lon": -157.8194398,
        "name": "",
        "address": "Holokaa Street, Heeia, Honolulu County, Hawaii, 96744, United States",
        "neighborhood": "kaneohe",
        "source": "osm",
        "osm_id": 556578771,
        "osm_type": "way"
      }
    },
    {
      "type": "Feature",
      "geometry": {
        "type": "Point",
        "coordinates": [
          -157.8197621,
          21.4218055
        ]
      },
      "properties": {
        "id": "osm-556578772",
        "lat": 21.4218055,
        "lon": -157.8197621,
        "name": "",
        "address": "Holokaa Street, Crown Terrace, Heeia, Honolulu County, Hawaii, 96744, United States",
        "neighborhood": "kaneohe",
        "source": "osm",
        "osm_id": 556578772,
        "osm_type": "way"
      }
    },
    {
      "type": "Feature",
      "geometry": {
        "type": "Point",
        "coordinates": [
          -158.0069113,
          21.3108557
        ]
      },
      "properties": {
        "id": "osm-587379676",
        "lat": 21.3108557,
        "lon": -158.0069113,
        "name": "Parish",
        "address": "Parish, Parish Drive, Ewa Beach, Honolulu County, Hawaii, 96706, United States",
        "neighborhood": "ewa-beach",
        "source": "osm",
        "osm_id": 587379676,
        "osm_type": "way"
      }
    },
    {
      "type": "Feature",
      "geometry": {
        "type": "Point",
        "coordinates": [
          -157.9596573,
          21.4085411
        ]
      },
      "properties": {
        "id": "osm-595894319",
        "lat": 21.4085411,
        "lon": -157.9596573,
        "name": "",
        "address": "Leahi Swim School, Komo Mai Drive, Pearl City, Honolulu County, Hawaii, 96782, United States",
        "neighborhood": "pearl-city",
        "source": "osm",
        "osm_id": 595894319,
        "osm_type": "way"
      }
    },
    {
      "type": "Feature",
      "geometry": {
        "type": "Point",
        "coordinates": [
          -157.9699218,
          21.4079134
        ]
      },
      "properties": {
        "id": "osm-595894320",
        "lat": 21.4079134,
        "lon": -157.9699218,
        "name": "Manana pool",
        "address": "Manana pool, Kuahaka Street, Pearl Highlands, Pearl City, Honolulu County, Hawaii, 96782, United States",
        "neighborhood": "pearl-city",
        "source": "osm",
        "osm_id": 595894320,
        "osm_type": "way"
      }
    },
    {
      "type": "Feature",
      "geometry": {
        "type": "Point",
        "coordinates": [
          -157.8391493,
          21.287085
        ]
      },
      "properties": {
        "id": "osm-606810114",
        "lat": 21.287085,
        "lon": -157.8391493,
        "name": "",
        "address": "Ala Moana Boulevard, Ala Moana, East Honolulu, Honolulu, Honolulu County, Hawaii, 96841, United States",
        "neighborhood": "honolulu",
        "source": "osm",
        "osm_id": 606810114,
        "osm_type": "way"
      }
    },
    {
      "type": "Feature",
      "geometry": {
        "type": "Point",
        "coordinates": [
          -157.8392306,
          21.2870171
        ]
      },
      "properties": {
        "id": "osm-606810536",
        "lat": 21.2870171,
        "lon": -157.8392306,
        "name": "Marina Tower Waikiki Hot Tub",
        "address": "Marina Tower Waikiki Hot Tub, Ala Moana Boulevard, Ala Moana, Honolulu, Honolulu County, Hawaii, 96841, United States",
        "neighborhood": "honolulu",
        "source": "osm",
        "osm_id": 606810536,
        "osm_type": "way"
      }
    },
    {
      "type": "Feature",
      "geometry": {
        "type": "Point",
        "coordinates": [
          -158.1240509,
          21.339183
        ]
      },
      "properties": {
        "id": "osm-615578238",
        "lat": 21.339183,
        "lon": -158.1240509,
        "name": "",
        "address": "P\u0101p\u0101lua Shave Ice, 92-1185, Ali'inui Drive, Kapolei, Honolulu County, Hawaii, 96707, United States",
        "neighborhood": "unknown",
        "source": "osm",
        "osm_id": 615578238,
        "osm_type": "way"
      }
    },
    {
      "type": "Feature",
      "geometry": {
        "type": "Point",
        "coordinates": [
          -158.124793,
          21.3392804
        ]
      },
      "properties": {
        "id": "osm-615578240",
        "lat": 21.3392804,
        "lon": -158.124793,
        "name": "",
        "address": "Wailana Pool Bar, 92-1185, Ali'inui Drive, Kapolei, Honolulu County, Hawaii, 96707, United States",
        "neighborhood": "unknown",
        "source": "osm",
        "osm_id": 615578240,
        "osm_type": "way"
      }
    },
    {
      "type": "Feature",
      "geometry": {
        "type": "Point",
        "coordinates": [
          -158.1249626,
          21.3387603
        ]
      },
      "properties": {
        "id": "osm-615578248",
        "lat": 21.3387603,
        "lon": -158.1249626,
        "name": "",
        "address": "Wailana Pool Bar, 92-1185, Ali'inui Drive, Kapolei, Honolulu County, Hawaii, 96707, United States",
        "neighborhood": "unknown",
        "source": "osm",
        "osm_id": 615578248,
        "osm_type": "way"
      }
    },
    {
      "type": "Feature",
      "geometry": {
        "type": "Point",
        "coordinates": [
          -158.0032962,
          21.3258696
        ]
      },
      "properties": {
        "id": "osm-621637586",
        "lat": 21.3258696,
        "lon": -158.0032962,
        "name": "",
        "address": "Hanaloa Street, Ewa Beach, Honolulu County, Hawaii, 96706, United States",
        "neighborhood": "ewa-beach",
        "source": "osm",
        "osm_id": 621637586,
        "osm_type": "way"
      }
    },
    {
      "type": "Feature",
      "geometry": {
        "type": "Point",
        "coordinates": [
          -157.8246648,
          21.3015069
        ]
      },
      "properties": {
        "id": "osm-631699356",
        "lat": 21.3015069,
        "lon": -157.8246648,
        "name": "",
        "address": "Alekoki Place, Lower M\u0101noa, Makiki, Honolulu, Honolulu County, Hawaii, 96822, United States",
        "neighborhood": "honolulu",
        "source": "osm",
        "osm_id": 631699356,
        "osm_type": "way"
      }
    },
    {
      "type": "Feature",
      "geometry": {
        "type": "Point",
        "coordinates": [
          -157.7681654,
          21.3787655
        ]
      },
      "properties": {
        "id": "osm-647162922",
        "lat": 21.3787655,
        "lon": -157.7681654,
        "name": "",
        "address": "Le Jardin Academy, 917, Kalanianaole Highway, Maunawili, East Honolulu, Kailua, Honolulu County, Hawaii, 96734, United States",
        "neighborhood": "unknown",
        "source": "osm",
        "osm_id": 647162922,
        "osm_type": "way"
      }
    },
    {
      "type": "Feature",
      "geometry": {
        "type": "Point",
        "coordinates": [
          -157.9795146,
          21.3216592
        ]
      },
      "properties": {
        "id": "osm-650389557",
        "lat": 21.3216592,
        "lon": -157.9795146,
        "name": "",
        "address": "Iroquois Avenue, Iroquois Point, Ewa Beach, Honolulu County, Hawaii, 96853, United States",
        "neighborhood": "iroquois-point",
        "source": "osm",
        "osm_id": 650389557,
        "osm_type": "way"
      }
    },
    {
      "type": "Feature",
      "geometry": {
        "type": "Point",
        "coordinates": [
          -157.9569495,
          21.3432082
        ]
      },
      "properties": {
        "id": "osm-663776703",
        "lat": 21.3432082,
        "lon": -157.9569495,
        "name": "",
        "address": "Joint Base Pearl Harbor-Hickam Main, Queen Lili\u02bbuokalani Freeway, H\u0101lawa, Waipahu, Honolulu County, Hawaii, 96701, United States",
        "neighborhood": "hickam-housing",
        "source": "osm",
        "osm_id": 663776703,
        "osm_type": "way"
      }
    },
    {
      "type": "Feature",
      "geometry": {
        "type": "Point",
        "coordinates": [
          -158.1225759,
          21.3347945
        ]
      },
      "properties": {
        "id": "osm-676136130",
        "lat": 21.3347945,
        "lon": -158.1225759,
        "name": "",
        "address": "Waiali'i Place, Kapolei, Honolulu County, Hawaii, 96707, United States",
        "neighborhood": "unknown",
        "source": "osm",
        "osm_id": 676136130,
        "osm_type": "way"
      }
    },
    {
      "type": "Feature",
      "geometry": {
        "type": "Point",
        "coordinates": [
          -158.1216505,
          21.335113
        ]
      },
      "properties": {
        "id": "osm-676136131",
        "lat": 21.335113,
        "lon": -158.1216505,
        "name": "",
        "address": "Waiali'i Place, Kapolei, Honolulu County, Hawaii, 96707, United States",
        "neighborhood": "unknown",
        "source": "osm",
        "osm_id": 676136131,
        "osm_type": "way"
      }
    },
    {
      "type": "Feature",
      "geometry": {
        "type": "Point",
        "coordinates": [
          -158.1549917,
          21.4399549
        ]
      },
      "properties": {
        "id": "osm-698064258",
        "lat": 21.4399549,
        "lon": -158.1549917,
        "name": "",
        "address": "Lualualei Homestead Road, Honolulu County, Hawaii, 96792, United States",
        "neighborhood": "maili",
        "source": "osm",
        "osm_id": 698064258,
        "osm_type": "way"
      }
    },
    {
      "type": "Feature",
      "geometry": {
        "type": "Point",
        "coordinates": [
          -157.7982684,
          21.2595693
        ]
      },
      "properties": {
        "id": "osm-719114610",
        "lat": 21.2595693,
        "lon": -157.7982684,
        "name": "",
        "address": "Poka Street, Black Point, K\u0101hala, East Honolulu, Honolulu, Honolulu County, Hawaii, 96828, United States",
        "neighborhood": "unknown",
        "source": "osm",
        "osm_id": 719114610,
        "osm_type": "way"
      }
    },
    {
      "type": "Feature",
      "geometry": {
        "type": "Point",
        "coordinates": [
          -157.798828,
          21.2612368
        ]
      },
      "properties": {
        "id": "osm-719114619",
        "lat": 21.2612368,
        "lon": -157.798828,
        "name": "",
        "address": "Pokapahu Place, Black Point, K\u0101hala, East Honolulu, Honolulu, Honolulu County, Hawaii, 96828, United States",
        "neighborhood": "unknown",
        "source": "osm",
        "osm_id": 719114619,
        "osm_type": "way"
      }
    },
    {
      "type": "Feature",
      "geometry": {
        "type": "Point",
        "coordinates": [
          -157.7975379,
          21.2612234
        ]
      },
      "properties": {
        "id": "osm-719114620",
        "lat": 21.2612234,
        "lon": -157.7975379,
        "name": "",
        "address": "Paikau Street, Black Point, K\u0101hala, East Honolulu, Honolulu, Honolulu County, Hawaii, 96828, United States",
        "neighborhood": "unknown",
        "source": "osm",
        "osm_id": 719114620,
        "osm_type": "way"
      }
    },
    {
      "type": "Feature",
      "geometry": {
        "type": "Point",
        "coordinates": [
          -157.7973151,
          21.261193
        ]
      },
      "properties": {
        "id": "osm-719114621",
        "lat": 21.261193,
        "lon": -157.7973151,
        "name": "",
        "address": "Kaualio Place, Black Point, K\u0101hala, East Honolulu, Honolulu, Honolulu County, Hawaii, 96828, United States",
        "neighborhood": "unknown",
        "source": "osm",
        "osm_id": 719114621,
        "osm_type": "way"
      }
    },
    {
      "type": "Feature",
      "geometry": {
        "type": "Point",
        "coordinates": [
          -157.7969584,
          21.2607461
        ]
      },
      "properties": {
        "id": "osm-719114622",
        "lat": 21.2607461,
        "lon": -157.7969584,
        "name": "",
        "address": "Paikau Street, Black Point, K\u0101hala, East Honolulu, Honolulu, Honolulu County, Hawaii, 96828, United States",
        "neighborhood": "unknown",
        "source": "osm",
        "osm_id": 719114622,
        "osm_type": "way"
      }
    },
    {
      "type": "Feature",
      "geometry": {
        "type": "Point",
        "coordinates": [
          -157.815156,
          21.4231973
        ]
      },
      "properties": {
        "id": "osm-726999222",
        "lat": 21.4231973,
        "lon": -157.815156,
        "name": "",
        "address": "Kalaua Place, Crown Terrace, Heeia, Honolulu County, Hawaii, 96744, United States",
        "neighborhood": "kaneohe",
        "source": "osm",
        "osm_id": 726999222,
        "osm_type": "way"
      }
    },
    {
      "type": "Feature",
      "geometry": {
        "type": "Point",
        "coordinates": [
          -157.8149634,
          21.4230666
        ]
      },
      "properties": {
        "id": "osm-726999223",
        "lat": 21.4230666,
        "lon": -157.8149634,
        "name": "",
        "address": "Kalali Street, Crown Terrace, Heeia, Honolulu County, Hawaii, 96744, United States",
        "neighborhood": "kaneohe",
        "source": "osm",
        "osm_id": 726999223,
        "osm_type": "way"
      }
    },
    {
      "type": "Feature",
      "geometry": {
        "type": "Point",
        "coordinates": [
          -157.8151137,
          21.4231322
        ]
      },
      "properties": {
        "id": "osm-726999224",
        "lat": 21.4231322,
        "lon": -157.8151137,
        "name": "",
        "address": "Kalali Street, Crown Terrace, Heeia, Honolulu County, Hawaii, 96744, United States",
        "neighborhood": "kaneohe",
        "source": "osm",
        "osm_id": 726999224,
        "osm_type": "way"
      }
    },
    {
      "type": "Feature",
      "geometry": {
        "type": "Point",
        "coordinates": [
          -157.8146509,
          21.4229344
        ]
      },
      "properties": {
        "id": "osm-726999225",
        "lat": 21.4229344,
        "lon": -157.8146509,
        "name": "",
        "address": "Kalali Street, Crown Terrace, Heeia, Honolulu County, Hawaii, 96744, United States",
        "neighborhood": "kaneohe",
        "source": "osm",
        "osm_id": 726999225,
        "osm_type": "way"
      }
    },
    {
      "type": "Feature",
      "geometry": {
        "type": "Point",
        "coordinates": [
          -157.8163716,
          21.4231891
        ]
      },
      "properties": {
        "id": "osm-726999477",
        "lat": 21.4231891,
        "lon": -157.8163716,
        "name": "",
        "address": "Kupale Street, Crown Terrace, Heeia, Honolulu County, Hawaii, 96744, United States",
        "neighborhood": "kaneohe",
        "source": "osm",
        "osm_id": 726999477,
        "osm_type": "way"
      }
    },
    {
      "type": "Feature",
      "geometry": {
        "type": "Point",
        "coordinates": [
          -157.8161306,
          21.4246213
        ]
      },
      "properties": {
        "id": "osm-727000358",
        "lat": 21.4246213,
        "lon": -157.8161306,
        "name": "",
        "address": "Kalali Street, Crown Terrace, Heeia, Honolulu County, Hawaii, 96744, United States",
        "neighborhood": "kaneohe",
        "source": "osm",
        "osm_id": 727000358,
        "osm_type": "way"
      }
    },
    {
      "type": "Feature",
      "geometry": {
        "type": "Point",
        "coordinates": [
          -157.8153542,
          21.423836
        ]
      },
      "properties": {
        "id": "osm-727000410",
        "lat": 21.423836,
        "lon": -157.8153542,
        "name": "",
        "address": "Kalaua Place, Crown Terrace, Heeia, Honolulu County, Hawaii, 96744, United States",
        "neighborhood": "kaneohe",
        "source": "osm",
        "osm_id": 727000410,
        "osm_type": "way"
      }
    },
    {
      "type": "Feature",
      "geometry": {
        "type": "Point",
        "coordinates": [
          -157.814143,
          21.4229452
        ]
      },
      "properties": {
        "id": "osm-727000411",
        "lat": 21.4229452,
        "lon": -157.814143,
        "name": "",
        "address": "Kalali Street, Crown Terrace, Heeia, Honolulu County, Hawaii, 96744, United States",
        "neighborhood": "kaneohe",
        "source": "osm",
        "osm_id": 727000411,
        "osm_type": "way"
      }
    },
    {
      "type": "Feature",
      "geometry": {
        "type": "Point",
        "coordinates": [
          -157.7419914,
          21.4091823
        ]
      },
      "properties": {
        "id": "osm-730041603",
        "lat": 21.4091823,
        "lon": -157.7419914,
        "name": "",
        "address": "Pilipu Place, Kailua, Honolulu County, Hawaii, 96735, United States",
        "neighborhood": "kailua",
        "source": "osm",
        "osm_id": 730041603,
        "osm_type": "way"
      }
    },
    {
      "type": "Feature",
      "geometry": {
        "type": "Point",
        "coordinates": [
          -157.7419943,
          21.4089764
        ]
      },
      "properties": {
        "id": "osm-730311853",
        "lat": 21.4089764,
        "lon": -157.7419943,
        "name": "",
        "address": "Pueohala Place, Kailua, Honolulu County, Hawaii, 96735, United States",
        "neighborhood": "kailua",
        "source": "osm",
        "osm_id": 730311853,
        "osm_type": "way"
      }
    },
    {
      "type": "Feature",
      "geometry": {
        "type": "Point",
        "coordinates": [
          -157.8370284,
          21.2859129
        ]
      },
      "properties": {
        "id": "osm-732217110",
        "lat": 21.2859129,
        "lon": -157.8370284,
        "name": "",
        "address": "343, Hobron Lane, McCully, East Honolulu, Honolulu, Honolulu County, Hawaii, 96815, United States",
        "neighborhood": "honolulu",
        "source": "osm",
        "osm_id": 732217110,
        "osm_type": "way"
      }
    },
    {
      "type": "Feature",
      "geometry": {
        "type": "Point",
        "coordinates": [
          -157.8365833,
          21.2858733
        ]
      },
      "properties": {
        "id": "osm-732217111",
        "lat": 21.2858733,
        "lon": -157.8365833,
        "name": "",
        "address": "1849, Kaioo Drive, McCully, Honolulu, Honolulu County, Hawaii, 96815, United States",
        "neighborhood": "honolulu",
        "source": "osm",
        "osm_id": 732217111,
        "osm_type": "way"
      }
    },
    {
      "type": "Feature",
      "geometry": {
        "type": "Point",
        "coordinates": [
          -157.8380396,
          21.285454
        ]
      },
      "properties": {
        "id": "osm-732217112",
        "lat": 21.285454,
        "lon": -157.8380396,
        "name": "",
        "address": "Kaioo Drive, McCully, Honolulu, Honolulu County, Hawaii, 96841, United States",
        "neighborhood": "honolulu",
        "source": "osm",
        "osm_id": 732217112,
        "osm_type": "way"
      }
    },
    {
      "type": "Feature",
      "geometry": {
        "type": "Point",
        "coordinates": [
          -157.8366607,
          21.2848371
        ]
      },
      "properties": {
        "id": "osm-732217114",
        "lat": 21.2848371,
        "lon": -157.8366607,
        "name": "",
        "address": "IHOP, 1850, Ala Moana Boulevard, McCully, Honolulu, Honolulu County, Hawaii, 96815, United States",
        "neighborhood": "honolulu",
        "source": "osm",
        "osm_id": 732217114,
        "osm_type": "way"
      }
    },
    {
      "type": "Feature",
      "geometry": {
        "type": "Point",
        "coordinates": [
          -157.8384868,
          21.2840304
        ]
      },
      "properties": {
        "id": "osm-732217115",
        "lat": 21.2840304,
        "lon": -157.8384868,
        "name": "",
        "address": "Kahanamoku Street, McCully, Honolulu, Honolulu County, Hawaii, 96841, United States",
        "neighborhood": "honolulu",
        "source": "osm",
        "osm_id": 732217115,
        "osm_type": "way"
      }
    },
    {
      "type": "Feature",
      "geometry": {
        "type": "Point",
        "coordinates": [
          -157.8361916,
          21.2866592
        ]
      },
      "properties": {
        "id": "osm-732217116",
        "lat": 21.2866592,
        "lon": -157.8361916,
        "name": "",
        "address": "Chateau Waikiki, 411, Hobron Lane, McCully, East Honolulu, Honolulu, Honolulu County, Hawaii, 96815, United States",
        "neighborhood": "honolulu",
        "source": "osm",
        "osm_id": 732217116,
        "osm_type": "way"
      }
    },
    {
      "type": "Feature",
      "geometry": {
        "type": "Point",
        "coordinates": [
          -157.8356381,
          21.2881574
        ]
      },
      "properties": {
        "id": "osm-732217117",
        "lat": 21.2881574,
        "lon": -157.8356381,
        "name": "",
        "address": "Ala Wai Boulevard, McCully, Honolulu, Honolulu County, Hawaii, 96841, United States",
        "neighborhood": "honolulu",
        "source": "osm",
        "osm_id": 732217117,
        "osm_type": "way"
      }
    },
    {
      "type": "Feature",
      "geometry": {
        "type": "Point",
        "coordinates": [
          -157.8351551,
          21.2871787
        ]
      },
      "properties": {
        "id": "osm-732217118",
        "lat": 21.2871787,
        "lon": -157.8351551,
        "name": "",
        "address": "The Waipuna, 469, Ena Road, McCully, Honolulu, Honolulu County, Hawaii, 96815, United States",
        "neighborhood": "honolulu",
        "source": "osm",
        "osm_id": 732217118,
        "osm_type": "way"
      }
    },
    {
      "type": "Feature",
      "geometry": {
        "type": "Point",
        "coordinates": [
          -157.8340205,
          21.2858193
        ]
      },
      "properties": {
        "id": "osm-732217119",
        "lat": 21.2858193,
        "lon": -157.8340205,
        "name": "",
        "address": "Doubletree Alana Waikiki Hotel, Dudoit Lane, McCully, Honolulu, Honolulu County, Hawaii, 96830, United States",
        "neighborhood": "honolulu",
        "source": "osm",
        "osm_id": 732217119,
        "osm_type": "way"
      }
    },
    {
      "type": "Feature",
      "geometry": {
        "type": "Point",
        "coordinates": [
          -157.8337069,
          21.2861384
        ]
      },
      "properties": {
        "id": "osm-732217120",
        "lat": 21.2861384,
        "lon": -157.8337069,
        "name": "",
        "address": "The Pavilion at Waikiki, 1925, Kal\u0101kaua Avenue, McCully, Honolulu, Honolulu County, Hawaii, 96815, United States",
        "neighborhood": "honolulu",
        "source": "osm",
        "osm_id": 732217120,
        "osm_type": "way"
      }
    },
    {
      "type": "Feature",
      "geometry": {
        "type": "Point",
        "coordinates": [
          -157.832857,
          21.2869048
        ]
      },
      "properties": {
        "id": "osm-732217121",
        "lat": 21.2869048,
        "lon": -157.832857,
        "name": "",
        "address": "Cream Pot, 444, Niu Street, McCully, Honolulu, Honolulu County, Hawaii, 96815, United States",
        "neighborhood": "honolulu",
        "source": "osm",
        "osm_id": 732217121,
        "osm_type": "way"
      }
    },
    {
      "type": "Feature",
      "geometry": {
        "type": "Point",
        "coordinates": [
          -157.8330597,
          21.2873345
        ]
      },
      "properties": {
        "id": "osm-732217122",
        "lat": 21.2873345,
        "lon": -157.8330597,
        "name": "",
        "address": "McCully Street, McCully, Honolulu, Honolulu County, Hawaii, 96826, United States",
        "neighborhood": "honolulu",
        "source": "osm",
        "osm_id": 732217122,
        "osm_type": "way"
      }
    },
    {
      "type": "Feature",
      "geometry": {
        "type": "Point",
        "coordinates": [
          -157.8297423,
          21.2842599
        ]
      },
      "properties": {
        "id": "osm-736666421",
        "lat": 21.2842599,
        "lon": -157.8297423,
        "name": "",
        "address": "\u02bbOlohana Street, Waik\u012bk\u012b, Honolulu, Honolulu County, Hawaii, 96926, United States",
        "neighborhood": "honolulu",
        "source": "osm",
        "osm_id": 736666421,
        "osm_type": "way"
      }
    },
    {
      "type": "Feature",
      "geometry": {
        "type": "Point",
        "coordinates": [
          -157.829867,
          21.2848749
        ]
      },
      "properties": {
        "id": "osm-736666422",
        "lat": 21.2848749,
        "lon": -157.829867,
        "name": "",
        "address": "Ala Wai Garden Plaza, 2055, Ala Wai Boulevard, Waik\u012bk\u012b, Honolulu, Honolulu County, Hawaii, 96815, United States",
        "neighborhood": "honolulu",
        "source": "osm",
        "osm_id": 736666422,
        "osm_type": "way"
      }
    },
    {
      "type": "Feature",
      "geometry": {
        "type": "Point",
        "coordinates": [
          -157.828472,
          21.283391
        ]
      },
      "properties": {
        "id": "osm-736666423",
        "lat": 21.283391,
        "lon": -157.828472,
        "name": "",
        "address": "Launiu Street, Waik\u012bk\u012b, Honolulu, Honolulu County, Hawaii, 96815, United States",
        "neighborhood": "honolulu",
        "source": "osm",
        "osm_id": 736666423,
        "osm_type": "way"
      }
    },
    {
      "type": "Feature",
      "geometry": {
        "type": "Point",
        "coordinates": [
          -157.8279819,
          21.2830348
        ]
      },
      "properties": {
        "id": "osm-736666424",
        "lat": 21.2830348,
        "lon": -157.8279819,
        "name": "",
        "address": "445, Kaiolu Street, Waik\u012bk\u012b, Honolulu, Honolulu County, Hawaii, 96815, United States",
        "neighborhood": "honolulu",
        "source": "osm",
        "osm_id": 736666424,
        "osm_type": "way"
      }
    },
    {
      "type": "Feature",
      "geometry": {
        "type": "Point",
        "coordinates": [
          -157.8282503,
          21.2825716
        ]
      },
      "properties": {
        "id": "osm-736666425",
        "lat": 21.2825716,
        "lon": -157.8282503,
        "name": "Aloha Towers Condominium Pool",
        "address": "123 Store, Lewers Street, Kalakaua Shopping District, Waik\u012bk\u012b, Honolulu, Honolulu County, Hawaii, 96815, United States",
        "neighborhood": "honolulu",
        "source": "osm",
        "osm_id": 736666425,
        "osm_type": "way"
      }
    },
    {
      "type": "Feature",
      "geometry": {
        "type": "Point",
        "coordinates": [
          -157.8287555,
          21.2826079
        ]
      },
      "properties": {
        "id": "osm-736666426",
        "lat": 21.2826079,
        "lon": -157.8287555,
        "name": "",
        "address": "Kaiolu Sunrise, 430, Kaiolu Street, Waik\u012bk\u012b, East Honolulu, Honolulu, Honolulu County, Hawaii, 96815, United States",
        "neighborhood": "honolulu",
        "source": "osm",
        "osm_id": 736666426,
        "osm_type": "way"
      }
    },
    {
      "type": "Feature",
      "geometry": {
        "type": "Point",
        "coordinates": [
          -157.8292023,
          21.2823414
        ]
      },
      "properties": {
        "id": "osm-736666427",
        "lat": 21.2823414,
        "lon": -157.8292023,
        "name": "",
        "address": "Four Paddle, 2140, K\u016bhi\u014d Avenue, Waik\u012bk\u012b, Honolulu, Honolulu County, Hawaii, 96815, United States",
        "neighborhood": "honolulu",
        "source": "osm",
        "osm_id": 736666427,
        "osm_type": "way"
      }
    },
    {
      "type": "Feature",
      "geometry": {
        "type": "Point",
        "coordinates": [
          -157.8289102,
          21.2832229
        ]
      },
      "properties": {
        "id": "osm-736666429",
        "lat": 21.2832229,
        "lon": -157.8289102,
        "name": "",
        "address": "Launiu Street, Waik\u012bk\u012b, Honolulu, Honolulu County, Hawaii, 96815, United States",
        "neighborhood": "honolulu",
        "source": "osm",
        "osm_id": 736666429,
        "osm_type": "way"
      }
    },
    {
      "type": "Feature",
      "geometry": {
        "type": "Point",
        "coordinates": [
          -157.8289377,
          21.2837905
        ]
      },
      "properties": {
        "id": "osm-736666432",
        "lat": 21.2837905,
        "lon": -157.8289377,
        "name": "",
        "address": "Hale Moani, 2115, Ala Wai Boulevard, Waik\u012bk\u012b, Honolulu, Honolulu County, Hawaii, 96815, United States",
        "neighborhood": "honolulu",
        "source": "osm",
        "osm_id": 736666432,
        "osm_type": "way"
      }
    },
    {
      "type": "Feature",
      "geometry": {
        "type": "Point",
        "coordinates": [
          -158.0356873,
          21.6809202
        ]
      },
      "properties": {
        "id": "osm-768058361",
        "lat": 21.6809202,
        "lon": -158.0356873,
        "name": "",
        "address": "Makanale Street, Sunset Beach, Waiale\u2018e, Honolulu County, Hawaii, United States",
        "neighborhood": "unknown",
        "source": "osm",
        "osm_id": 768058361,
        "osm_type": "way"
      }
    },
    {
      "type": "Feature",
      "geometry": {
        "type": "Point",
        "coordinates": [
          -158.0376972,
          21.6803027
        ]
      },
      "properties": {
        "id": "osm-768063075",
        "lat": 21.6803027,
        "lon": -158.0376972,
        "name": "",
        "address": "Holawa Place, Sunset Beach, Waiale\u2018e, Honolulu County, Hawaii, United States",
        "neighborhood": "unknown",
        "source": "osm",
        "osm_id": 768063075,
        "osm_type": "way"
      }
    },
    {
      "type": "Feature",
      "geometry": {
        "type": "Point",
        "coordinates": [
          -158.0388844,
          21.6765527
        ]
      },
      "properties": {
        "id": "osm-768067631",
        "lat": 21.6765527,
        "lon": -158.0388844,
        "name": "",
        "address": "Huelo Street, Sunset Beach, Waiale\u2018e, Honolulu County, Hawaii, United States",
        "neighborhood": "unknown",
        "source": "osm",
        "osm_id": 768067631,
        "osm_type": "way"
      }
    },
    {
      "type": "Feature",
      "geometry": {
        "type": "Point",
        "coordinates": [
          -158.0386842,
          21.6760418
        ]
      },
      "properties": {
        "id": "osm-768067658",
        "lat": 21.6760418,
        "lon": -158.0386842,
        "name": "",
        "address": "Hoalua Street, Sunset Beach, Waiale\u2018e, Honolulu County, Hawaii, United States",
        "neighborhood": "unknown",
        "source": "osm",
        "osm_id": 768067658,
        "osm_type": "way"
      }
    },
    {
      "type": "Feature",
      "geometry": {
        "type": "Point",
        "coordinates": [
          -158.0644587,
          21.6439177
        ]
      },
      "properties": {
        "id": "osm-768411952",
        "lat": 21.6439177,
        "lon": -158.0644587,
        "name": "",
        "address": "Kamehameha Highway, P\u016bp\u016bkea, Honolulu County, Hawaii, United States",
        "neighborhood": "unknown",
        "source": "osm",
        "osm_id": 768411952,
        "osm_type": "way"
      }
    },
    {
      "type": "Feature",
      "geometry": {
        "type": "Point",
        "coordinates": [
          -158.0643695,
          21.6433703
        ]
      },
      "properties": {
        "id": "osm-768411959",
        "lat": 21.6433703,
        "lon": -158.0643695,
        "name": "",
        "address": "Kamehameha Highway, P\u016bp\u016bkea, Honolulu County, Hawaii, United States",
        "neighborhood": "unknown",
        "source": "osm",
        "osm_id": 768411959,
        "osm_type": "way"
      }
    },
    {
      "type": "Feature",
      "geometry": {
        "type": "Point",
        "coordinates": [
          -157.8700458,
          21.3436624
        ]
      },
      "properties": {
        "id": "osm-770914302",
        "lat": 21.3436624,
        "lon": -157.8700458,
        "name": "",
        "address": "Kamehameha IV Road, Kalihi, Honolulu, Honolulu County, Hawaii, 96858, United States",
        "neighborhood": "kalihi",
        "source": "osm",
        "osm_id": 770914302,
        "osm_type": "way"
      }
    },
    {
      "type": "Feature",
      "geometry": {
        "type": "Point",
        "coordinates": [
          -157.8049092,
          21.3253066
        ]
      },
      "properties": {
        "id": "osm-783841053",
        "lat": 21.3253066,
        "lon": -157.8049092,
        "name": "",
        "address": "3513, Kumu Street, M\u0101noa, East Honolulu, Honolulu, Honolulu County, Hawaii, 96822, United States",
        "neighborhood": "honolulu",
        "source": "osm",
        "osm_id": 783841053,
        "osm_type": "way"
      }
    },
    {
      "type": "Feature",
      "geometry": {
        "type": "Point",
        "coordinates": [
          -158.0662319,
          21.3337426
        ]
      },
      "properties": {
        "id": "osm-798217187",
        "lat": 21.3337426,
        "lon": -158.0662319,
        "name": "",
        "address": "Villages of Kapolei Recreation Center, Kamaaha Loop, Villages of Kapolei, Kapolei, Honolulu County, Hawaii, 96707, United States",
        "neighborhood": "kapolei",
        "source": "osm",
        "osm_id": 798217187,
        "osm_type": "way"
      }
    },
    {
      "type": "Feature",
      "geometry": {
        "type": "Point",
        "coordinates": [
          -158.0663381,
          21.3337181
        ]
      },
      "properties": {
        "id": "osm-798217188",
        "lat": 21.3337181,
        "lon": -158.0663381,
        "name": "",
        "address": "Kamaaha Loop, Villages of Kapolei, Kapolei, Honolulu County, Hawaii, 96707, United States",
        "neighborhood": "kapolei",
        "source": "osm",
        "osm_id": 798217188,
        "osm_type": "way"
      }
    },
    {
      "type": "Feature",
      "geometry": {
        "type": "Point",
        "coordinates": [
          -157.8313592,
          21.316339
        ]
      },
      "properties": {
        "id": "osm-798999563",
        "lat": 21.316339,
        "lon": -157.8313592,
        "name": "",
        "address": "Kolonahe Place, Makiki, Honolulu, Honolulu County, Hawaii, 98622, United States",
        "neighborhood": "honolulu",
        "source": "osm",
        "osm_id": 798999563,
        "osm_type": "way"
      }
    },
    {
      "type": "Feature",
      "geometry": {
        "type": "Point",
        "coordinates": [
          -157.8308247,
          21.316176
        ]
      },
      "properties": {
        "id": "osm-798999565",
        "lat": 21.316176,
        "lon": -157.8308247,
        "name": "",
        "address": "Kolonahe Place, Makiki, Honolulu, Honolulu County, Hawaii, 98622, United States",
        "neighborhood": "honolulu",
        "source": "osm",
        "osm_id": 798999565,
        "osm_type": "way"
      }
    },
    {
      "type": "Feature",
      "geometry": {
        "type": "Point",
        "coordinates": [
          -158.0603478,
          21.3367631
        ]
      },
      "properties": {
        "id": "osm-799186477",
        "lat": 21.3367631,
        "lon": -158.0603478,
        "name": "",
        "address": "Kekuilani Loop, Villages of Kapolei, Kapolei, Honolulu County, Hawaii, 96707, United States",
        "neighborhood": "kapolei",
        "source": "osm",
        "osm_id": 799186477,
        "osm_type": "way"
      }
    },
    {
      "type": "Feature",
      "geometry": {
        "type": "Point",
        "coordinates": [
          -157.9793054,
          21.3219766
        ]
      },
      "properties": {
        "id": "osm-799602842",
        "lat": 21.3219766,
        "lon": -157.9793054,
        "name": "",
        "address": "Kapilina Beach Homes Community Center, 101st Street, Iroquois Point, Ewa Beach, Honolulu County, Hawaii, 96853, United States",
        "neighborhood": "iroquois-point",
        "source": "osm",
        "osm_id": 799602842,
        "osm_type": "way"
      }
    },
    {
      "type": "Feature",
      "geometry": {
        "type": "Point",
        "coordinates": [
          -157.8699502,
          21.3438368
        ]
      },
      "properties": {
        "id": "osm-800192137",
        "lat": 21.3438368,
        "lon": -157.8699502,
        "name": "",
        "address": "Kamehameha IV Road, Kalihi, Honolulu, Honolulu County, Hawaii, 96858, United States",
        "neighborhood": "kalihi",
        "source": "osm",
        "osm_id": 800192137,
        "osm_type": "way"
      }
    },
    {
      "type": "Feature",
      "geometry": {
        "type": "Point",
        "coordinates": [
          -157.869744,
          21.3436552
        ]
      },
      "properties": {
        "id": "osm-800192138",
        "lat": 21.3436552,
        "lon": -157.869744,
        "name": "",
        "address": "Kamehameha IV Road, Kalihi, Honolulu, Honolulu County, Hawaii, 96858, United States",
        "neighborhood": "kalihi",
        "source": "osm",
        "osm_id": 800192138,
        "osm_type": "way"
      }
    },
    {
      "type": "Feature",
      "geometry": {
        "type": "Point",
        "coordinates": [
          -157.7868095,
          21.280153
        ]
      },
      "properties": {
        "id": "osm-800537416",
        "lat": 21.280153,
        "lon": -157.7868095,
        "name": "",
        "address": "Keanu Street, Waialae-Kahala, East Honolulu, Honolulu, Honolulu County, Hawaii, 96821, United States",
        "neighborhood": "kaimuki",
        "source": "osm",
        "osm_id": 800537416,
        "osm_type": "way"
      }
    },
    {
      "type": "Feature",
      "geometry": {
        "type": "Point",
        "coordinates": [
          -158.0758651,
          21.3264
        ]
      },
      "properties": {
        "id": "osm-801800606",
        "lat": 21.3264,
        "lon": -158.0758651,
        "name": "",
        "address": "Kakala Street, Mehana, Kapolei, Honolulu County, Hawaii, 96707, United States",
        "neighborhood": "kapolei",
        "source": "osm",
        "osm_id": 801800606,
        "osm_type": "way"
      }
    },
    {
      "type": "Feature",
      "geometry": {
        "type": "Point",
        "coordinates": [
          -158.0864422,
          21.3362823
        ]
      },
      "properties": {
        "id": "osm-801824787",
        "lat": 21.3362823,
        "lon": -158.0864422,
        "name": "",
        "address": "Big Kahuna, Farrington Highway, City Center, Makakilo City, Kapolei, Honolulu County, Hawaii, 96707, United States",
        "neighborhood": "kapolei",
        "source": "osm",
        "osm_id": 801824787,
        "osm_type": "way"
      }
    },
    {
      "type": "Feature",
      "geometry": {
        "type": "Point",
        "coordinates": [
          -158.085983,
          21.3361911
        ]
      },
      "properties": {
        "id": "osm-801824793",
        "lat": 21.3361911,
        "lon": -158.085983,
        "name": "",
        "address": "Farrington Highway, City Center, Makakilo City, Kapolei, Honolulu County, Hawaii, 96707, United States",
        "neighborhood": "kapolei",
        "source": "osm",
        "osm_id": 801824793,
        "osm_type": "way"
      }
    },
    {
      "type": "Feature",
      "geometry": {
        "type": "Point",
        "coordinates": [
          -157.7837233,
          21.2795666
        ]
      },
      "properties": {
        "id": "osm-804855303",
        "lat": 21.2795666,
        "lon": -157.7837233,
        "name": "",
        "address": "Kaimuki-Waialae YMCA, 4835, Kilauea Avenue, Waialae-Kahala, East Honolulu, Honolulu, Honolulu County, Hawaii, 96816, United States",
        "neighborhood": "unknown",
        "source": "osm",
        "osm_id": 804855303,
        "osm_type": "way"
      }
    },
    {
      "type": "Feature",
      "geometry": {
        "type": "Point",
        "coordinates": [
          -157.6992041,
          21.2851034
        ]
      },
      "properties": {
        "id": "osm-806665397",
        "lat": 21.2851034,
        "lon": -157.6992041,
        "name": "",
        "address": "Lunalilo Home Road, Marina East, East Honolulu, Honolulu, Honolulu County, Hawaii, 96825, United States",
        "neighborhood": "hawaii-kai",
        "source": "osm",
        "osm_id": 806665397,
        "osm_type": "way"
      }
    },
    {
      "type": "Feature",
      "geometry": {
        "type": "Point",
        "coordinates": [
          -157.7856561,
          21.2798685
        ]
      },
      "properties": {
        "id": "osm-806693929",
        "lat": 21.2798685,
        "lon": -157.7856561,
        "name": "",
        "address": "Keanu Street, Waialae-Kahala, East Honolulu, Honolulu, Honolulu County, Hawaii, 96821, United States",
        "neighborhood": "unknown",
        "source": "osm",
        "osm_id": 806693929,
        "osm_type": "way"
      }
    },
    {
      "type": "Feature",
      "geometry": {
        "type": "Point",
        "coordinates": [
          -157.7876555,
          21.2748666
        ]
      },
      "properties": {
        "id": "osm-810639125",
        "lat": 21.2748666,
        "lon": -157.7876555,
        "name": "",
        "address": "Pueo Street, Waialae-Kahala, K\u0101hala, East Honolulu, Honolulu, Honolulu County, Hawaii, 96821, United States",
        "neighborhood": "unknown",
        "source": "osm",
        "osm_id": 810639125,
        "osm_type": "way"
      }
    },
    {
      "type": "Feature",
      "geometry": {
        "type": "Point",
        "coordinates": [
          -157.7844837,
          21.274985
        ]
      },
      "properties": {
        "id": "osm-810858956",
        "lat": 21.274985,
        "lon": -157.7844837,
        "name": "",
        "address": "4411, Pahoa Avenue, Waialae-Kahala, Wailupe, K\u0101hala, East Honolulu, Honolulu, Honolulu County, Hawaii, 96816, United States",
        "neighborhood": "unknown",
        "source": "osm",
        "osm_id": 810858956,
        "osm_type": "way"
      }
    },
    {
      "type": "Feature",
      "geometry": {
        "type": "Point",
        "coordinates": [
          -157.7061951,
          21.274611
        ]
      },
      "properties": {
        "id": "osm-814798583",
        "lat": 21.274611,
        "lon": -157.7061951,
        "name": "",
        "address": "140, Lunalilo Home Road, Portlock, Koko Head, East Honolulu, Honolulu, Honolulu County, Hawaii, 96825, United States",
        "neighborhood": "unknown",
        "source": "osm",
        "osm_id": 814798583,
        "osm_type": "way"
      }
    },
    {
      "type": "Feature",
      "geometry": {
        "type": "Point",
        "coordinates": [
          -157.8144735,
          21.2849971
        ]
      },
      "properties": {
        "id": "osm-817962491",
        "lat": 21.2849971,
        "lon": -157.8144735,
        "name": "",
        "address": "Lukepane Avenue, Kapahulu, East Honolulu, Honolulu, Honolulu County, Hawaii, 96186, United States",
        "neighborhood": "honolulu",
        "source": "osm",
        "osm_id": 817962491,
        "osm_type": "way"
      }
    },
    {
      "type": "Feature",
      "geometry": {
        "type": "Point",
        "coordinates": [
          -157.7053982,
          21.2760837
        ]
      },
      "properties": {
        "id": "osm-819280120",
        "lat": 21.2760837,
        "lon": -157.7053982,
        "name": "",
        "address": "672, Po\u2018ip\u016b Drive, Portlock, Koko Head, East Honolulu, Honolulu, Honolulu County, Hawaii, 96825, United States",
        "neighborhood": "unknown",
        "source": "osm",
        "osm_id": 819280120,
        "osm_type": "way"
      }
    },
    {
      "type": "Feature",
      "geometry": {
        "type": "Point",
        "coordinates": [
          -157.7085321,
          21.2918387
        ]
      },
      "properties": {
        "id": "osm-819656175",
        "lat": 21.2918387,
        "lon": -157.7085321,
        "name": "",
        "address": "Kumukahi Place, Hawai\u2019i Kai, Marina Central, East Honolulu, Honolulu, Honolulu County, Hawaii, 96825, United States",
        "neighborhood": "hawaii-kai",
        "source": "osm",
        "osm_id": 819656175,
        "osm_type": "way"
      }
    },
    {
      "type": "Feature",
      "geometry": {
        "type": "Point",
        "coordinates": [
          -157.823171,
          21.2785009
        ]
      },
      "properties": {
        "id": "osm-821716545",
        "lat": 21.2785009,
        "lon": -157.823171,
        "name": "",
        "address": "Wayfinder Waikiki, 2375, Ala Wai Boulevard, Waik\u012bk\u012b, Honolulu, Honolulu County, Hawaii, 96815, United States",
        "neighborhood": "waikiki",
        "source": "osm",
        "osm_id": 821716545,
        "osm_type": "way"
      }
    },
    {
      "type": "Feature",
      "geometry": {
        "type": "Point",
        "coordinates": [
          -157.7029182,
          21.2766375
        ]
      },
      "properties": {
        "id": "osm-821742695",
        "lat": 21.2766375,
        "lon": -157.7029182,
        "name": "",
        "address": "Nomilo Street, Lunalilo Park Makai, East Honolulu, Honolulu, Honolulu County, Hawaii, 96825, United States",
        "neighborhood": "unknown",
        "source": "osm",
        "osm_id": 821742695,
        "osm_type": "way"
      }
    },
    {
      "type": "Feature",
      "geometry": {
        "type": "Point",
        "coordinates": [
          -157.8321591,
          21.3024097
        ]
      },
      "properties": {
        "id": "osm-822370446",
        "lat": 21.3024097,
        "lon": -157.8321591,
        "name": "",
        "address": "Punahala Apartments, 1615, Wilder Avenue, Makiki, East Honolulu, Honolulu, Honolulu County, Hawaii, 96822, United States",
        "neighborhood": "honolulu",
        "source": "osm",
        "osm_id": 822370446,
        "osm_type": "way"
      }
    },
    {
      "type": "Feature",
      "geometry": {
        "type": "Point",
        "coordinates": [
          -157.7194996,
          21.287333
        ]
      },
      "properties": {
        "id": "osm-824009762",
        "lat": 21.287333,
        "lon": -157.7194996,
        "name": "",
        "address": "Kawaihae Street, Hawai\u2019i Kai, Kuli\u02bbou\u02bbou, East Honolulu, Honolulu, Honolulu County, Hawaii, 96825, United States",
        "neighborhood": "niu-valley",
        "source": "osm",
        "osm_id": 824009762,
        "osm_type": "way"
      }
    },
    {
      "type": "Feature",
      "geometry": {
        "type": "Point",
        "coordinates": [
          -157.784096,
          21.2772546
        ]
      },
      "properties": {
        "id": "osm-824685919",
        "lat": 21.2772546,
        "lon": -157.784096,
        "name": "",
        "address": "Kealaolu Avenue, Waialae-Kahala, K\u0101hala, East Honolulu, Honolulu, Honolulu County, Hawaii, 96821, United States",
        "neighborhood": "unknown",
        "source": "osm",
        "osm_id": 824685919,
        "osm_type": "way"
      }
    },
    {
      "type": "Feature",
      "geometry": {
        "type": "Point",
        "coordinates": [
          -157.9160055,
          21.3513364
        ]
      },
      "properties": {
        "id": "osm-826395118",
        "lat": 21.3513364,
        "lon": -157.9160055,
        "name": "",
        "address": "3523, Ala Haukulu Place, Salt Lake, Honolulu, Honolulu County, Hawaii, 96818, United States",
        "neighborhood": "salt-lake",
        "source": "osm",
        "osm_id": 826395118,
        "osm_type": "way"
      }
    },
    {
      "type": "Feature",
      "geometry": {
        "type": "Point",
        "coordinates": [
          -157.9103989,
          21.3471087
        ]
      },
      "properties": {
        "id": "osm-826792119",
        "lat": 21.3471087,
        "lon": -157.9103989,
        "name": "",
        "address": "Likini Street, Salt Lake, Honolulu, Honolulu County, Hawaii, 96818, United States",
        "neighborhood": "unknown",
        "source": "osm",
        "osm_id": 826792119,
        "osm_type": "way"
      }
    },
    {
      "type": "Feature",
      "geometry": {
        "type": "Point",
        "coordinates": [
          -157.9101768,
          21.3468891
        ]
      },
      "properties": {
        "id": "osm-826792120",
        "lat": 21.3468891,
        "lon": -157.9101768,
        "name": "",
        "address": "Likini Street, Salt Lake, Honolulu, Honolulu County, Hawaii, 96818, United States",
        "neighborhood": "unknown",
        "source": "osm",
        "osm_id": 826792120,
        "osm_type": "way"
      }
    },
    {
      "type": "Feature",
      "geometry": {
        "type": "Point",
        "coordinates": [
          -157.9222941,
          21.3667713
        ]
      },
      "properties": {
        "id": "osm-826884814",
        "lat": 21.3667713,
        "lon": -157.9222941,
        "name": "",
        "address": "Lehia Street, Red Hill, Honolulu, Honolulu County, Hawaii, 96701, United States",
        "neighborhood": "pearl-harbor",
        "source": "osm",
        "osm_id": 826884814,
        "osm_type": "way"
      }
    },
    {
      "type": "Feature",
      "geometry": {
        "type": "Point",
        "coordinates": [
          -157.920852,
          21.3681022
        ]
      },
      "properties": {
        "id": "osm-826884833",
        "lat": 21.3681022,
        "lon": -157.920852,
        "name": "",
        "address": "Lehia Street, Red Hill, Honolulu, Honolulu County, Hawaii, 96701, United States",
        "neighborhood": "pearl-harbor",
        "source": "osm",
        "osm_id": 826884833,
        "osm_type": "way"
      }
    },
    {
      "type": "Feature",
      "geometry": {
        "type": "Point",
        "coordinates": [
          -157.9208087,
          21.3687486
        ]
      },
      "properties": {
        "id": "osm-826884839",
        "lat": 21.3687486,
        "lon": -157.9208087,
        "name": "",
        "address": "Lehia Street, Red Hill, Honolulu, Honolulu County, Hawaii, 96701, United States",
        "neighborhood": "pearl-harbor",
        "source": "osm",
        "osm_id": 826884839,
        "osm_type": "way"
      }
    },
    {
      "type": "Feature",
      "geometry": {
        "type": "Point",
        "coordinates": [
          -157.9151252,
          21.3508184
        ]
      },
      "properties": {
        "id": "osm-827279223",
        "lat": 21.3508184,
        "lon": -157.9151252,
        "name": "",
        "address": "4918, Likini Street, Salt Lake, Honolulu, Honolulu County, Hawaii, 96818, United States",
        "neighborhood": "salt-lake",
        "source": "osm",
        "osm_id": 827279223,
        "osm_type": "way"
      }
    },
    {
      "type": "Feature",
      "geometry": {
        "type": "Point",
        "coordinates": [
          -157.9360668,
          21.3576564
        ]
      },
      "properties": {
        "id": "osm-827513810",
        "lat": 21.3576564,
        "lon": -157.9360668,
        "name": "",
        "address": "Towers Pool, Maklalapa Drive, Makalapa Housing, \u0100liamanu, Waipahu, Honolulu County, Hawaii, 96860, United States",
        "neighborhood": "pearl-harbor",
        "source": "osm",
        "osm_id": 827513810,
        "osm_type": "way"
      }
    },
    {
      "type": "Feature",
      "geometry": {
        "type": "Point",
        "coordinates": [
          -157.9630389,
          21.4023315
        ]
      },
      "properties": {
        "id": "osm-827522178",
        "lat": 21.4023315,
        "lon": -157.9630389,
        "name": "",
        "address": "Pearl City, Honolulu County, Hawaii, 96782, United States",
        "neighborhood": "pearl-city",
        "source": "osm",
        "osm_id": 827522178,
        "osm_type": "way"
      }
    },
    {
      "type": "Feature",
      "geometry": {
        "type": "Point",
        "coordinates": [
          -157.9631697,
          21.4024951
        ]
      },
      "properties": {
        "id": "osm-827522180",
        "lat": 21.4024951,
        "lon": -157.9631697,
        "name": "",
        "address": "Pearl City, Honolulu County, Hawaii, 96782, United States",
        "neighborhood": "pearl-city",
        "source": "osm",
        "osm_id": 827522180,
        "osm_type": "way"
      }
    },
    {
      "type": "Feature",
      "geometry": {
        "type": "Point",
        "coordinates": [
          -157.9788922,
          21.3980859
        ]
      },
      "properties": {
        "id": "osm-827569163",
        "lat": 21.3980859,
        "lon": -157.9788922,
        "name": "",
        "address": "Pearl Highlands, Pearl City, Honolulu County, Hawaii, 96782, United States",
        "neighborhood": "pearl-city",
        "source": "osm",
        "osm_id": 827569163,
        "osm_type": "way"
      }
    },
    {
      "type": "Feature",
      "geometry": {
        "type": "Point",
        "coordinates": [
          -157.9200108,
          21.3522172
        ]
      },
      "properties": {
        "id": "osm-827907277",
        "lat": 21.3522172,
        "lon": -157.9200108,
        "name": "",
        "address": "Ala Aloalo Street, \u0100liamanu, Honolulu, Honolulu County, Hawaii, 96818, United States",
        "neighborhood": "pearl-harbor",
        "source": "osm",
        "osm_id": 827907277,
        "osm_type": "way"
      }
    },
    {
      "type": "Feature",
      "geometry": {
        "type": "Point",
        "coordinates": [
          -157.9201213,
          21.3523913
        ]
      },
      "properties": {
        "id": "osm-827907279",
        "lat": 21.3523913,
        "lon": -157.9201213,
        "name": "",
        "address": "3558, Ala Aloalo Place, \u0100liamanu, Honolulu, Honolulu County, Hawaii, 96818, United States",
        "neighborhood": "pearl-harbor",
        "source": "osm",
        "osm_id": 827907279,
        "osm_type": "way"
      }
    },
    {
      "type": "Feature",
      "geometry": {
        "type": "Point",
        "coordinates": [
          -157.9844035,
          21.4800407
        ]
      },
      "properties": {
        "id": "osm-829838989",
        "lat": 21.4800407,
        "lon": -157.9844035,
        "name": "",
        "address": "Lehiwa Drive, Mililani Mauka, Waipahu, Honolulu County, Hawaii, 96789, United States",
        "neighborhood": "mililani",
        "source": "osm",
        "osm_id": 829838989,
        "osm_type": "way"
      }
    },
    {
      "type": "Feature",
      "geometry": {
        "type": "Point",
        "coordinates": [
          -157.8292348,
          21.3041493
        ]
      },
      "properties": {
        "id": "osm-833107268",
        "lat": 21.3041493,
        "lon": -157.8292348,
        "name": "",
        "address": "Manoa Road, Makiki, Honolulu, Honolulu County, Hawaii, 96822, United States",
        "neighborhood": "honolulu",
        "source": "osm",
        "osm_id": 833107268,
        "osm_type": "way"
      }
    },
    {
      "type": "Feature",
      "geometry": {
        "type": "Point",
        "coordinates": [
          -157.8520601,
          21.3023504
        ]
      },
      "properties": {
        "id": "osm-833316542",
        "lat": 21.3023504,
        "lon": -157.8520601,
        "name": "",
        "address": "South King Street, Makiki Kai, Honolulu, Honolulu County, Hawaii, 96814, United States",
        "neighborhood": "honolulu",
        "source": "osm",
        "osm_id": 833316542,
        "osm_type": "way"
      }
    },
    {
      "type": "Feature",
      "geometry": {
        "type": "Point",
        "coordinates": [
          -157.8025833,
          21.256236
        ]
      },
      "properties": {
        "id": "osm-833406248",
        "lat": 21.256236,
        "lon": -157.8025833,
        "name": "",
        "address": "3619, Diamond Head Road, K\u0101hala, East Honolulu, Honolulu, Honolulu County, Hawaii, 96816, United States",
        "neighborhood": "unknown",
        "source": "osm",
        "osm_id": 833406248,
        "osm_type": "way"
      }
    },
    {
      "type": "Feature",
      "geometry": {
        "type": "Point",
        "coordinates": [
          -157.7994367,
          21.2581433
        ]
      },
      "properties": {
        "id": "osm-833406287",
        "lat": 21.2581433,
        "lon": -157.7994367,
        "name": "",
        "address": "Palaoa Place, Black Point, K\u0101hala, East Honolulu, Honolulu, Honolulu County, Hawaii, 96828, United States",
        "neighborhood": "unknown",
        "source": "osm",
        "osm_id": 833406287,
        "osm_type": "way"
      }
    },
    {
      "type": "Feature",
      "geometry": {
        "type": "Point",
        "coordinates": [
          -157.7994507,
          21.2576075
        ]
      },
      "properties": {
        "id": "osm-833406295",
        "lat": 21.2576075,
        "lon": -157.7994507,
        "name": "",
        "address": "Palaoa Place, Black Point, K\u0101hala, East Honolulu, Honolulu, Honolulu County, Hawaii, 96828, United States",
        "neighborhood": "unknown",
        "source": "osm",
        "osm_id": 833406295,
        "osm_type": "way"
      }
    },
    {
      "type": "Feature",
      "geometry": {
        "type": "Point",
        "coordinates": [
          -158.0093706,
          21.4474442
        ]
      },
      "properties": {
        "id": "osm-833416152",
        "lat": 21.4474442,
        "lon": -158.0093706,
        "name": "",
        "address": "Imina Place, Mililani Town, Honolulu County, Hawaii, 96789, United States",
        "neighborhood": "mililani",
        "source": "osm",
        "osm_id": 833416152,
        "osm_type": "way"
      }
    },
    {
      "type": "Feature",
      "geometry": {
        "type": "Point",
        "coordinates": [
          -158.0092641,
          21.4518225
        ]
      },
      "properties": {
        "id": "osm-833416198",
        "lat": 21.4518225,
        "lon": -158.0092641,
        "name": "",
        "address": "Meheula Parkway, Mililani Town, Honolulu County, Hawaii, 96789, United States",
        "neighborhood": "mililani",
        "source": "osm",
        "osm_id": 833416198,
        "osm_type": "way"
      }
    },
    {
      "type": "Feature",
      "geometry": {
        "type": "Point",
        "coordinates": [
          -157.8512399,
          21.3061493
        ]
      },
      "properties": {
        "id": "osm-834058809",
        "lat": 21.3061493,
        "lon": -157.8512399,
        "name": "",
        "address": "Lunalilo Street, Makiki Kai, Honolulu, Honolulu County, Hawaii, 96843, United States",
        "neighborhood": "honolulu",
        "source": "osm",
        "osm_id": 834058809,
        "osm_type": "way"
      }
    },
    {
      "type": "Feature",
      "geometry": {
        "type": "Point",
        "coordinates": [
          -157.8614898,
          21.3003109
        ]
      },
      "properties": {
        "id": "osm-835353723",
        "lat": 21.3003109,
        "lon": -157.8614898,
        "name": "",
        "address": "One Water Front Tower, 415-425, South Street, Kakaako Waterfront, Kaka\u2018ako, Honolulu, Honolulu County, Hawaii, 96813, United States",
        "neighborhood": "honolulu",
        "source": "osm",
        "osm_id": 835353723,
        "osm_type": "way"
      }
    },
    {
      "type": "Feature",
      "geometry": {
        "type": "Point",
        "coordinates": [
          -157.9943705,
          21.6993366
        ]
      },
      "properties": {
        "id": "osm-840415822",
        "lat": 21.6993366,
        "lon": -157.9943705,
        "name": "",
        "address": "West Kuilima Loop, Honolulu County, Hawaii, 96731, United States",
        "neighborhood": "unknown",
        "source": "osm",
        "osm_id": 840415822,
        "osm_type": "way"
      }
    },
    {
      "type": "Feature",
      "geometry": {
        "type": "Point",
        "coordinates": [
          -157.8472582,
          21.3076669
        ]
      },
      "properties": {
        "id": "osm-840611524",
        "lat": 21.3076669,
        "lon": -157.8472582,
        "name": "",
        "address": "Spencer Street, Makiki Kai, Honolulu, Honolulu County, Hawaii, 96843, United States",
        "neighborhood": "honolulu",
        "source": "osm",
        "osm_id": 840611524,
        "osm_type": "way"
      }
    },
    {
      "type": "Feature",
      "geometry": {
        "type": "Point",
        "coordinates": [
          -157.8492418,
          21.3223218
        ]
      },
      "properties": {
        "id": "osm-840619636",
        "lat": 21.3223218,
        "lon": -157.8492418,
        "name": "",
        "address": "Judd Street, Pacific Heights, Honolulu, Honolulu County, Hawaii, 96817, United States",
        "neighborhood": "honolulu",
        "source": "osm",
        "osm_id": 840619636,
        "osm_type": "way"
      }
    },
    {
      "type": "Feature",
      "geometry": {
        "type": "Point",
        "coordinates": [
          -157.7491129,
          21.4139241
        ]
      },
      "properties": {
        "id": "osm-841580568",
        "lat": 21.4139241,
        "lon": -157.7491129,
        "name": "",
        "address": "Kainui Drive, Kailua, Honolulu County, Hawaii, 96734, United States",
        "neighborhood": "kailua",
        "source": "osm",
        "osm_id": 841580568,
        "osm_type": "way"
      }
    },
    {
      "type": "Feature",
      "geometry": {
        "type": "Point",
        "coordinates": [
          -157.7488193,
          21.4143744
        ]
      },
      "properties": {
        "id": "osm-841580569",
        "lat": 21.4143744,
        "lon": -157.7488193,
        "name": "",
        "address": "Kaiholu Street, Kailua, Honolulu County, Hawaii, 96734, United States",
        "neighborhood": "kailua",
        "source": "osm",
        "osm_id": 841580569,
        "osm_type": "way"
      }
    },
    {
      "type": "Feature",
      "geometry": {
        "type": "Point",
        "coordinates": [
          -157.9110639,
          21.3535449
        ]
      },
      "properties": {
        "id": "osm-844481982",
        "lat": 21.3535449,
        "lon": -157.9110639,
        "name": "",
        "address": "Ala Lilikoi Place, Salt Lake, Honolulu, Honolulu County, Hawaii, 96818, United States",
        "neighborhood": "salt-lake",
        "source": "osm",
        "osm_id": 844481982,
        "osm_type": "way"
      }
    },
    {
      "type": "Feature",
      "geometry": {
        "type": "Point",
        "coordinates": [
          -157.9109473,
          21.3533221
        ]
      },
      "properties": {
        "id": "osm-844481983",
        "lat": 21.3533221,
        "lon": -157.9109473,
        "name": "",
        "address": "Ala Lilikoi Place, Salt Lake, Honolulu, Honolulu County, Hawaii, 96818, United States",
        "neighborhood": "salt-lake",
        "source": "osm",
        "osm_id": 844481983,
        "osm_type": "way"
      }
    },
    {
      "type": "Feature",
      "geometry": {
        "type": "Point",
        "coordinates": [
          -158.0497228,
          21.3451329
        ]
      },
      "properties": {
        "id": "osm-844837208",
        "lat": 21.3451329,
        "lon": -158.0497228,
        "name": "",
        "address": "The Salvation Army, Kualakai Parkway, Ho\u2018opili, Kapolei, Honolulu County, Hawaii, 96706, United States",
        "neighborhood": "kapolei",
        "source": "osm",
        "osm_id": 844837208,
        "osm_type": "way"
      }
    },
    {
      "type": "Feature",
      "geometry": {
        "type": "Point",
        "coordinates": [
          -158.0503099,
          21.3450927
        ]
      },
      "properties": {
        "id": "osm-844837209",
        "lat": 21.3450927,
        "lon": -158.0503099,
        "name": "",
        "address": "The Salvation Army, Keahumoa Parkway, \u2018Ewa Villages, Ho\u2018opili, Kapolei, Honolulu County, Hawaii, 96706, United States",
        "neighborhood": "kapolei",
        "source": "osm",
        "osm_id": 844837209,
        "osm_type": "way"
      }
    },
    {
      "type": "Feature",
      "geometry": {
        "type": "Point",
        "coordinates": [
          -157.8275228,
          21.2825237
        ]
      },
      "properties": {
        "id": "osm-878781647",
        "lat": 21.2825237,
        "lon": -157.8275228,
        "name": "",
        "address": "Coconut Waikiki Hotel Parking Garage, Waik\u012bk\u012b, Honolulu, Honolulu County, Hawaii, 96815, United States",
        "neighborhood": "honolulu",
        "source": "osm",
        "osm_id": 878781647,
        "osm_type": "way"
      }
    },
    {
      "type": "Feature",
      "geometry": {
        "type": "Point",
        "coordinates": [
          -157.7863231,
          21.2680134
        ]
      },
      "properties": {
        "id": "osm-880831192",
        "lat": 21.2680134,
        "lon": -157.7863231,
        "name": "",
        "address": "729, Ulumaika Street, Waialae-Kahala, K\u0101hala, East Honolulu, Honolulu, Honolulu County, Hawaii, 96816, United States",
        "neighborhood": "unknown",
        "source": "osm",
        "osm_id": 880831192,
        "osm_type": "way"
      }
    },
    {
      "type": "Feature",
      "geometry": {
        "type": "Point",
        "coordinates": [
          -157.7863134,
          21.2681685
        ]
      },
      "properties": {
        "id": "osm-880897108",
        "lat": 21.2681685,
        "lon": -157.7863134,
        "name": "",
        "address": "Iiwi Street, Waialae-Kahala, K\u0101hala, East Honolulu, Honolulu, Honolulu County, Hawaii, 96821, United States",
        "neighborhood": "unknown",
        "source": "osm",
        "osm_id": 880897108,
        "osm_type": "way"
      }
    },
    {
      "type": "Feature",
      "geometry": {
        "type": "Point",
        "coordinates": [
          -157.7871926,
          21.2677009
        ]
      },
      "properties": {
        "id": "osm-880897110",
        "lat": 21.2677009,
        "lon": -157.7871926,
        "name": "",
        "address": "751, Ulumaika Street, Waialae-Kahala, K\u0101hala, East Honolulu, Honolulu, Honolulu County, Hawaii, 96816, United States",
        "neighborhood": "unknown",
        "source": "osm",
        "osm_id": 880897110,
        "osm_type": "way"
      }
    },
    {
      "type": "Feature",
      "geometry": {
        "type": "Point",
        "coordinates": [
          -157.787213,
          21.2675721
        ]
      },
      "properties": {
        "id": "osm-880897112",
        "lat": 21.2675721,
        "lon": -157.787213,
        "name": "",
        "address": "Ulumaika Street, Waialae-Kahala, K\u0101hala, East Honolulu, Honolulu, Honolulu County, Hawaii, 96821, United States",
        "neighborhood": "unknown",
        "source": "osm",
        "osm_id": 880897112,
        "osm_type": "way"
      }
    },
    {
      "type": "Feature",
      "geometry": {
        "type": "Point",
        "coordinates": [
          -157.760782,
          21.2773399
        ]
      },
      "properties": {
        "id": "osm-886491762",
        "lat": 21.2773399,
        "lon": -157.760782,
        "name": "",
        "address": "Kalaniana\u2019ole Highway, Waialae Iki and Wiliwilinui, East Honolulu, Honolulu, Honolulu County, Hawaii, 96821, United States",
        "neighborhood": "kahala",
        "source": "osm",
        "osm_id": 886491762,
        "osm_type": "way"
      }
    },
    {
      "type": "Feature",
      "geometry": {
        "type": "Point",
        "coordinates": [
          -157.8390319,
          21.309069
        ]
      },
      "properties": {
        "id": "osm-897444123",
        "lat": 21.309069,
        "lon": -157.8390319,
        "name": "",
        "address": "Rose Terrace, 1687, Pensacola Street, Makiki, Honolulu, Honolulu County, Hawaii, 98622, United States",
        "neighborhood": "honolulu",
        "source": "osm",
        "osm_id": 897444123,
        "osm_type": "way"
      }
    },
    {
      "type": "Feature",
      "geometry": {
        "type": "Point",
        "coordinates": [
          -157.7732744,
          21.2716812
        ]
      },
      "properties": {
        "id": "osm-898466801",
        "lat": 21.2716812,
        "lon": -157.7732744,
        "name": "",
        "address": "Kahala Avenue, Waialae-Kahala, Wailupe, K\u0101hala, East Honolulu, Honolulu, Honolulu County, Hawaii, 96821, United States",
        "neighborhood": "kahala",
        "source": "osm",
        "osm_id": 898466801,
        "osm_type": "way"
      }
    },
    {
      "type": "Feature",
      "geometry": {
        "type": "Point",
        "coordinates": [
          -157.7377185,
          21.2804403
        ]
      },
      "properties": {
        "id": "osm-901381536",
        "lat": 21.2804403,
        "lon": -157.7377185,
        "name": "",
        "address": "Kalaniana\u2019ole Highway, Niu Valley, Niu and Niuiki Circle, Hawaii Loa Ridge, East Honolulu, Honolulu, Honolulu County, Hawaii, 96825, United States",
        "neighborhood": "aina-haina",
        "source": "osm",
        "osm_id": 901381536,
        "osm_type": "way"
      }
    },
    {
      "type": "Feature",
      "geometry": {
        "type": "Point",
        "coordinates": [
          -157.7848704,
          21.2788244
        ]
      },
      "properties": {
        "id": "osm-901794705",
        "lat": 21.2788244,
        "lon": -157.7848704,
        "name": "",
        "address": "Kilauea Avenue, Waialae-Kahala, East Honolulu, Honolulu, Honolulu County, Hawaii, 96821, United States",
        "neighborhood": "unknown",
        "source": "osm",
        "osm_id": 901794705,
        "osm_type": "way"
      }
    },
    {
      "type": "Feature",
      "geometry": {
        "type": "Point",
        "coordinates": [
          -158.0116518,
          21.4542467
        ]
      },
      "properties": {
        "id": "osm-903790801",
        "lat": 21.4542467,
        "lon": -158.0116518,
        "name": "",
        "address": "Kipapa Drive, Mililani Town, Honolulu County, Hawaii, 96789, United States",
        "neighborhood": "mililani",
        "source": "osm",
        "osm_id": 903790801,
        "osm_type": "way"
      }
    },
    {
      "type": "Feature",
      "geometry": {
        "type": "Point",
        "coordinates": [
          -157.9995196,
          21.3874283
        ]
      },
      "properties": {
        "id": "osm-909355003",
        "lat": 21.3874283,
        "lon": -157.9995196,
        "name": "",
        "address": "Paiwa Street, Waipahu, Honolulu County, Hawaii, 96797, United States",
        "neighborhood": "waipahu",
        "source": "osm",
        "osm_id": 909355003,
        "osm_type": "way"
      }
    },
    {
      "type": "Feature",
      "geometry": {
        "type": "Point",
        "coordinates": [
          -157.7865046,
          21.2615715
        ]
      },
      "properties": {
        "id": "osm-909764457",
        "lat": 21.2615715,
        "lon": -157.7865046,
        "name": "",
        "address": "4505, Kahala Avenue, Waialae-Kahala, Black Point, K\u0101hala, East Honolulu, Honolulu, Honolulu County, Hawaii, 96816, United States",
        "neighborhood": "unknown",
        "source": "osm",
        "osm_id": 909764457,
        "osm_type": "way"
      }
    },
    {
      "type": "Feature",
      "geometry": {
        "type": "Point",
        "coordinates": [
          -157.7860729,
          21.2617186
        ]
      },
      "properties": {
        "id": "osm-909764458",
        "lat": 21.2617186,
        "lon": -157.7860729,
        "name": "",
        "address": "Kahala Avenue, Waialae-Kahala, Black Point, K\u0101hala, East Honolulu, Honolulu, Honolulu County, Hawaii, 96821, United States",
        "neighborhood": "unknown",
        "source": "osm",
        "osm_id": 909764458,
        "osm_type": "way"
      }
    },
    {
      "type": "Feature",
      "geometry": {
        "type": "Point",
        "coordinates": [
          -157.7880594,
          21.260941
        ]
      },
      "properties": {
        "id": "osm-909764463",
        "lat": 21.260941,
        "lon": -157.7880594,
        "name": "",
        "address": "4451, Kahala Avenue, Waialae-Kahala, Wailupe, K\u0101hala, East Honolulu, Honolulu, Honolulu County, Hawaii, 96816, United States",
        "neighborhood": "unknown",
        "source": "osm",
        "osm_id": 909764463,
        "osm_type": "way"
      }
    },
    {
      "type": "Feature",
      "geometry": {
        "type": "Point",
        "coordinates": [
          -157.7871695,
          21.2612507
        ]
      },
      "properties": {
        "id": "osm-909764464",
        "lat": 21.2612507,
        "lon": -157.7871695,
        "name": "",
        "address": "4471, Kahala Avenue, Waialae-Kahala, Black Point, K\u0101hala, East Honolulu, Honolulu, Honolulu County, Hawaii, 96816, United States",
        "neighborhood": "unknown",
        "source": "osm",
        "osm_id": 909764464,
        "osm_type": "way"
      }
    },
    {
      "type": "Feature",
      "geometry": {
        "type": "Point",
        "coordinates": [
          -157.7850232,
          21.2622567
        ]
      },
      "properties": {
        "id": "osm-909764467",
        "lat": 21.2622567,
        "lon": -157.7850232,
        "name": "",
        "address": "Kahala Avenue, Waialae-Kahala, Black Point, K\u0101hala, East Honolulu, Honolulu, Honolulu County, Hawaii, 96821, United States",
        "neighborhood": "unknown",
        "source": "osm",
        "osm_id": 909764467,
        "osm_type": "way"
      }
    },
    {
      "type": "Feature",
      "geometry": {
        "type": "Point",
        "coordinates": [
          -157.7848697,
          21.262747
        ]
      },
      "properties": {
        "id": "osm-909764469",
        "lat": 21.262747,
        "lon": -157.7848697,
        "name": "",
        "address": "Kahala Avenue, Waialae-Kahala, Black Point, K\u0101hala, East Honolulu, Honolulu, Honolulu County, Hawaii, 96821, United States",
        "neighborhood": "unknown",
        "source": "osm",
        "osm_id": 909764469,
        "osm_type": "way"
      }
    },
    {
      "type": "Feature",
      "geometry": {
        "type": "Point",
        "coordinates": [
          -157.7824165,
          21.2638369
        ]
      },
      "properties": {
        "id": "osm-909764505",
        "lat": 21.2638369,
        "lon": -157.7824165,
        "name": "",
        "address": "Kahala Avenue, Waialae-Kahala, Black Point, K\u0101hala, East Honolulu, Honolulu, Honolulu County, Hawaii, 96821, United States",
        "neighborhood": "unknown",
        "source": "osm",
        "osm_id": 909764505,
        "osm_type": "way"
      }
    },
    {
      "type": "Feature",
      "geometry": {
        "type": "Point",
        "coordinates": [
          -157.8352835,
          21.3143094
        ]
      },
      "properties": {
        "id": "osm-914324063",
        "lat": 21.3143094,
        "lon": -157.8352835,
        "name": "",
        "address": "Kalawahine Place, Makiki, Honolulu, Honolulu County, Hawaii, 98622, United States",
        "neighborhood": "honolulu",
        "source": "osm",
        "osm_id": 914324063,
        "osm_type": "way"
      }
    },
    {
      "type": "Feature",
      "geometry": {
        "type": "Point",
        "coordinates": [
          -157.8331508,
          21.3109026
        ]
      },
      "properties": {
        "id": "osm-914334710",
        "lat": 21.3109026,
        "lon": -157.8331508,
        "name": "",
        "address": "Hugh G. Peterson Jr. Residence, 2345, Makiki Heights Drive, Makiki, East Honolulu, Honolulu, Honolulu County, Hawaii, 96822, United States",
        "neighborhood": "honolulu",
        "source": "osm",
        "osm_id": 914334710,
        "osm_type": "way"
      }
    },
    {
      "type": "Feature",
      "geometry": {
        "type": "Point",
        "coordinates": [
          -157.8794982,
          21.3471532
        ]
      },
      "properties": {
        "id": "osm-926766155",
        "lat": 21.3471532,
        "lon": -157.8794982,
        "name": "",
        "address": "7th Street, Kalihi, Honolulu, Honolulu County, Hawaii, 96858, United States",
        "neighborhood": "kalihi",
        "source": "osm",
        "osm_id": 926766155,
        "osm_type": "way"
      }
    },
    {
      "type": "Feature",
      "geometry": {
        "type": "Point",
        "coordinates": [
          -157.8222326,
          21.3480206
        ]
      },
      "properties": {
        "id": "osm-930113137",
        "lat": 21.3480206,
        "lon": -157.8222326,
        "name": "",
        "address": "Poli Hiwa Place, Honolulu, Honolulu County, Hawaii, 96822, United States",
        "neighborhood": "unknown",
        "source": "osm",
        "osm_id": 930113137,
        "osm_type": "way"
      }
    },
    {
      "type": "Feature",
      "geometry": {
        "type": "Point",
        "coordinates": [
          -157.7950345,
          21.4239238
        ]
      },
      "properties": {
        "id": "osm-930512013",
        "lat": 21.4239238,
        "lon": -157.7950345,
        "name": "",
        "address": "Konane Place, Kaneohe, Honolulu County, Hawaii, 96744, United States",
        "neighborhood": "kaneohe",
        "source": "osm",
        "osm_id": 930512013,
        "osm_type": "way"
      }
    },
    {
      "type": "Feature",
      "geometry": {
        "type": "Point",
        "coordinates": [
          -157.8116341,
          21.3166752
        ]
      },
      "properties": {
        "id": "osm-934054292",
        "lat": 21.3166752,
        "lon": -157.8116341,
        "name": "",
        "address": "3076, Oahu Avenue, M\u0101noa, East Honolulu, Honolulu, Honolulu County, Hawaii, 96822, United States",
        "neighborhood": "honolulu",
        "source": "osm",
        "osm_id": 934054292,
        "osm_type": "way"
      }
    },
    {
      "type": "Feature",
      "geometry": {
        "type": "Point",
        "coordinates": [
          -157.7925955,
          21.3948214
        ]
      },
      "properties": {
        "id": "osm-934149434",
        "lat": 21.3948214,
        "lon": -157.7925955,
        "name": "",
        "address": "Leleua Way, Keapuka, Kaneohe, Honolulu County, Hawaii, 96744, United States",
        "neighborhood": "kaneohe",
        "source": "osm",
        "osm_id": 934149434,
        "osm_type": "way"
      }
    },
    {
      "type": "Feature",
      "geometry": {
        "type": "Point",
        "coordinates": [
          -157.7660734,
          21.4171683
        ]
      },
      "properties": {
        "id": "osm-935468899",
        "lat": 21.4171683,
        "lon": -157.7660734,
        "name": "",
        "address": "Aumoana Way, Kea\u2018alu, Kaneohe, Honolulu County, Hawaii, 96863, United States",
        "neighborhood": "unknown",
        "source": "osm",
        "osm_id": 935468899,
        "osm_type": "way"
      }
    },
    {
      "type": "Feature",
      "geometry": {
        "type": "Point",
        "coordinates": [
          -157.7661248,
          21.417088
        ]
      },
      "properties": {
        "id": "osm-935468900",
        "lat": 21.417088,
        "lon": -157.7661248,
        "name": "",
        "address": "Aumoana Way, Kea\u2018alu, Kaneohe, Honolulu County, Hawaii, 96863, United States",
        "neighborhood": "unknown",
        "source": "osm",
        "osm_id": 935468900,
        "osm_type": "way"
      }
    },
    {
      "type": "Feature",
      "geometry": {
        "type": "Point",
        "coordinates": [
          -157.8055107,
          21.3181089
        ]
      },
      "properties": {
        "id": "osm-940026595",
        "lat": 21.3181089,
        "lon": -157.8055107,
        "name": "",
        "address": "Pauma Place, M\u0101noa, East Honolulu, Honolulu, Honolulu County, Hawaii, 96848, United States",
        "neighborhood": "honolulu",
        "source": "osm",
        "osm_id": 940026595,
        "osm_type": "way"
      }
    },
    {
      "type": "Feature",
      "geometry": {
        "type": "Point",
        "coordinates": [
          -157.7556911,
          21.4270634
        ]
      },
      "properties": {
        "id": "osm-941662127",
        "lat": 21.4270634,
        "lon": -157.7556911,
        "name": "",
        "address": "Noke Street, Kailua, Honolulu County, Hawaii, 96863, United States",
        "neighborhood": "unknown",
        "source": "osm",
        "osm_id": 941662127,
        "osm_type": "way"
      }
    },
    {
      "type": "Feature",
      "geometry": {
        "type": "Point",
        "coordinates": [
          -157.7114418,
          21.2905601
        ]
      },
      "properties": {
        "id": "osm-944493484",
        "lat": 21.2905601,
        "lon": -157.7114418,
        "name": "",
        "address": "Hawai\u2019i Kai Drive, Hahaione Valley, Hawai\u2019i Kai, Marina Central, East Honolulu, Honolulu, Honolulu County, Hawaii, 96825, United States",
        "neighborhood": "niu-valley",
        "source": "osm",
        "osm_id": 944493484,
        "osm_type": "way"
      }
    },
    {
      "type": "Feature",
      "geometry": {
        "type": "Point",
        "coordinates": [
          -157.7111836,
          21.2911552
        ]
      },
      "properties": {
        "id": "osm-944493509",
        "lat": 21.2911552,
        "lon": -157.7111836,
        "name": "",
        "address": "Hawai\u2019i Kai Drive, Hahaione Valley, Hawai\u2019i Kai, Marina Central, East Honolulu, Honolulu, Honolulu County, Hawaii, 96825, United States",
        "neighborhood": "niu-valley",
        "source": "osm",
        "osm_id": 944493509,
        "osm_type": "way"
      }
    },
    {
      "type": "Feature",
      "geometry": {
        "type": "Point",
        "coordinates": [
          -157.7111155,
          21.2913817
        ]
      },
      "properties": {
        "id": "osm-944493510",
        "lat": 21.2913817,
        "lon": -157.7111155,
        "name": "",
        "address": "Hawai\u2019i Kai Drive, Hahaione Valley, Hawai\u2019i Kai, Marina Central, East Honolulu, Honolulu, Honolulu County, Hawaii, 96825, United States",
        "neighborhood": "niu-valley",
        "source": "osm",
        "osm_id": 944493510,
        "osm_type": "way"
      }
    },
    {
      "type": "Feature",
      "geometry": {
        "type": "Point",
        "coordinates": [
          -157.7110007,
          21.2916768
        ]
      },
      "properties": {
        "id": "osm-944493514",
        "lat": 21.2916768,
        "lon": -157.7110007,
        "name": "",
        "address": "Hawai\u2019i Kai Drive, Hahaione Valley, Hawai\u2019i Kai, Marina Central, East Honolulu, Honolulu, Honolulu County, Hawaii, 96825, United States",
        "neighborhood": "niu-valley",
        "source": "osm",
        "osm_id": 944493514,
        "osm_type": "way"
      }
    },
    {
      "type": "Feature",
      "geometry": {
        "type": "Point",
        "coordinates": [
          -157.7131507,
          21.285857
        ]
      },
      "properties": {
        "id": "osm-944500069",
        "lat": 21.285857,
        "lon": -157.7131507,
        "name": "",
        "address": "Opihikao Way, Hawai\u2019i Kai, Marina Central, East Honolulu, Honolulu, Honolulu County, Hawaii, 96825, United States",
        "neighborhood": "niu-valley",
        "source": "osm",
        "osm_id": 944500069,
        "osm_type": "way"
      }
    },
    {
      "type": "Feature",
      "geometry": {
        "type": "Point",
        "coordinates": [
          -157.7123649,
          21.2892786
        ]
      },
      "properties": {
        "id": "osm-944539583",
        "lat": 21.2892786,
        "lon": -157.7123649,
        "name": "",
        "address": "Hawai\u2019i Kai Drive, Hahaione Valley, Hawai\u2019i Kai, Marina Central, East Honolulu, Honolulu, Honolulu County, Hawaii, 96825, United States",
        "neighborhood": "niu-valley",
        "source": "osm",
        "osm_id": 944539583,
        "osm_type": "way"
      }
    },
    {
      "type": "Feature",
      "geometry": {
        "type": "Point",
        "coordinates": [
          -157.7168997,
          21.2867734
        ]
      },
      "properties": {
        "id": "osm-944539626",
        "lat": 21.2867734,
        "lon": -157.7168997,
        "name": "",
        "address": "Hawai\u2019i Kai Drive, Hawai\u2019i Kai, Marina Central, East Honolulu, Honolulu, Honolulu County, Hawaii, 96825, United States",
        "neighborhood": "niu-valley",
        "source": "osm",
        "osm_id": 944539626,
        "osm_type": "way"
      }
    },
    {
      "type": "Feature",
      "geometry": {
        "type": "Point",
        "coordinates": [
          -157.7066842,
          21.2818473
        ]
      },
      "properties": {
        "id": "osm-944547999",
        "lat": 21.2818473,
        "lon": -157.7066842,
        "name": "",
        "address": "Koko Isle Circle, Marina East, East Honolulu, Honolulu, Honolulu County, Hawaii, 96825, United States",
        "neighborhood": "hawaii-kai",
        "source": "osm",
        "osm_id": 944547999,
        "osm_type": "way"
      }
    },
    {
      "type": "Feature",
      "geometry": {
        "type": "Point",
        "coordinates": [
          -157.6636279,
          21.2952318
        ]
      },
      "properties": {
        "id": "osm-944952834",
        "lat": 21.2952318,
        "lon": -157.6636279,
        "name": "",
        "address": "7998, Makaaoa Place, Kalama Valley, East Honolulu, Honolulu, Honolulu County, Hawaii, 96825, United States",
        "neighborhood": "unknown",
        "source": "osm",
        "osm_id": 944952834,
        "osm_type": "way"
      }
    },
    {
      "type": "Feature",
      "geometry": {
        "type": "Point",
        "coordinates": [
          -157.6637739,
          21.2951858
        ]
      },
      "properties": {
        "id": "osm-944952835",
        "lat": 21.2951858,
        "lon": -157.6637739,
        "name": "",
        "address": "Makaaoa Place, Queen's Gate 2, Kalama Valley, East Honolulu, Honolulu, Honolulu County, Hawaii, 96825, United States",
        "neighborhood": "unknown",
        "source": "osm",
        "osm_id": 944952835,
        "osm_type": "way"
      }
    },
    {
      "type": "Feature",
      "geometry": {
        "type": "Point",
        "coordinates": [
          -157.6639149,
          21.2951034
        ]
      },
      "properties": {
        "id": "osm-944952839",
        "lat": 21.2951034,
        "lon": -157.6639149,
        "name": "",
        "address": "7998, Makaaoa Place, Kalama Valley, East Honolulu, Honolulu, Honolulu County, Hawaii, 96825, United States",
        "neighborhood": "unknown",
        "source": "osm",
        "osm_id": 944952839,
        "osm_type": "way"
      }
    },
    {
      "type": "Feature",
      "geometry": {
        "type": "Point",
        "coordinates": [
          -157.6641248,
          21.2950187
        ]
      },
      "properties": {
        "id": "osm-944952840",
        "lat": 21.2950187,
        "lon": -157.6641248,
        "name": "",
        "address": "Makaaoa Place, Queen's Gate 2, Kalama Valley, East Honolulu, Honolulu, Honolulu County, Hawaii, 96825, United States",
        "neighborhood": "unknown",
        "source": "osm",
        "osm_id": 944952840,
        "osm_type": "way"
      }
    },
    {
      "type": "Feature",
      "geometry": {
        "type": "Point",
        "coordinates": [
          -157.6641367,
          21.2946499
        ]
      },
      "properties": {
        "id": "osm-944955100",
        "lat": 21.2946499,
        "lon": -157.6641367,
        "name": "",
        "address": "Makaaoa Place, Queen's Gate 2, Kalama Valley, East Honolulu, Honolulu, Honolulu County, Hawaii, 96825, United States",
        "neighborhood": "unknown",
        "source": "osm",
        "osm_id": 944955100,
        "osm_type": "way"
      }
    },
    {
      "type": "Feature",
      "geometry": {
        "type": "Point",
        "coordinates": [
          -157.6636697,
          21.2948557
        ]
      },
      "properties": {
        "id": "osm-944955101",
        "lat": 21.2948557,
        "lon": -157.6636697,
        "name": "",
        "address": "7999, Makaaoa Place, Kalama Valley, East Honolulu, Honolulu, Honolulu County, Hawaii, 96825, United States",
        "neighborhood": "unknown",
        "source": "osm",
        "osm_id": 944955101,
        "osm_type": "way"
      }
    },
    {
      "type": "Feature",
      "geometry": {
        "type": "Point",
        "coordinates": [
          -157.6643241,
          21.294562
        ]
      },
      "properties": {
        "id": "osm-944955104",
        "lat": 21.294562,
        "lon": -157.6643241,
        "name": "",
        "address": "Makaaoa Place, Queen's Gate 2, Kalama Valley, East Honolulu, Honolulu, Honolulu County, Hawaii, 96825, United States",
        "neighborhood": "unknown",
        "source": "osm",
        "osm_id": 944955104,
        "osm_type": "way"
      }
    },
    {
      "type": "Feature",
      "geometry": {
        "type": "Point",
        "coordinates": [
          -157.6643773,
          21.2944093
        ]
      },
      "properties": {
        "id": "osm-944955107",
        "lat": 21.2944093,
        "lon": -157.6643773,
        "name": "",
        "address": "Makaaoa Place, Queen's Gate 2, Kalama Valley, East Honolulu, Honolulu, Honolulu County, Hawaii, 96825, United States",
        "neighborhood": "unknown",
        "source": "osm",
        "osm_id": 944955107,
        "osm_type": "way"
      }
    },
    {
      "type": "Feature",
      "geometry": {
        "type": "Point",
        "coordinates": [
          -157.664677,
          21.2944792
        ]
      },
      "properties": {
        "id": "osm-944955109",
        "lat": 21.2944792,
        "lon": -157.664677,
        "name": "",
        "address": "Makaaoa Place, Queen's Gate 2, Kalama Valley, East Honolulu, Honolulu, Honolulu County, Hawaii, 96825, United States",
        "neighborhood": "unknown",
        "source": "osm",
        "osm_id": 944955109,
        "osm_type": "way"
      }
    },
    {
      "type": "Feature",
      "geometry": {
        "type": "Point",
        "coordinates": [
          -157.6646107,
          21.2944688
        ]
      },
      "properties": {
        "id": "osm-944955110",
        "lat": 21.2944688,
        "lon": -157.6646107,
        "name": "",
        "address": "Championship Course, Kamaole Street, Kalama Valley, Mariner's Cove, East Honolulu, Honolulu, Honolulu County, Hawaii, 96825, United States",
        "neighborhood": "unknown",
        "source": "osm",
        "osm_id": 944955110,
        "osm_type": "way"
      }
    },
    {
      "type": "Feature",
      "geometry": {
        "type": "Point",
        "coordinates": [
          -157.6649463,
          21.2940675
        ]
      },
      "properties": {
        "id": "osm-944955113",
        "lat": 21.2940675,
        "lon": -157.6649463,
        "name": "",
        "address": "Palea Way, Queen's Gate 2, Kalama Valley, East Honolulu, Honolulu, Honolulu County, Hawaii, 96825, United States",
        "neighborhood": "unknown",
        "source": "osm",
        "osm_id": 944955113,
        "osm_type": "way"
      }
    },
    {
      "type": "Feature",
      "geometry": {
        "type": "Point",
        "coordinates": [
          -157.6652101,
          21.2940209
        ]
      },
      "properties": {
        "id": "osm-944955114",
        "lat": 21.2940209,
        "lon": -157.6652101,
        "name": "",
        "address": "Palea Way, Queen's Gate 2, Kalama Valley, East Honolulu, Honolulu, Honolulu County, Hawaii, 96825, United States",
        "neighborhood": "unknown",
        "source": "osm",
        "osm_id": 944955114,
        "osm_type": "way"
      }
    },
    {
      "type": "Feature",
      "geometry": {
        "type": "Point",
        "coordinates": [
          -157.6649306,
          21.2942993
        ]
      },
      "properties": {
        "id": "osm-944955116",
        "lat": 21.2942993,
        "lon": -157.6649306,
        "name": "",
        "address": "Palea Way, Queen's Gate 2, Kalama Valley, East Honolulu, Honolulu, Honolulu County, Hawaii, 96825, United States",
        "neighborhood": "unknown",
        "source": "osm",
        "osm_id": 944955116,
        "osm_type": "way"
      }
    },
    {
      "type": "Feature",
      "geometry": {
        "type": "Point",
        "coordinates": [
          -157.6653324,
          21.2942368
        ]
      },
      "properties": {
        "id": "osm-944955119",
        "lat": 21.2942368,
        "lon": -157.6653324,
        "name": "",
        "address": "Palea Way, Queen's Gate 2, Kalama Valley, East Honolulu, Honolulu, Honolulu County, Hawaii, 96825, United States",
        "neighborhood": "unknown",
        "source": "osm",
        "osm_id": 944955119,
        "osm_type": "way"
      }
    },
    {
      "type": "Feature",
      "geometry": {
        "type": "Point",
        "coordinates": [
          -157.6653352,
          21.2944226
        ]
      },
      "properties": {
        "id": "osm-944955121",
        "lat": 21.2944226,
        "lon": -157.6653352,
        "name": "",
        "address": "Makaaoa Place, Queen's Gate 2, Kalama Valley, East Honolulu, Honolulu, Honolulu County, Hawaii, 96825, United States",
        "neighborhood": "unknown",
        "source": "osm",
        "osm_id": 944955121,
        "osm_type": "way"
      }
    },
    {
      "type": "Feature",
      "geometry": {
        "type": "Point",
        "coordinates": [
          -157.8248661,
          21.4354416
        ]
      },
      "properties": {
        "id": "osm-952509883",
        "lat": 21.4354416,
        "lon": -157.8248661,
        "name": "",
        "address": "Hui Alaiaha Place, Ahuimanu, Kailua, Honolulu County, Hawaii, 96744, United States",
        "neighborhood": "ahuimanu",
        "source": "osm",
        "osm_id": 952509883,
        "osm_type": "way"
      }
    },
    {
      "type": "Feature",
      "geometry": {
        "type": "Point",
        "coordinates": [
          -157.8248234,
          21.4352994
        ]
      },
      "properties": {
        "id": "osm-952509884",
        "lat": 21.4352994,
        "lon": -157.8248234,
        "name": "",
        "address": "Hui Alaiaha Place, Ahuimanu, Kailua, Honolulu County, Hawaii, 96744, United States",
        "neighborhood": "ahuimanu",
        "source": "osm",
        "osm_id": 952509884,
        "osm_type": "way"
      }
    },
    {
      "type": "Feature",
      "geometry": {
        "type": "Point",
        "coordinates": [
          -157.8259845,
          21.3461755
        ]
      },
      "properties": {
        "id": "osm-961194306",
        "lat": 21.3461755,
        "lon": -157.8259845,
        "name": "",
        "address": "Nuuanu Pali Drive, Honolulu, Honolulu County, Hawaii, 98622, United States",
        "neighborhood": "unknown",
        "source": "osm",
        "osm_id": 961194306,
        "osm_type": "way"
      }
    },
    {
      "type": "Feature",
      "geometry": {
        "type": "Point",
        "coordinates": [
          -157.8254109,
          21.346961
        ]
      },
      "properties": {
        "id": "osm-961194311",
        "lat": 21.346961,
        "lon": -157.8254109,
        "name": "",
        "address": "Old Pali Road, Honolulu, Honolulu County, Hawaii, 98622, United States",
        "neighborhood": "unknown",
        "source": "osm",
        "osm_id": 961194311,
        "osm_type": "way"
      }
    },
    {
      "type": "Feature",
      "geometry": {
        "type": "Point",
        "coordinates": [
          -157.8440204,
          21.3081214
        ]
      },
      "properties": {
        "id": "osm-961676795",
        "lat": 21.3081214,
        "lon": -157.8440204,
        "name": "",
        "address": "Maunaihi Terrace, 1031, Maunaihi Place, Makiki Kai, East Honolulu, Honolulu, Honolulu County, Hawaii, 96822, United States",
        "neighborhood": "honolulu",
        "source": "osm",
        "osm_id": 961676795,
        "osm_type": "way"
      }
    },
    {
      "type": "Feature",
      "geometry": {
        "type": "Point",
        "coordinates": [
          -157.8430709,
          21.3077344
        ]
      },
      "properties": {
        "id": "osm-961676798",
        "lat": 21.3077344,
        "lon": -157.8430709,
        "name": "",
        "address": "Spencer Street, Makiki Kai, Honolulu, Honolulu County, Hawaii, 98622, United States",
        "neighborhood": "honolulu",
        "source": "osm",
        "osm_id": 961676798,
        "osm_type": "way"
      }
    },
    {
      "type": "Feature",
      "geometry": {
        "type": "Point",
        "coordinates": [
          -157.8284551,
          21.3460586
        ]
      },
      "properties": {
        "id": "osm-962188916",
        "lat": 21.3460586,
        "lon": -157.8284551,
        "name": "",
        "address": "Palimalu Drive, Honolulu, Honolulu County, Hawaii, 98622, United States",
        "neighborhood": "unknown",
        "source": "osm",
        "osm_id": 962188916,
        "osm_type": "way"
      }
    },
    {
      "type": "Feature",
      "geometry": {
        "type": "Point",
        "coordinates": [
          -158.0035835,
          21.4009767
        ]
      },
      "properties": {
        "id": "osm-988772747",
        "lat": 21.4009767,
        "lon": -158.0035835,
        "name": "",
        "address": "Lumiaina Street, Waikele, Crestview, Waipahu, Honolulu County, Hawaii, 96797, United States",
        "neighborhood": "waipahu",
        "source": "osm",
        "osm_id": 988772747,
        "osm_type": "way"
      }
    },
    {
      "type": "Feature",
      "geometry": {
        "type": "Point",
        "coordinates": [
          -158.0735173,
          21.3311525
        ]
      },
      "properties": {
        "id": "osm-993770049",
        "lat": 21.3311525,
        "lon": -158.0735173,
        "name": "",
        "address": "Kunehi Street, City Center, Kalaeloa, Kapolei, Honolulu County, Hawaii, 96707, United States",
        "neighborhood": "kapolei",
        "source": "osm",
        "osm_id": 993770049,
        "osm_type": "way"
      }
    },
    {
      "type": "Feature",
      "geometry": {
        "type": "Point",
        "coordinates": [
          -157.843082,
          21.3082747
        ]
      },
      "properties": {
        "id": "osm-994074773",
        "lat": 21.3082747,
        "lon": -157.843082,
        "name": "",
        "address": "Spencer Street, Makiki Kai, Honolulu, Honolulu County, Hawaii, 98622, United States",
        "neighborhood": "honolulu",
        "source": "osm",
        "osm_id": 994074773,
        "osm_type": "way"
      }
    },
    {
      "type": "Feature",
      "geometry": {
        "type": "Point",
        "coordinates": [
          -158.2153909,
          21.4652012
        ]
      },
      "properties": {
        "id": "osm-996448644",
        "lat": 21.4652012,
        "lon": -158.2153909,
        "name": "",
        "address": "Moua Street, Makaha, Honolulu County, Hawaii, 96792, United States",
        "neighborhood": "makaha",
        "source": "osm",
        "osm_id": 996448644,
        "osm_type": "way"
      }
    },
    {
      "type": "Feature",
      "geometry": {
        "type": "Point",
        "coordinates": [
          -157.8222894,
          21.2784323
        ]
      },
      "properties": {
        "id": "osm-1004862548",
        "lat": 21.2784323,
        "lon": -157.8222894,
        "name": "",
        "address": "Camilla, 2411, Ala Wai Boulevard, Waik\u012bk\u012b, East Honolulu, Honolulu, Honolulu County, Hawaii, 96815, United States",
        "neighborhood": "waikiki",
        "source": "osm",
        "osm_id": 1004862548,
        "osm_type": "way"
      }
    },
    {
      "type": "Feature",
      "geometry": {
        "type": "Point",
        "coordinates": [
          -157.9181535,
          21.3662121
        ]
      },
      "properties": {
        "id": "osm-1005160681",
        "lat": 21.3662121,
        "lon": -157.9181535,
        "name": "",
        "address": "Epukane Street, Red Hill, Honolulu, Honolulu County, Hawaii, 96818, United States",
        "neighborhood": "salt-lake",
        "source": "osm",
        "osm_id": 1005160681,
        "osm_type": "way"
      }
    },
    {
      "type": "Feature",
      "geometry": {
        "type": "Point",
        "coordinates": [
          -157.81865,
          21.2749061
        ]
      },
      "properties": {
        "id": "osm-1005428358",
        "lat": 21.2749061,
        "lon": -157.81865,
        "name": "",
        "address": "Wai Nani Way, Kapahulu, East Honolulu, Honolulu, Honolulu County, Hawaii, 96815, United States",
        "neighborhood": "waikiki",
        "source": "osm",
        "osm_id": 1005428358,
        "osm_type": "way"
      }
    },
    {
      "type": "Feature",
      "geometry": {
        "type": "Point",
        "coordinates": [
          -157.8203964,
          21.2745042
        ]
      },
      "properties": {
        "id": "osm-1005428359",
        "lat": 21.2745042,
        "lon": -157.8203964,
        "name": "",
        "address": "Paoakalani Avenue, Kapahulu, East Honolulu, Honolulu, Honolulu County, Hawaii, 96815, United States",
        "neighborhood": "waikiki",
        "source": "osm",
        "osm_id": 1005428359,
        "osm_type": "way"
      }
    },
    {
      "type": "Feature",
      "geometry": {
        "type": "Point",
        "coordinates": [
          -157.8432558,
          21.3203277
        ]
      },
      "properties": {
        "id": "osm-1006265065",
        "lat": 21.3203277,
        "lon": -157.8432558,
        "name": "",
        "address": "Namilimili Street, Pacific Heights, East Honolulu, Honolulu, Honolulu County, Hawaii, 98622, United States",
        "neighborhood": "honolulu",
        "source": "osm",
        "osm_id": 1006265065,
        "osm_type": "way"
      }
    },
    {
      "type": "Feature",
      "geometry": {
        "type": "Point",
        "coordinates": [
          -157.8274138,
          21.3078688
        ]
      },
      "properties": {
        "id": "osm-1009807834",
        "lat": 21.3078688,
        "lon": -157.8274138,
        "name": "",
        "address": "2299, Round Top Drive, Lower M\u0101noa, M\u0101noa, East Honolulu, Honolulu, Honolulu County, Hawaii, 96822, United States",
        "neighborhood": "honolulu",
        "source": "osm",
        "osm_id": 1009807834,
        "osm_type": "way"
      }
    },
    {
      "type": "Feature",
      "geometry": {
        "type": "Point",
        "coordinates": [
          -157.8260375,
          21.2771676
        ]
      },
      "properties": {
        "id": "osm-1010093050",
        "lat": 21.2771676,
        "lon": -157.8260375,
        "name": "",
        "address": "Ka\u02bbiulani Avenue, Kalakaua Shopping District, Waik\u012bk\u012b, Honolulu, Honolulu County, Hawaii, 96815, United States",
        "neighborhood": "waikiki",
        "source": "osm",
        "osm_id": 1010093050,
        "osm_type": "way"
      }
    },
    {
      "type": "Feature",
      "geometry": {
        "type": "Point",
        "coordinates": [
          -157.821325,
          21.2758663
        ]
      },
      "properties": {
        "id": "osm-1010794602",
        "lat": 21.2758663,
        "lon": -157.821325,
        "name": "",
        "address": "Lili\u02bbuokalani Avenue, Waik\u012bk\u012b, Honolulu, Honolulu County, Hawaii, 96815, United States",
        "neighborhood": "waikiki",
        "source": "osm",
        "osm_id": 1010794602,
        "osm_type": "way"
      }
    },
    {
      "type": "Feature",
      "geometry": {
        "type": "Point",
        "coordinates": [
          -157.8219228,
          21.272014
        ]
      },
      "properties": {
        "id": "osm-1011177717",
        "lat": 21.272014,
        "lon": -157.8219228,
        "name": "",
        "address": "Lemon Road, Waik\u012bk\u012b, Honolulu, Honolulu County, Hawaii, 96815, United States",
        "neighborhood": "waikiki",
        "source": "osm",
        "osm_id": 1011177717,
        "osm_type": "way"
      }
    },
    {
      "type": "Feature",
      "geometry": {
        "type": "Point",
        "coordinates": [
          -157.8358144,
          21.2852216
        ]
      },
      "properties": {
        "id": "osm-1011177731",
        "lat": 21.2852216,
        "lon": -157.8358144,
        "name": "",
        "address": "Ena Road, McCully, Honolulu, Honolulu County, Hawaii, 96830, United States",
        "neighborhood": "honolulu",
        "source": "osm",
        "osm_id": 1011177731,
        "osm_type": "way"
      }
    },
    {
      "type": "Feature",
      "geometry": {
        "type": "Point",
        "coordinates": [
          -157.8316972,
          21.2852738
        ]
      },
      "properties": {
        "id": "osm-1011178186",
        "lat": 21.2852738,
        "lon": -157.8316972,
        "name": "",
        "address": "Oahu Surf One, 419, Keoniana Street, McCully, Honolulu, Honolulu County, Hawaii, 96815, United States",
        "neighborhood": "honolulu",
        "source": "osm",
        "osm_id": 1011178186,
        "osm_type": "way"
      }
    },
    {
      "type": "Feature",
      "geometry": {
        "type": "Point",
        "coordinates": [
          -157.8313013,
          21.2856769
        ]
      },
      "properties": {
        "id": "osm-1011178187",
        "lat": 21.2856769,
        "lon": -157.8313013,
        "name": "",
        "address": "Oahu Surf Two, 439, Keoniana Street, McCully, Honolulu, Honolulu County, Hawaii, 96815, United States",
        "neighborhood": "honolulu",
        "source": "osm",
        "osm_id": 1011178187,
        "osm_type": "way"
      }
    },
    {
      "type": "Feature",
      "geometry": {
        "type": "Point",
        "coordinates": [
          -157.8247429,
          21.300508
        ]
      },
      "properties": {
        "id": "osm-1015825839",
        "lat": 21.300508,
        "lon": -157.8247429,
        "name": "",
        "address": "Marques Street, Lower M\u0101noa, McCully, Honolulu, Honolulu County, Hawaii, 96822, United States",
        "neighborhood": "honolulu",
        "source": "osm",
        "osm_id": 1015825839,
        "osm_type": "way"
      }
    },
    {
      "type": "Feature",
      "geometry": {
        "type": "Point",
        "coordinates": [
          -157.8199242,
          21.2763006
        ]
      },
      "properties": {
        "id": "osm-1037072572",
        "lat": 21.2763006,
        "lon": -157.8199242,
        "name": "",
        "address": "Ala Wai Boulevard, Kapahulu, East Honolulu, Honolulu, Honolulu County, Hawaii, 96815, United States",
        "neighborhood": "waikiki",
        "source": "osm",
        "osm_id": 1037072572,
        "osm_type": "way"
      }
    },
    {
      "type": "Feature",
      "geometry": {
        "type": "Point",
        "coordinates": [
          -157.8358228,
          21.2801258
        ]
      },
      "properties": {
        "id": "osm-1037072574",
        "lat": 21.2801258,
        "lon": -157.8358228,
        "name": "Iluma Pool",
        "address": "Iluma Pool, Paoa Place, Waik\u012bk\u012b, East Honolulu, Honolulu, Honolulu County, Hawaii, 96830, United States",
        "neighborhood": "honolulu",
        "source": "osm",
        "osm_id": 1037072574,
        "osm_type": "way"
      }
    },
    {
      "type": "Feature",
      "geometry": {
        "type": "Point",
        "coordinates": [
          -157.7867278,
          21.2746274
        ]
      },
      "properties": {
        "id": "osm-1042064073",
        "lat": 21.2746274,
        "lon": -157.7867278,
        "name": "The Regency at Kahala Pool",
        "address": "The Regency at Kahala Pool, Pahoa Avenue, Waialae-Kahala, K\u0101hala, East Honolulu, Honolulu, Honolulu County, Hawaii, 96821, United States",
        "neighborhood": "unknown",
        "source": "osm",
        "osm_id": 1042064073,
        "osm_type": "way"
      }
    },
    {
      "type": "Feature",
      "geometry": {
        "type": "Point",
        "coordinates": [
          -157.8297775,
          21.2819948
        ]
      },
      "properties": {
        "id": "osm-1058396142",
        "lat": 21.2819948,
        "lon": -157.8297775,
        "name": "",
        "address": "Lauula Street, Waik\u012bk\u012b, Honolulu, Honolulu County, Hawaii, 96815, United States",
        "neighborhood": "honolulu",
        "source": "osm",
        "osm_id": 1058396142,
        "osm_type": "way"
      }
    },
    {
      "type": "Feature",
      "geometry": {
        "type": "Point",
        "coordinates": [
          -157.8297296,
          21.2818684
        ]
      },
      "properties": {
        "id": "osm-1058396144",
        "lat": 21.2818684,
        "lon": -157.8297296,
        "name": "",
        "address": "Lauula Street, Waik\u012bk\u012b, Honolulu, Honolulu County, Hawaii, 96815, United States",
        "neighborhood": "honolulu",
        "source": "osm",
        "osm_id": 1058396144,
        "osm_type": "way"
      }
    },
    {
      "type": "Feature",
      "geometry": {
        "type": "Point",
        "coordinates": [
          -157.8302466,
          21.2824798
        ]
      },
      "properties": {
        "id": "osm-1058396145",
        "lat": 21.2824798,
        "lon": -157.8302466,
        "name": "",
        "address": "Kalaimoku Street, Waik\u012bk\u012b, Honolulu, Honolulu County, Hawaii, 96815, United States",
        "neighborhood": "honolulu",
        "source": "osm",
        "osm_id": 1058396145,
        "osm_type": "way"
      }
    },
    {
      "type": "Feature",
      "geometry": {
        "type": "Point",
        "coordinates": [
          -157.8005783,
          21.4199693
        ]
      },
      "properties": {
        "id": "osm-1074415919",
        "lat": 21.4199693,
        "lon": -157.8005783,
        "name": "",
        "address": "Lilipuna Road, Kaneohe, Honolulu County, Hawaii, 96744, United States",
        "neighborhood": "kaneohe",
        "source": "osm",
        "osm_id": 1074415919,
        "osm_type": "way"
      }
    },
    {
      "type": "Feature",
      "geometry": {
        "type": "Point",
        "coordinates": [
          -157.8002024,
          21.4213193
        ]
      },
      "properties": {
        "id": "osm-1074415920",
        "lat": 21.4213193,
        "lon": -157.8002024,
        "name": "",
        "address": "PuuAlii PHASE I Office, 46-058, Aliianela Place, Kaneohe, Honolulu County, Hawaii, 96744, United States",
        "neighborhood": "kaneohe",
        "source": "osm",
        "osm_id": 1074415920,
        "osm_type": "way"
      }
    },
    {
      "type": "Feature",
      "geometry": {
        "type": "Point",
        "coordinates": [
          -157.8282633,
          21.2769145
        ]
      },
      "properties": {
        "id": "osm-1075225789",
        "lat": 21.2769145,
        "lon": -157.8282633,
        "name": "",
        "address": "Surf Lanai, 2259, Kal\u0101kaua Avenue, Kalakaua Shopping District, Waik\u012bk\u012b, Honolulu, Honolulu County, Hawaii, 96815, United States",
        "neighborhood": "waikiki",
        "source": "osm",
        "osm_id": 1075225789,
        "osm_type": "way"
      }
    },
    {
      "type": "Feature",
      "geometry": {
        "type": "Point",
        "coordinates": [
          -158.0255157,
          21.643841
        ]
      },
      "properties": {
        "id": "osm-1077853767",
        "lat": 21.643841,
        "lon": -158.0255157,
        "name": "",
        "address": "Pupukea Road, Honolulu County, Hawaii, United States",
        "neighborhood": "unknown",
        "source": "osm",
        "osm_id": 1077853767,
        "osm_type": "way"
      }
    },
    {
      "type": "Feature",
      "geometry": {
        "type": "Point",
        "coordinates": [
          -157.9490141,
          21.4078622
        ]
      },
      "properties": {
        "id": "osm-1079933487",
        "lat": 21.4078622,
        "lon": -157.9490141,
        "name": "",
        "address": "Wailuna, Waimalu, Waipahu, Honolulu County, Hawaii, 96782, United States",
        "neighborhood": "pearl-city",
        "source": "osm",
        "osm_id": 1079933487,
        "osm_type": "way"
      }
    },
    {
      "type": "Feature",
      "geometry": {
        "type": "Point",
        "coordinates": [
          -158.1226476,
          21.3429705
        ]
      },
      "properties": {
        "id": "osm-1081103162",
        "lat": 21.3429705,
        "lon": -158.1226476,
        "name": "",
        "address": "Olani Street, The Coconut Plantation, Kapolei, Honolulu County, Hawaii, 96707, United States",
        "neighborhood": "unknown",
        "source": "osm",
        "osm_id": 1081103162,
        "osm_type": "way"
      }
    },
    {
      "type": "Feature",
      "geometry": {
        "type": "Point",
        "coordinates": [
          -158.1245479,
          21.3436125
        ]
      },
      "properties": {
        "id": "osm-1081103163",
        "lat": 21.3436125,
        "lon": -158.1245479,
        "name": "",
        "address": "Olani Street, The Coconut Plantation, Kapolei, Honolulu County, Hawaii, 96707, United States",
        "neighborhood": "unknown",
        "source": "osm",
        "osm_id": 1081103163,
        "osm_type": "way"
      }
    },
    {
      "type": "Feature",
      "geometry": {
        "type": "Point",
        "coordinates": [
          -158.1178826,
          21.3419073
        ]
      },
      "properties": {
        "id": "osm-1081132520",
        "lat": 21.3419073,
        "lon": -158.1178826,
        "name": "",
        "address": "Koi'o Drive, Ko'Olina Kai Golf Estates and Villas, Kapolei, Honolulu County, Hawaii, 96707, United States",
        "neighborhood": "unknown",
        "source": "osm",
        "osm_id": 1081132520,
        "osm_type": "way"
      }
    },
    {
      "type": "Feature",
      "geometry": {
        "type": "Point",
        "coordinates": [
          -157.8261382,
          21.2809044
        ]
      },
      "properties": {
        "id": "osm-1082574094",
        "lat": 21.2809044,
        "lon": -157.8261382,
        "name": "",
        "address": "Island Colony, 445, Seaside Avenue, Waik\u012bk\u012b, Honolulu, Honolulu County, Hawaii, 96815, United States",
        "neighborhood": "honolulu",
        "source": "osm",
        "osm_id": 1082574094,
        "osm_type": "way"
      }
    },
    {
      "type": "Feature",
      "geometry": {
        "type": "Point",
        "coordinates": [
          -158.0032736,
          21.5163012
        ]
      },
      "properties": {
        "id": "osm-1090883447",
        "lat": 21.5163012,
        "lon": -158.0032736,
        "name": "NCTAMS Pool",
        "address": "NCTAMS Pool, 500, Center Street, Wahiawa, Honolulu County, Hawaii, 96786, United States",
        "neighborhood": "unknown",
        "source": "osm",
        "osm_id": 1090883447,
        "osm_type": "way"
      }
    },
    {
      "type": "Feature",
      "geometry": {
        "type": "Point",
        "coordinates": [
          -157.8237709,
          21.2866559
        ]
      },
      "properties": {
        "id": "osm-1095523221",
        "lat": 21.2866559,
        "lon": -157.8237709,
        "name": "",
        "address": "Iolani Court Plaza, 2499, Kapiolani Boulevard, Moiliili, McCully, Honolulu, Honolulu County, Hawaii, 96826, United States",
        "neighborhood": "honolulu",
        "source": "osm",
        "osm_id": 1095523221,
        "osm_type": "way"
      }
    },
    {
      "type": "Feature",
      "geometry": {
        "type": "Point",
        "coordinates": [
          -157.822887,
          21.2856634
        ]
      },
      "properties": {
        "id": "osm-1095523243",
        "lat": 21.2856634,
        "lon": -157.822887,
        "name": "",
        "address": "\u02bbIolani School, 523, Kamoku Street, Moiliili, Waik\u012bk\u012b, Honolulu, Honolulu County, Hawaii, 96826, United States",
        "neighborhood": "honolulu",
        "source": "osm",
        "osm_id": 1095523243,
        "osm_type": "way"
      }
    },
    {
      "type": "Feature",
      "geometry": {
        "type": "Point",
        "coordinates": [
          -157.7052531,
          21.2870914
        ]
      },
      "properties": {
        "id": "osm-1095525720",
        "lat": 21.2870914,
        "lon": -157.7052531,
        "name": "",
        "address": "7000, Hawai\u2019i Kai Drive, Hawaii Kai Ridge & Cove, East Honolulu, Honolulu, Honolulu County, Hawaii, 96825, United States",
        "neighborhood": "hawaii-kai",
        "source": "osm",
        "osm_id": 1095525720,
        "osm_type": "way"
      }
    },
    {
      "type": "Feature",
      "geometry": {
        "type": "Point",
        "coordinates": [
          -157.7054143,
          21.2858165
        ]
      },
      "properties": {
        "id": "osm-1095525848",
        "lat": 21.2858165,
        "lon": -157.7054143,
        "name": "",
        "address": "Keahole Place, Marina East, East Honolulu, Honolulu, Honolulu County, Hawaii, 96825, United States",
        "neighborhood": "hawaii-kai",
        "source": "osm",
        "osm_id": 1095525848,
        "osm_type": "way"
      }
    },
    {
      "type": "Feature",
      "geometry": {
        "type": "Point",
        "coordinates": [
          -157.6951088,
          21.2875131
        ]
      },
      "properties": {
        "id": "osm-1095525851",
        "lat": 21.2875131,
        "lon": -157.6951088,
        "name": "",
        "address": "Kukuiula Place, Lunalilo Park Mauka, East Honolulu, Honolulu, Honolulu County, Hawaii, 96825, United States",
        "neighborhood": "hawaii-kai",
        "source": "osm",
        "osm_id": 1095525851,
        "osm_type": "way"
      }
    },
    {
      "type": "Feature",
      "geometry": {
        "type": "Point",
        "coordinates": [
          -157.6945667,
          21.2877762
        ]
      },
      "properties": {
        "id": "osm-1095525852",
        "lat": 21.2877762,
        "lon": -157.6945667,
        "name": "",
        "address": "501, Kukuiula Place, Lunalilo Park Mauka, East Honolulu, Honolulu, Honolulu County, Hawaii, 96825, United States",
        "neighborhood": "hawaii-kai",
        "source": "osm",
        "osm_id": 1095525852,
        "osm_type": "way"
      }
    },
    {
      "type": "Feature",
      "geometry": {
        "type": "Point",
        "coordinates": [
          -157.8270421,
          21.2764865
        ]
      },
      "properties": {
        "id": "osm-1095525924",
        "lat": 21.2764865,
        "lon": -157.8270421,
        "name": "",
        "address": "The Beach Bar, 2365, Kal\u0101kaua Avenue, Kalakaua Shopping District, Waik\u012bk\u012b, Honolulu, Honolulu County, Hawaii, 96815, United States",
        "neighborhood": "waikiki",
        "source": "osm",
        "osm_id": 1095525924,
        "osm_type": "way"
      }
    },
    {
      "type": "Feature",
      "geometry": {
        "type": "Point",
        "coordinates": [
          -157.822543,
          21.2854007
        ]
      },
      "properties": {
        "id": "osm-1095733732",
        "lat": 21.2854007,
        "lon": -157.822543,
        "name": "",
        "address": "\u02bbIolani School, 523, Kamoku Street, Waik\u012bk\u012b, East Honolulu, Honolulu, Honolulu County, Hawaii, 96826, United States",
        "neighborhood": "honolulu",
        "source": "osm",
        "osm_id": 1095733732,
        "osm_type": "way"
      }
    },
    {
      "type": "Feature",
      "geometry": {
        "type": "Point",
        "coordinates": [
          -158.0186472,
          21.4514642
        ]
      },
      "properties": {
        "id": "osm-1096712954",
        "lat": 21.4514642,
        "lon": -158.0186472,
        "name": "Recreation Center 3 Pool",
        "address": "Recreation Center 3 Pool, Kaloapau Street, Mililani Town, Honolulu County, Hawaii, 96789, United States",
        "neighborhood": "mililani",
        "source": "osm",
        "osm_id": 1096712954,
        "osm_type": "way"
      }
    },
    {
      "type": "Feature",
      "geometry": {
        "type": "Point",
        "coordinates": [
          -158.0582282,
          21.6509104
        ]
      },
      "properties": {
        "id": "osm-1099936824",
        "lat": 21.6509104,
        "lon": -158.0582282,
        "name": "",
        "address": "Wilinau Road, Honolulu County, Hawaii, United States",
        "neighborhood": "unknown",
        "source": "osm",
        "osm_id": 1099936824,
        "osm_type": "way"
      }
    },
    {
      "type": "Feature",
      "geometry": {
        "type": "Point",
        "coordinates": [
          -158.058187,
          21.6509033
        ]
      },
      "properties": {
        "id": "osm-1099936825",
        "lat": 21.6509033,
        "lon": -158.058187,
        "name": "",
        "address": "Wilinau Road, Honolulu County, Hawaii, United States",
        "neighborhood": "unknown",
        "source": "osm",
        "osm_id": 1099936825,
        "osm_type": "way"
      }
    },
    {
      "type": "Feature",
      "geometry": {
        "type": "Point",
        "coordinates": [
          -158.0575994,
          21.6505474
        ]
      },
      "properties": {
        "id": "osm-1099936826",
        "lat": 21.6505474,
        "lon": -158.0575994,
        "name": "",
        "address": "Alapio Road, Honolulu County, Hawaii, United States",
        "neighborhood": "unknown",
        "source": "osm",
        "osm_id": 1099936826,
        "osm_type": "way"
      }
    },
    {
      "type": "Feature",
      "geometry": {
        "type": "Point",
        "coordinates": [
          -157.7071762,
          21.2920122
        ]
      },
      "properties": {
        "id": "osm-1103729785",
        "lat": 21.2920122,
        "lon": -157.7071762,
        "name": "",
        "address": "Hawai\u2019i Kai Drive, Hahaione High Rise, East Honolulu, Honolulu, Honolulu County, Hawaii, 96825, United States",
        "neighborhood": "hawaii-kai",
        "source": "osm",
        "osm_id": 1103729785,
        "osm_type": "way"
      }
    },
    {
      "type": "Feature",
      "geometry": {
        "type": "Point",
        "coordinates": [
          -157.7072982,
          21.2928819
        ]
      },
      "properties": {
        "id": "osm-1103729786",
        "lat": 21.2928819,
        "lon": -157.7072982,
        "name": "",
        "address": "6754, Hawai\u2019i Kai Drive, Hahaione High Rise, East Honolulu, Honolulu, Honolulu County, Hawaii, 96825, United States",
        "neighborhood": "hawaii-kai",
        "source": "osm",
        "osm_id": 1103729786,
        "osm_type": "way"
      }
    },
    {
      "type": "Feature",
      "geometry": {
        "type": "Point",
        "coordinates": [
          -157.8388815,
          21.2832603
        ]
      },
      "properties": {
        "id": "osm-1112158421",
        "lat": 21.2832603,
        "lon": -157.8388815,
        "name": "Paradise Pool",
        "address": "Lagoon Grill, 2005, Kalia Road, Waik\u012bk\u012b, Honolulu, Honolulu County, Hawaii, 96815, United States",
        "neighborhood": "honolulu",
        "source": "osm",
        "osm_id": 1112158421,
        "osm_type": "way"
      }
    },
    {
      "type": "Feature",
      "geometry": {
        "type": "Point",
        "coordinates": [
          -157.8363658,
          21.2838863
        ]
      },
      "properties": {
        "id": "osm-1112158441",
        "lat": 21.2838863,
        "lon": -157.8363658,
        "name": "Kalia Adult Pool",
        "address": "Kalia Adult Pool, Rainbow Drive, Waik\u012bk\u012b, Honolulu, Honolulu County, Hawaii, 96815, United States",
        "neighborhood": "honolulu",
        "source": "osm",
        "osm_id": 1112158441,
        "osm_type": "way"
      }
    },
    {
      "type": "Feature",
      "geometry": {
        "type": "Point",
        "coordinates": [
          -157.8364586,
          21.2825055
        ]
      },
      "properties": {
        "id": "osm-1112158442",
        "lat": 21.2825055,
        "lon": -157.8364586,
        "name": "Tapa Pool",
        "address": "Aloha Bowls & Teas, 2005, Kalia Road, Waik\u012bk\u012b, Honolulu, Honolulu County, Hawaii, 96815, United States",
        "neighborhood": "honolulu",
        "source": "osm",
        "osm_id": 1112158442,
        "osm_type": "way"
      }
    },
    {
      "type": "Feature",
      "geometry": {
        "type": "Point",
        "coordinates": [
          -157.8225686,
          21.2724064
        ]
      },
      "properties": {
        "id": "osm-1112333702",
        "lat": 21.2724064,
        "lon": -157.8225686,
        "name": "",
        "address": "Jamba, 2470, Kapahulu Avenue, Waik\u012bk\u012b, Honolulu, Honolulu County, Hawaii, 96815, United States",
        "neighborhood": "waikiki",
        "source": "osm",
        "osm_id": 1112333702,
        "osm_type": "way"
      }
    },
    {
      "type": "Feature",
      "geometry": {
        "type": "Point",
        "coordinates": [
          -157.8194296,
          21.2755447
        ]
      },
      "properties": {
        "id": "osm-1112776945",
        "lat": 21.2755447,
        "lon": -157.8194296,
        "name": "",
        "address": "Paoakalani Avenue, Kapahulu, East Honolulu, Honolulu, Honolulu County, Hawaii, 96815, United States",
        "neighborhood": "waikiki",
        "source": "osm",
        "osm_id": 1112776945,
        "osm_type": "way"
      }
    },
    {
      "type": "Feature",
      "geometry": {
        "type": "Point",
        "coordinates": [
          -157.8222683,
          21.2738026
        ]
      },
      "properties": {
        "id": "osm-1113753933",
        "lat": 21.2738026,
        "lon": -157.8222683,
        "name": "",
        "address": "Ohua Avenue, Waik\u012bk\u012b, Honolulu, Honolulu County, Hawaii, 96815, United States",
        "neighborhood": "waikiki",
        "source": "osm",
        "osm_id": 1113753933,
        "osm_type": "way"
      }
    },
    {
      "type": "Feature",
      "geometry": {
        "type": "Point",
        "coordinates": [
          -157.8231432,
          21.2731205
        ]
      },
      "properties": {
        "id": "osm-1113753934",
        "lat": 21.2731205,
        "lon": -157.8231432,
        "name": "",
        "address": "Kuhio Beach Grill, Ohua Avenue, Waik\u012bk\u012b, Honolulu, Honolulu County, Hawaii, 96815, United States",
        "neighborhood": "waikiki",
        "source": "osm",
        "osm_id": 1113753934,
        "osm_type": "way"
      }
    },
    {
      "type": "Feature",
      "geometry": {
        "type": "Point",
        "coordinates": [
          -157.8231837,
          21.2740068
        ]
      },
      "properties": {
        "id": "osm-1113756027",
        "lat": 21.2740068,
        "lon": -157.8231837,
        "name": "",
        "address": "Kealohilani Avenue, Waik\u012bk\u012b, Honolulu, Honolulu County, Hawaii, 96815, United States",
        "neighborhood": "waikiki",
        "source": "osm",
        "osm_id": 1113756027,
        "osm_type": "way"
      }
    },
    {
      "type": "Feature",
      "geometry": {
        "type": "Point",
        "coordinates": [
          -157.8234961,
          21.2747446
        ]
      },
      "properties": {
        "id": "osm-1113756028",
        "lat": 21.2747446,
        "lon": -157.8234961,
        "name": "",
        "address": "Kai Coffee, Lili\u02bbuokalani Avenue, Waik\u012bk\u012b, Honolulu, Honolulu County, Hawaii, 96815, United States",
        "neighborhood": "waikiki",
        "source": "osm",
        "osm_id": 1113756028,
        "osm_type": "way"
      }
    },
    {
      "type": "Feature",
      "geometry": {
        "type": "Point",
        "coordinates": [
          -157.8232011,
          21.2749089
        ]
      },
      "properties": {
        "id": "osm-1113756029",
        "lat": 21.2749089,
        "lon": -157.8232011,
        "name": "",
        "address": "SWELL Restaurant and Pool Bar, 2490, Kal\u0101kaua Avenue, Waik\u012bk\u012b, East Honolulu, Honolulu, Honolulu County, Hawaii, 96815, United States",
        "neighborhood": "waikiki",
        "source": "osm",
        "osm_id": 1113756029,
        "osm_type": "way"
      }
    },
    {
      "type": "Feature",
      "geometry": {
        "type": "Point",
        "coordinates": [
          -157.8254576,
          21.2761488
        ]
      },
      "properties": {
        "id": "osm-1114733033",
        "lat": 21.2761488,
        "lon": -157.8254576,
        "name": "",
        "address": "Reys Spooner, 2424, Kal\u0101kaua Avenue, Kalakaua Shopping District, Waik\u012bk\u012b, Honolulu, Honolulu County, Hawaii, 96815, United States",
        "neighborhood": "waikiki",
        "source": "osm",
        "osm_id": 1114733033,
        "osm_type": "way"
      }
    },
    {
      "type": "Feature",
      "geometry": {
        "type": "Point",
        "coordinates": [
          -157.8228675,
          21.2777901
        ]
      },
      "properties": {
        "id": "osm-1114734115",
        "lat": 21.2777901,
        "lon": -157.8228675,
        "name": "",
        "address": "Waikiki Skytower, 2410, Cleghorn Street, Waik\u012bk\u012b, East Honolulu, Honolulu, Honolulu County, Hawaii, 96815, United States",
        "neighborhood": "waikiki",
        "source": "osm",
        "osm_id": 1114734115,
        "osm_type": "way"
      }
    },
    {
      "type": "Feature",
      "geometry": {
        "type": "Point",
        "coordinates": [
          -157.8280381,
          21.2768106
        ]
      },
      "properties": {
        "id": "osm-1115388335",
        "lat": 21.2768106,
        "lon": -157.8280381,
        "name": "",
        "address": "OUTRIGGER Waikiki Beach Resort, 2335, Kal\u0101kaua Avenue, Kalakaua Shopping District, Waik\u012bk\u012b, East Honolulu, Honolulu, Honolulu County, Hawaii, 96815, United States",
        "neighborhood": "waikiki",
        "source": "osm",
        "osm_id": 1115388335,
        "osm_type": "way"
      }
    },
    {
      "type": "Feature",
      "geometry": {
        "type": "Point",
        "coordinates": [
          -157.8318701,
          21.2788994
        ]
      },
      "properties": {
        "id": "osm-1116346673",
        "lat": 21.2788994,
        "lon": -157.8318701,
        "name": "",
        "address": "Embassy Suites valet parking entrance, Waikiki Beach Walk, Waik\u012bk\u012b, Honolulu, Honolulu County, Hawaii, 96815, United States",
        "neighborhood": "waikiki",
        "source": "osm",
        "osm_id": 1116346673,
        "osm_type": "way"
      }
    },
    {
      "type": "Feature",
      "geometry": {
        "type": "Point",
        "coordinates": [
          -157.830776,
          21.2787524
        ]
      },
      "properties": {
        "id": "osm-1116346674",
        "lat": 21.2787524,
        "lon": -157.830776,
        "name": "",
        "address": "Carludovica, 227, Lewers Street, Waikiki Beach Walk, Kalakaua Shopping District, Waik\u012bk\u012b, Honolulu, Honolulu County, Hawaii, 96815, United States",
        "neighborhood": "waikiki",
        "source": "osm",
        "osm_id": 1116346674,
        "osm_type": "way"
      }
    },
    {
      "type": "Feature",
      "geometry": {
        "type": "Point",
        "coordinates": [
          -157.8305984,
          21.2779687
        ]
      },
      "properties": {
        "id": "osm-1116346675",
        "lat": 21.2779687,
        "lon": -157.8305984,
        "name": "",
        "address": "Halekulani Bakery, Kalia Road, Waik\u012bk\u012b, Honolulu, Honolulu County, Hawaii, 96815, United States",
        "neighborhood": "waikiki",
        "source": "osm",
        "osm_id": 1116346675,
        "osm_type": "way"
      }
    },
    {
      "type": "Feature",
      "geometry": {
        "type": "Point",
        "coordinates": [
          -157.8392144,
          21.2845848
        ]
      },
      "properties": {
        "id": "osm-1116386883",
        "lat": 21.2845848,
        "lon": -157.8392144,
        "name": "",
        "address": "Morimoto Waikiki, 1777, Ala Moana Boulevard, Ala Moana, East Honolulu, Honolulu, Honolulu County, Hawaii, 96815, United States",
        "neighborhood": "honolulu",
        "source": "osm",
        "osm_id": 1116386883,
        "osm_type": "way"
      }
    },
    {
      "type": "Feature",
      "geometry": {
        "type": "Point",
        "coordinates": [
          -157.8390134,
          21.2847624
        ]
      },
      "properties": {
        "id": "osm-1116386884",
        "lat": 21.2847624,
        "lon": -157.8390134,
        "name": "",
        "address": "Morimoto Waikiki, 1777, Ala Moana Boulevard, Ala Moana, Honolulu, Honolulu County, Hawaii, 96815, United States",
        "neighborhood": "honolulu",
        "source": "osm",
        "osm_id": 1116386884,
        "osm_type": "way"
      }
    },
    {
      "type": "Feature",
      "geometry": {
        "type": "Point",
        "coordinates": [
          -158.0143327,
          21.3317667
        ]
      },
      "properties": {
        "id": "osm-1121961800",
        "lat": 21.3317667,
        "lon": -158.0143327,
        "name": "Montecity Community Pool",
        "address": "Montecity Community Pool, Kanela Street, Ewa Beach, Honolulu County, Hawaii, 96706, United States",
        "neighborhood": "ewa-beach",
        "source": "osm",
        "osm_id": 1121961800,
        "osm_type": "way"
      }
    },
    {
      "type": "Feature",
      "geometry": {
        "type": "Point",
        "coordinates": [
          -158.0158158,
          21.3365442
        ]
      },
      "properties": {
        "id": "osm-1121961803",
        "lat": 21.3365442,
        "lon": -158.0158158,
        "name": "TCLT Community Pool",
        "address": "TCLT Community Pool, Kamailio Street, Ewa Beach, Honolulu County, Hawaii, 96706, United States",
        "neighborhood": "ewa-beach",
        "source": "osm",
        "osm_id": 1121961803,
        "osm_type": "way"
      }
    },
    {
      "type": "Feature",
      "geometry": {
        "type": "Point",
        "coordinates": [
          -157.8359099,
          21.2984877
        ]
      },
      "properties": {
        "id": "osm-1157060797",
        "lat": 21.2984877,
        "lon": -157.8359099,
        "name": "",
        "address": "South Beretania Street, Pawaa, Honolulu, Honolulu County, Hawaii, 96814, United States",
        "neighborhood": "honolulu",
        "source": "osm",
        "osm_id": 1157060797,
        "osm_type": "way"
      }
    },
    {
      "type": "Feature",
      "geometry": {
        "type": "Point",
        "coordinates": [
          -157.8315847,
          21.2990941
        ]
      },
      "properties": {
        "id": "osm-1157060800",
        "lat": 21.2990941,
        "lon": -157.8315847,
        "name": "",
        "address": "1801, Bingham Street, Moiliili, McCully, East Honolulu, Honolulu, Honolulu County, Hawaii, 96826, United States",
        "neighborhood": "honolulu",
        "source": "osm",
        "osm_id": 1157060800,
        "osm_type": "way"
      }
    },
    {
      "type": "Feature",
      "geometry": {
        "type": "Point",
        "coordinates": [
          -157.7567226,
          21.4423157
        ]
      },
      "properties": {
        "id": "osm-1181208846",
        "lat": 21.4423157,
        "lon": -157.7567226,
        "name": "K-Bay Pool",
        "address": "K-Bay Pool, 5th Street, Honolulu County, Hawaii, 96863, United States",
        "neighborhood": "unknown",
        "source": "osm",
        "osm_id": 1181208846,
        "osm_type": "way"
      }
    },
    {
      "type": "Feature",
      "geometry": {
        "type": "Point",
        "coordinates": [
          -157.7486353,
          21.3703041
        ]
      },
      "properties": {
        "id": "osm-1197578055",
        "lat": 21.3703041,
        "lon": -157.7486353,
        "name": "",
        "address": "Ohana Trail, Maunawili, Enchanted Lake, East Honolulu, Honolulu County, Hawaii, 96734, United States",
        "neighborhood": "kailua",
        "source": "osm",
        "osm_id": 1197578055,
        "osm_type": "way"
      }
    },
    {
      "type": "Feature",
      "geometry": {
        "type": "Point",
        "coordinates": [
          -157.7390671,
          21.2843712
        ]
      },
      "properties": {
        "id": "osm-1197578074",
        "lat": 21.2843712,
        "lon": -157.7390671,
        "name": "",
        "address": "Kanau Street, Niu Valley, Niu and Niuiki Circle, Hawaii Loa Ridge, East Honolulu, Honolulu, Honolulu County, Hawaii, 96821, United States",
        "neighborhood": "aina-haina",
        "source": "osm",
        "osm_id": 1197578074,
        "osm_type": "way"
      }
    },
    {
      "type": "Feature",
      "geometry": {
        "type": "Point",
        "coordinates": [
          -157.9072706,
          21.3531618
        ]
      },
      "properties": {
        "id": "osm-1201560482",
        "lat": 21.3531618,
        "lon": -157.9072706,
        "name": "",
        "address": "Honolulu Country Club, 1690, Ala Pu\u02bbumalu Street, Moanalua Gardens, Honolulu, Honolulu County, Hawaii, 96818, United States",
        "neighborhood": "salt-lake",
        "source": "osm",
        "osm_id": 1201560482,
        "osm_type": "way"
      }
    },
    {
      "type": "Feature",
      "geometry": {
        "type": "Point",
        "coordinates": [
          -157.7857737,
          21.2633665
        ]
      },
      "properties": {
        "id": "osm-1204348315",
        "lat": 21.2633665,
        "lon": -157.7857737,
        "name": "",
        "address": "Ulili Street, Waialae-Kahala, K\u0101hala, East Honolulu, Honolulu, Honolulu County, Hawaii, 96821, United States",
        "neighborhood": "unknown",
        "source": "osm",
        "osm_id": 1204348315,
        "osm_type": "way"
      }
    },
    {
      "type": "Feature",
      "geometry": {
        "type": "Point",
        "coordinates": [
          -157.7825939,
          21.2672038
        ]
      },
      "properties": {
        "id": "osm-1204348924",
        "lat": 21.2672038,
        "lon": -157.7825939,
        "name": "",
        "address": "Kolohala Street, Waialae-Kahala, K\u0101hala, East Honolulu, Honolulu, Honolulu County, Hawaii, 96821, United States",
        "neighborhood": "unknown",
        "source": "osm",
        "osm_id": 1204348924,
        "osm_type": "way"
      }
    },
    {
      "type": "Feature",
      "geometry": {
        "type": "Point",
        "coordinates": [
          -157.7851161,
          21.2640839
        ]
      },
      "properties": {
        "id": "osm-1204567104",
        "lat": 21.2640839,
        "lon": -157.7851161,
        "name": "",
        "address": "\u02bbAukai Avenue, Waialae-Kahala, K\u0101hala, East Honolulu, Honolulu, Honolulu County, Hawaii, 96821, United States",
        "neighborhood": "unknown",
        "source": "osm",
        "osm_id": 1204567104,
        "osm_type": "way"
      }
    },
    {
      "type": "Feature",
      "geometry": {
        "type": "Point",
        "coordinates": [
          -157.7854454,
          21.2636707
        ]
      },
      "properties": {
        "id": "osm-1204567185",
        "lat": 21.2636707,
        "lon": -157.7854454,
        "name": "",
        "address": "Kahala Avenue, Waialae-Kahala, Black Point, K\u0101hala, East Honolulu, Honolulu, Honolulu County, Hawaii, 96821, United States",
        "neighborhood": "unknown",
        "source": "osm",
        "osm_id": 1204567185,
        "osm_type": "way"
      }
    },
    {
      "type": "Feature",
      "geometry": {
        "type": "Point",
        "coordinates": [
          -157.7851981,
          21.2638019
        ]
      },
      "properties": {
        "id": "osm-1204567213",
        "lat": 21.2638019,
        "lon": -157.7851981,
        "name": "",
        "address": "Kahala Avenue, Waialae-Kahala, Black Point, K\u0101hala, East Honolulu, Honolulu, Honolulu County, Hawaii, 96821, United States",
        "neighborhood": "unknown",
        "source": "osm",
        "osm_id": 1204567213,
        "osm_type": "way"
      }
    },
    {
      "type": "Feature",
      "geometry": {
        "type": "Point",
        "coordinates": [
          -157.7856999,
          21.2634944
        ]
      },
      "properties": {
        "id": "osm-1204567283",
        "lat": 21.2634944,
        "lon": -157.7856999,
        "name": "",
        "address": "Ulili Street, Waialae-Kahala, K\u0101hala, East Honolulu, Honolulu, Honolulu County, Hawaii, 96821, United States",
        "neighborhood": "unknown",
        "source": "osm",
        "osm_id": 1204567283,
        "osm_type": "way"
      }
    },
    {
      "type": "Feature",
      "geometry": {
        "type": "Point",
        "coordinates": [
          -157.7859459,
          21.26356
        ]
      },
      "properties": {
        "id": "osm-1204568145",
        "lat": 21.26356,
        "lon": -157.7859459,
        "name": "",
        "address": "469, Ulili Street, Waialae-Kahala, K\u0101hala, East Honolulu, Honolulu, Honolulu County, Hawaii, 96816, United States",
        "neighborhood": "unknown",
        "source": "osm",
        "osm_id": 1204568145,
        "osm_type": "way"
      }
    },
    {
      "type": "Feature",
      "geometry": {
        "type": "Point",
        "coordinates": [
          -157.7857607,
          21.2640301
        ]
      },
      "properties": {
        "id": "osm-1204568325",
        "lat": 21.2640301,
        "lon": -157.7857607,
        "name": "",
        "address": "\u02bbAukai Avenue, Waialae-Kahala, K\u0101hala, East Honolulu, Honolulu, Honolulu County, Hawaii, 96821, United States",
        "neighborhood": "unknown",
        "source": "osm",
        "osm_id": 1204568325,
        "osm_type": "way"
      }
    },
    {
      "type": "Feature",
      "geometry": {
        "type": "Point",
        "coordinates": [
          -157.7857392,
          21.26367
        ]
      },
      "properties": {
        "id": "osm-1204568367",
        "lat": 21.26367,
        "lon": -157.7857392,
        "name": "",
        "address": "4563, \u02bbAukai Avenue, Waialae-Kahala, Wailupe, K\u0101hala, East Honolulu, Honolulu, Honolulu County, Hawaii, 96816, United States",
        "neighborhood": "unknown",
        "source": "osm",
        "osm_id": 1204568367,
        "osm_type": "way"
      }
    },
    {
      "type": "Feature",
      "geometry": {
        "type": "Point",
        "coordinates": [
          -157.7852472,
          21.264105
        ]
      },
      "properties": {
        "id": "osm-1204568436",
        "lat": 21.264105,
        "lon": -157.7852472,
        "name": "",
        "address": "\u02bbAukai Avenue, Waialae-Kahala, K\u0101hala, East Honolulu, Honolulu, Honolulu County, Hawaii, 96821, United States",
        "neighborhood": "unknown",
        "source": "osm",
        "osm_id": 1204568436,
        "osm_type": "way"
      }
    },
    {
      "type": "Feature",
      "geometry": {
        "type": "Point",
        "coordinates": [
          -157.7851034,
          21.267199
        ]
      },
      "properties": {
        "id": "osm-1204570903",
        "lat": 21.267199,
        "lon": -157.7851034,
        "name": "",
        "address": "Ulumaika Street, Waialae-Kahala, K\u0101hala, East Honolulu, Honolulu, Honolulu County, Hawaii, 96821, United States",
        "neighborhood": "unknown",
        "source": "osm",
        "osm_id": 1204570903,
        "osm_type": "way"
      }
    },
    {
      "type": "Feature",
      "geometry": {
        "type": "Point",
        "coordinates": [
          -157.7847668,
          21.2671889
        ]
      },
      "properties": {
        "id": "osm-1204570906",
        "lat": 21.2671889,
        "lon": -157.7847668,
        "name": "",
        "address": "Iiwi Street, Waialae-Kahala, K\u0101hala, East Honolulu, Honolulu, Honolulu County, Hawaii, 96821, United States",
        "neighborhood": "unknown",
        "source": "osm",
        "osm_id": 1204570906,
        "osm_type": "way"
      }
    },
    {
      "type": "Feature",
      "geometry": {
        "type": "Point",
        "coordinates": [
          -157.7858923,
          21.2679994
        ]
      },
      "properties": {
        "id": "osm-1204571039",
        "lat": 21.2679994,
        "lon": -157.7858923,
        "name": "",
        "address": "Iiwi Street, Waialae-Kahala, K\u0101hala, East Honolulu, Honolulu, Honolulu County, Hawaii, 96821, United States",
        "neighborhood": "unknown",
        "source": "osm",
        "osm_id": 1204571039,
        "osm_type": "way"
      }
    },
    {
      "type": "Feature",
      "geometry": {
        "type": "Point",
        "coordinates": [
          -157.7856786,
          21.2679283
        ]
      },
      "properties": {
        "id": "osm-1204571040",
        "lat": 21.2679283,
        "lon": -157.7856786,
        "name": "",
        "address": "Iiwi Street, Waialae-Kahala, K\u0101hala, East Honolulu, Honolulu, Honolulu County, Hawaii, 96821, United States",
        "neighborhood": "unknown",
        "source": "osm",
        "osm_id": 1204571040,
        "osm_type": "way"
      }
    },
    {
      "type": "Feature",
      "geometry": {
        "type": "Point",
        "coordinates": [
          -157.7871244,
          21.2679835
        ]
      },
      "properties": {
        "id": "osm-1204571083",
        "lat": 21.2679835,
        "lon": -157.7871244,
        "name": "",
        "address": "745, Ulumaika Street, Waialae-Kahala, K\u0101hala, East Honolulu, Honolulu, Honolulu County, Hawaii, 96816, United States",
        "neighborhood": "unknown",
        "source": "osm",
        "osm_id": 1204571083,
        "osm_type": "way"
      }
    },
    {
      "type": "Feature",
      "geometry": {
        "type": "Point",
        "coordinates": [
          -157.7854782,
          21.2677905
        ]
      },
      "properties": {
        "id": "osm-1204571090",
        "lat": 21.2677905,
        "lon": -157.7854782,
        "name": "",
        "address": "Farmers Road, Waialae-Kahala, K\u0101hala, East Honolulu, Honolulu, Honolulu County, Hawaii, 96821, United States",
        "neighborhood": "unknown",
        "source": "osm",
        "osm_id": 1204571090,
        "osm_type": "way"
      }
    },
    {
      "type": "Feature",
      "geometry": {
        "type": "Point",
        "coordinates": [
          -157.7853819,
          21.2657784
        ]
      },
      "properties": {
        "id": "osm-1204573341",
        "lat": 21.2657784,
        "lon": -157.7853819,
        "name": "",
        "address": "Kolohala Street, Waialae-Kahala, K\u0101hala, East Honolulu, Honolulu, Honolulu County, Hawaii, 96821, United States",
        "neighborhood": "unknown",
        "source": "osm",
        "osm_id": 1204573341,
        "osm_type": "way"
      }
    },
    {
      "type": "Feature",
      "geometry": {
        "type": "Point",
        "coordinates": [
          -157.7853409,
          21.265887
        ]
      },
      "properties": {
        "id": "osm-1204573429",
        "lat": 21.265887,
        "lon": -157.7853409,
        "name": "",
        "address": "Kolohala Street, Waialae-Kahala, K\u0101hala, East Honolulu, Honolulu, Honolulu County, Hawaii, 96821, United States",
        "neighborhood": "unknown",
        "source": "osm",
        "osm_id": 1204573429,
        "osm_type": "way"
      }
    },
    {
      "type": "Feature",
      "geometry": {
        "type": "Point",
        "coordinates": [
          -157.7850863,
          21.2659247
        ]
      },
      "properties": {
        "id": "osm-1204573498",
        "lat": 21.2659247,
        "lon": -157.7850863,
        "name": "",
        "address": "Kolohala Street, Waialae-Kahala, K\u0101hala, East Honolulu, Honolulu, Honolulu County, Hawaii, 96821, United States",
        "neighborhood": "unknown",
        "source": "osm",
        "osm_id": 1204573498,
        "osm_type": "way"
      }
    },
    {
      "type": "Feature",
      "geometry": {
        "type": "Point",
        "coordinates": [
          -157.7845329,
          21.2665536
        ]
      },
      "properties": {
        "id": "osm-1204581252",
        "lat": 21.2665536,
        "lon": -157.7845329,
        "name": "",
        "address": "Kolohala Street, Waialae-Kahala, K\u0101hala, East Honolulu, Honolulu, Honolulu County, Hawaii, 96821, United States",
        "neighborhood": "unknown",
        "source": "osm",
        "osm_id": 1204581252,
        "osm_type": "way"
      }
    },
    {
      "type": "Feature",
      "geometry": {
        "type": "Point",
        "coordinates": [
          -157.7842275,
          21.2667303
        ]
      },
      "properties": {
        "id": "osm-1204581432",
        "lat": 21.2667303,
        "lon": -157.7842275,
        "name": "",
        "address": "Iiwi Street, Waialae-Kahala, K\u0101hala, East Honolulu, Honolulu, Honolulu County, Hawaii, 96821, United States",
        "neighborhood": "unknown",
        "source": "osm",
        "osm_id": 1204581432,
        "osm_type": "way"
      }
    },
    {
      "type": "Feature",
      "geometry": {
        "type": "Point",
        "coordinates": [
          -157.7856956,
          21.2658398
        ]
      },
      "properties": {
        "id": "osm-1204583057",
        "lat": 21.2658398,
        "lon": -157.7856956,
        "name": "",
        "address": "655, Hunakai Street, Waialae-Kahala, K\u0101hala, East Honolulu, Honolulu, Honolulu County, Hawaii, 96816, United States",
        "neighborhood": "unknown",
        "source": "osm",
        "osm_id": 1204583057,
        "osm_type": "way"
      }
    },
    {
      "type": "Feature",
      "geometry": {
        "type": "Point",
        "coordinates": [
          -157.7875133,
          21.2676372
        ]
      },
      "properties": {
        "id": "osm-1204583124",
        "lat": 21.2676372,
        "lon": -157.7875133,
        "name": "",
        "address": "Hunakai Street, Waialae-Kahala, K\u0101hala, East Honolulu, Honolulu, Honolulu County, Hawaii, 96821, United States",
        "neighborhood": "unknown",
        "source": "osm",
        "osm_id": 1204583124,
        "osm_type": "way"
      }
    },
    {
      "type": "Feature",
      "geometry": {
        "type": "Point",
        "coordinates": [
          -157.7873808,
          21.2679768
        ]
      },
      "properties": {
        "id": "osm-1204583231",
        "lat": 21.2679768,
        "lon": -157.7873808,
        "name": "",
        "address": "Onaha Street, Waialae-Kahala, Black Point, K\u0101hala, East Honolulu, Honolulu, Honolulu County, Hawaii, 96821, United States",
        "neighborhood": "unknown",
        "source": "osm",
        "osm_id": 1204583231,
        "osm_type": "way"
      }
    },
    {
      "type": "Feature",
      "geometry": {
        "type": "Point",
        "coordinates": [
          -157.7858206,
          21.2687742
        ]
      },
      "properties": {
        "id": "osm-1204584019",
        "lat": 21.2687742,
        "lon": -157.7858206,
        "name": "",
        "address": "Iiwi Street, Waialae-Kahala, K\u0101hala, East Honolulu, Honolulu, Honolulu County, Hawaii, 96821, United States",
        "neighborhood": "unknown",
        "source": "osm",
        "osm_id": 1204584019,
        "osm_type": "way"
      }
    },
    {
      "type": "Feature",
      "geometry": {
        "type": "Point",
        "coordinates": [
          -157.7861254,
          21.2646135
        ]
      },
      "properties": {
        "id": "osm-1204606033",
        "lat": 21.2646135,
        "lon": -157.7861254,
        "name": "",
        "address": "Kolohala Street, Waialae-Kahala, K\u0101hala, East Honolulu, Honolulu, Honolulu County, Hawaii, 96821, United States",
        "neighborhood": "unknown",
        "source": "osm",
        "osm_id": 1204606033,
        "osm_type": "way"
      }
    },
    {
      "type": "Feature",
      "geometry": {
        "type": "Point",
        "coordinates": [
          -157.785842,
          21.2647446
        ]
      },
      "properties": {
        "id": "osm-1204606109",
        "lat": 21.2647446,
        "lon": -157.785842,
        "name": "",
        "address": "\u02bbAukai Avenue, Waialae-Kahala, Wailupe, K\u0101hala, East Honolulu, Honolulu, Honolulu County, Hawaii, 96821, United States",
        "neighborhood": "unknown",
        "source": "osm",
        "osm_id": 1204606109,
        "osm_type": "way"
      }
    },
    {
      "type": "Feature",
      "geometry": {
        "type": "Point",
        "coordinates": [
          -157.785389,
          21.2648685
        ]
      },
      "properties": {
        "id": "osm-1204606152",
        "lat": 21.2648685,
        "lon": -157.785389,
        "name": "",
        "address": "Hunakai Street, Waialae-Kahala, K\u0101hala, East Honolulu, Honolulu, Honolulu County, Hawaii, 96821, United States",
        "neighborhood": "unknown",
        "source": "osm",
        "osm_id": 1204606152,
        "osm_type": "way"
      }
    },
    {
      "type": "Feature",
      "geometry": {
        "type": "Point",
        "coordinates": [
          -157.7863728,
          21.2644335
        ]
      },
      "properties": {
        "id": "osm-1204618984",
        "lat": 21.2644335,
        "lon": -157.7863728,
        "name": "",
        "address": "Kolohala Street, Waialae-Kahala, K\u0101hala, East Honolulu, Honolulu, Honolulu County, Hawaii, 96821, United States",
        "neighborhood": "unknown",
        "source": "osm",
        "osm_id": 1204618984,
        "osm_type": "way"
      }
    },
    {
      "type": "Feature",
      "geometry": {
        "type": "Point",
        "coordinates": [
          -157.7864159,
          21.263035
        ]
      },
      "properties": {
        "id": "osm-1204720576",
        "lat": 21.263035,
        "lon": -157.7864159,
        "name": "",
        "address": "Kahala Avenue, Waialae-Kahala, Black Point, K\u0101hala, East Honolulu, Honolulu, Honolulu County, Hawaii, 96821, United States",
        "neighborhood": "unknown",
        "source": "osm",
        "osm_id": 1204720576,
        "osm_type": "way"
      }
    },
    {
      "type": "Feature",
      "geometry": {
        "type": "Point",
        "coordinates": [
          -157.7871953,
          21.2628419
        ]
      },
      "properties": {
        "id": "osm-1204720818",
        "lat": 21.2628419,
        "lon": -157.7871953,
        "name": "",
        "address": "Kahala Avenue, Waialae-Kahala, Wailupe, K\u0101hala, East Honolulu, Honolulu, Honolulu County, Hawaii, 96821, United States",
        "neighborhood": "unknown",
        "source": "osm",
        "osm_id": 1204720818,
        "osm_type": "way"
      }
    },
    {
      "type": "Feature",
      "geometry": {
        "type": "Point",
        "coordinates": [
          -157.787173,
          21.2625502
        ]
      },
      "properties": {
        "id": "osm-1204720881",
        "lat": 21.2625502,
        "lon": -157.787173,
        "name": "",
        "address": "Kala Place, Waialae-Kahala, K\u0101hala, East Honolulu, Honolulu, Honolulu County, Hawaii, 96821, United States",
        "neighborhood": "unknown",
        "source": "osm",
        "osm_id": 1204720881,
        "osm_type": "way"
      }
    },
    {
      "type": "Feature",
      "geometry": {
        "type": "Point",
        "coordinates": [
          -157.7866364,
          21.263242
        ]
      },
      "properties": {
        "id": "osm-1204721752",
        "lat": 21.263242,
        "lon": -157.7866364,
        "name": "",
        "address": "\u02bbAukai Avenue, Waialae-Kahala, K\u0101hala, East Honolulu, Honolulu, Honolulu County, Hawaii, 96821, United States",
        "neighborhood": "unknown",
        "source": "osm",
        "osm_id": 1204721752,
        "osm_type": "way"
      }
    },
    {
      "type": "Feature",
      "geometry": {
        "type": "Point",
        "coordinates": [
          -157.7866818,
          21.2629172
        ]
      },
      "properties": {
        "id": "osm-1204722799",
        "lat": 21.2629172,
        "lon": -157.7866818,
        "name": "",
        "address": "Kahala Avenue, Waialae-Kahala, Black Point, K\u0101hala, East Honolulu, Honolulu, Honolulu County, Hawaii, 96821, United States",
        "neighborhood": "unknown",
        "source": "osm",
        "osm_id": 1204722799,
        "osm_type": "way"
      }
    },
    {
      "type": "Feature",
      "geometry": {
        "type": "Point",
        "coordinates": [
          -157.7865589,
          21.2659958
        ]
      },
      "properties": {
        "id": "osm-1204724979",
        "lat": 21.2659958,
        "lon": -157.7865589,
        "name": "",
        "address": "Honua Street, Waialae-Kahala, K\u0101hala, East Honolulu, Honolulu, Honolulu County, Hawaii, 96821, United States",
        "neighborhood": "unknown",
        "source": "osm",
        "osm_id": 1204724979,
        "osm_type": "way"
      }
    },
    {
      "type": "Feature",
      "geometry": {
        "type": "Point",
        "coordinates": [
          -157.7866015,
          21.2656638
        ]
      },
      "properties": {
        "id": "osm-1204725193",
        "lat": 21.2656638,
        "lon": -157.7866015,
        "name": "",
        "address": "Honua Street, Waialae-Kahala, K\u0101hala, East Honolulu, Honolulu, Honolulu County, Hawaii, 96821, United States",
        "neighborhood": "unknown",
        "source": "osm",
        "osm_id": 1204725193,
        "osm_type": "way"
      }
    },
    {
      "type": "Feature",
      "geometry": {
        "type": "Point",
        "coordinates": [
          -157.7861482,
          21.2655653
        ]
      },
      "properties": {
        "id": "osm-1204725231",
        "lat": 21.2655653,
        "lon": -157.7861482,
        "name": "",
        "address": "Hunakai Street, Waialae-Kahala, K\u0101hala, East Honolulu, Honolulu, Honolulu County, Hawaii, 96821, United States",
        "neighborhood": "unknown",
        "source": "osm",
        "osm_id": 1204725231,
        "osm_type": "way"
      }
    },
    {
      "type": "Feature",
      "geometry": {
        "type": "Point",
        "coordinates": [
          -157.7872162,
          21.2667638
        ]
      },
      "properties": {
        "id": "osm-1204726302",
        "lat": 21.2667638,
        "lon": -157.7872162,
        "name": "",
        "address": "Hunakai Street, Waialae-Kahala, K\u0101hala, East Honolulu, Honolulu, Honolulu County, Hawaii, 96821, United States",
        "neighborhood": "unknown",
        "source": "osm",
        "osm_id": 1204726302,
        "osm_type": "way"
      }
    },
    {
      "type": "Feature",
      "geometry": {
        "type": "Point",
        "coordinates": [
          -157.7831516,
          21.2635034
        ]
      },
      "properties": {
        "id": "osm-1204726367",
        "lat": 21.2635034,
        "lon": -157.7831516,
        "name": "",
        "address": "Kahala Avenue, Waialae-Kahala, Black Point, K\u0101hala, East Honolulu, Honolulu, Honolulu County, Hawaii, 96821, United States",
        "neighborhood": "unknown",
        "source": "osm",
        "osm_id": 1204726367,
        "osm_type": "way"
      }
    },
    {
      "type": "Feature",
      "geometry": {
        "type": "Point",
        "coordinates": [
          -157.8261918,
          21.2867725
        ]
      },
      "properties": {
        "id": "osm-1204729761",
        "lat": 21.2867725,
        "lon": -157.8261918,
        "name": "",
        "address": "University Avenue, Moiliili, Waik\u012bk\u012b, Honolulu, Honolulu County, Hawaii, 96926, United States",
        "neighborhood": "honolulu",
        "source": "osm",
        "osm_id": 1204729761,
        "osm_type": "way"
      }
    },
    {
      "type": "Feature",
      "geometry": {
        "type": "Point",
        "coordinates": [
          -157.8258778,
          21.2872561
        ]
      },
      "properties": {
        "id": "osm-1204729762",
        "lat": 21.2872561,
        "lon": -157.8258778,
        "name": "",
        "address": "Ala Wai Skyrise, 555, University Avenue, Waik\u012bk\u012b, East Honolulu, Honolulu, Honolulu County, Hawaii, 96826, United States",
        "neighborhood": "honolulu",
        "source": "osm",
        "osm_id": 1204729762,
        "osm_type": "way"
      }
    },
    {
      "type": "Feature",
      "geometry": {
        "type": "Point",
        "coordinates": [
          -157.8238533,
          21.2859742
        ]
      },
      "properties": {
        "id": "osm-1204731380",
        "lat": 21.2859742,
        "lon": -157.8238533,
        "name": "",
        "address": "\u02bbIolani School, 523, Kamoku Street, Waik\u012bk\u012b, East Honolulu, Honolulu, Honolulu County, Hawaii, 96826, United States",
        "neighborhood": "honolulu",
        "source": "osm",
        "osm_id": 1204731380,
        "osm_type": "way"
      }
    },
    {
      "type": "Feature",
      "geometry": {
        "type": "Point",
        "coordinates": [
          -157.8232037,
          21.2862126
        ]
      },
      "properties": {
        "id": "osm-1204731381",
        "lat": 21.2862126,
        "lon": -157.8232037,
        "name": "",
        "address": "Regency Tower, 2525, Date Street, Waik\u012bk\u012b, East Honolulu, Honolulu, Honolulu County, Hawaii, 96826, United States",
        "neighborhood": "honolulu",
        "source": "osm",
        "osm_id": 1204731381,
        "osm_type": "way"
      }
    },
    {
      "type": "Feature",
      "geometry": {
        "type": "Point",
        "coordinates": [
          -157.787474,
          21.2669
        ]
      },
      "properties": {
        "id": "osm-1204737673",
        "lat": 21.2669,
        "lon": -157.787474,
        "name": "",
        "address": "Hunakai Street, Waialae-Kahala, K\u0101hala, East Honolulu, Honolulu, Honolulu County, Hawaii, 96821, United States",
        "neighborhood": "unknown",
        "source": "osm",
        "osm_id": 1204737673,
        "osm_type": "way"
      }
    },
    {
      "type": "Feature",
      "geometry": {
        "type": "Point",
        "coordinates": [
          -157.7837838,
          21.2671014
        ]
      },
      "properties": {
        "id": "osm-1204743482",
        "lat": 21.2671014,
        "lon": -157.7837838,
        "name": "",
        "address": "Iiwi Street, Waialae-Kahala, Wailupe, K\u0101hala, East Honolulu, Honolulu, Honolulu County, Hawaii, 96821, United States",
        "neighborhood": "unknown",
        "source": "osm",
        "osm_id": 1204743482,
        "osm_type": "way"
      }
    },
    {
      "type": "Feature",
      "geometry": {
        "type": "Point",
        "coordinates": [
          -157.7835745,
          21.268089
        ]
      },
      "properties": {
        "id": "osm-1204743483",
        "lat": 21.268089,
        "lon": -157.7835745,
        "name": "",
        "address": "Koloa Street, Waialae-Kahala, K\u0101hala, East Honolulu, Honolulu, Honolulu County, Hawaii, 96821, United States",
        "neighborhood": "unknown",
        "source": "osm",
        "osm_id": 1204743483,
        "osm_type": "way"
      }
    },
    {
      "type": "Feature",
      "geometry": {
        "type": "Point",
        "coordinates": [
          -157.7831733,
          21.2681935
        ]
      },
      "properties": {
        "id": "osm-1204743484",
        "lat": 21.2681935,
        "lon": -157.7831733,
        "name": "",
        "address": "Noio Street, Waialae-Kahala, K\u0101hala, East Honolulu, Honolulu, Honolulu County, Hawaii, 96821, United States",
        "neighborhood": "unknown",
        "source": "osm",
        "osm_id": 1204743484,
        "osm_type": "way"
      }
    },
    {
      "type": "Feature",
      "geometry": {
        "type": "Point",
        "coordinates": [
          -157.7828247,
          21.2687519
        ]
      },
      "properties": {
        "id": "osm-1204743485",
        "lat": 21.2687519,
        "lon": -157.7828247,
        "name": "",
        "address": "Noio Street, Waialae-Kahala, K\u0101hala, East Honolulu, Honolulu, Honolulu County, Hawaii, 96821, United States",
        "neighborhood": "unknown",
        "source": "osm",
        "osm_id": 1204743485,
        "osm_type": "way"
      }
    },
    {
      "type": "Feature",
      "geometry": {
        "type": "Point",
        "coordinates": [
          -157.7827709,
          21.2680044
        ]
      },
      "properties": {
        "id": "osm-1204743486",
        "lat": 21.2680044,
        "lon": -157.7827709,
        "name": "",
        "address": "Noio Street, Waialae-Kahala, K\u0101hala, East Honolulu, Honolulu, Honolulu County, Hawaii, 96821, United States",
        "neighborhood": "unknown",
        "source": "osm",
        "osm_id": 1204743486,
        "osm_type": "way"
      }
    },
    {
      "type": "Feature",
      "geometry": {
        "type": "Point",
        "coordinates": [
          -157.7867629,
          21.2639667
        ]
      },
      "properties": {
        "id": "osm-1204743500",
        "lat": 21.2639667,
        "lon": -157.7867629,
        "name": "",
        "address": "Ulili Street, Waialae-Kahala, K\u0101hala, East Honolulu, Honolulu, Honolulu County, Hawaii, 96821, United States",
        "neighborhood": "unknown",
        "source": "osm",
        "osm_id": 1204743500,
        "osm_type": "way"
      }
    },
    {
      "type": "Feature",
      "geometry": {
        "type": "Point",
        "coordinates": [
          -157.7876902,
          21.2636629
        ]
      },
      "properties": {
        "id": "osm-1204743893",
        "lat": 21.2636629,
        "lon": -157.7876902,
        "name": "",
        "address": "Honorary Consulate of New Zealand, \u02bbAukai Avenue, Waialae-Kahala, Wailupe, K\u0101hala, East Honolulu, Honolulu, Honolulu County, Hawaii, 96821, United States",
        "neighborhood": "unknown",
        "source": "osm",
        "osm_id": 1204743893,
        "osm_type": "way"
      }
    },
    {
      "type": "Feature",
      "geometry": {
        "type": "Point",
        "coordinates": [
          -157.788299,
          21.2631943
        ]
      },
      "properties": {
        "id": "osm-1204744094",
        "lat": 21.2631943,
        "lon": -157.788299,
        "name": "",
        "address": "\u02bbAukai Avenue, Waialae-Kahala, K\u0101hala, East Honolulu, Honolulu, Honolulu County, Hawaii, 96821, United States",
        "neighborhood": "unknown",
        "source": "osm",
        "osm_id": 1204744094,
        "osm_type": "way"
      }
    },
    {
      "type": "Feature",
      "geometry": {
        "type": "Point",
        "coordinates": [
          -157.7879835,
          21.263204
        ]
      },
      "properties": {
        "id": "osm-1204744102",
        "lat": 21.263204,
        "lon": -157.7879835,
        "name": "",
        "address": "\u02bbAukai Avenue, Waialae-Kahala, K\u0101hala, East Honolulu, Honolulu, Honolulu County, Hawaii, 96821, United States",
        "neighborhood": "unknown",
        "source": "osm",
        "osm_id": 1204744102,
        "osm_type": "way"
      }
    },
    {
      "type": "Feature",
      "geometry": {
        "type": "Point",
        "coordinates": [
          -157.7879434,
          21.263512
        ]
      },
      "properties": {
        "id": "osm-1204744130",
        "lat": 21.263512,
        "lon": -157.7879434,
        "name": "",
        "address": "Honorary Consulate of New Zealand, \u02bbAukai Avenue, Waialae-Kahala, Wailupe, K\u0101hala, East Honolulu, Honolulu, Honolulu County, Hawaii, 96821, United States",
        "neighborhood": "unknown",
        "source": "osm",
        "osm_id": 1204744130,
        "osm_type": "way"
      }
    },
    {
      "type": "Feature",
      "geometry": {
        "type": "Point",
        "coordinates": [
          -157.7892432,
          21.2625946
        ]
      },
      "properties": {
        "id": "osm-1204744155",
        "lat": 21.2625946,
        "lon": -157.7892432,
        "name": "",
        "address": "Elepaio Street, Waialae-Kahala, Black Point, K\u0101hala, East Honolulu, Honolulu, Honolulu County, Hawaii, 96828, United States",
        "neighborhood": "unknown",
        "source": "osm",
        "osm_id": 1204744155,
        "osm_type": "way"
      }
    },
    {
      "type": "Feature",
      "geometry": {
        "type": "Point",
        "coordinates": [
          -157.7888914,
          21.2628946
        ]
      },
      "properties": {
        "id": "osm-1204744197",
        "lat": 21.2628946,
        "lon": -157.7888914,
        "name": "",
        "address": "4456, \u02bbAukai Avenue, Waialae-Kahala, Wailupe, K\u0101hala, East Honolulu, Honolulu, Honolulu County, Hawaii, 96816, United States",
        "neighborhood": "unknown",
        "source": "osm",
        "osm_id": 1204744197,
        "osm_type": "way"
      }
    },
    {
      "type": "Feature",
      "geometry": {
        "type": "Point",
        "coordinates": [
          -157.7886773,
          21.2629954
        ]
      },
      "properties": {
        "id": "osm-1204744270",
        "lat": 21.2629954,
        "lon": -157.7886773,
        "name": "",
        "address": "\u02bbAukai Avenue, Waialae-Kahala, K\u0101hala, East Honolulu, Honolulu, Honolulu County, Hawaii, 96821, United States",
        "neighborhood": "unknown",
        "source": "osm",
        "osm_id": 1204744270,
        "osm_type": "way"
      }
    },
    {
      "type": "Feature",
      "geometry": {
        "type": "Point",
        "coordinates": [
          -157.7889879,
          21.2627745
        ]
      },
      "properties": {
        "id": "osm-1204744450",
        "lat": 21.2627745,
        "lon": -157.7889879,
        "name": "",
        "address": "\u02bbAukai Avenue, Waialae-Kahala, K\u0101hala, East Honolulu, Honolulu, Honolulu County, Hawaii, 96821, United States",
        "neighborhood": "unknown",
        "source": "osm",
        "osm_id": 1204744450,
        "osm_type": "way"
      }
    },
    {
      "type": "Feature",
      "geometry": {
        "type": "Point",
        "coordinates": [
          -157.7884736,
          21.2632503
        ]
      },
      "properties": {
        "id": "osm-1204744469",
        "lat": 21.2632503,
        "lon": -157.7884736,
        "name": "",
        "address": "Kolohala Street, Waialae-Kahala, K\u0101hala, East Honolulu, Honolulu, Honolulu County, Hawaii, 96821, United States",
        "neighborhood": "unknown",
        "source": "osm",
        "osm_id": 1204744469,
        "osm_type": "way"
      }
    },
    {
      "type": "Feature",
      "geometry": {
        "type": "Point",
        "coordinates": [
          -157.788682,
          21.2631733
        ]
      },
      "properties": {
        "id": "osm-1204744479",
        "lat": 21.2631733,
        "lon": -157.788682,
        "name": "",
        "address": "4459, Kolohala Street, Waialae-Kahala, Wailupe, K\u0101hala, East Honolulu, Honolulu, Honolulu County, Hawaii, 96816, United States",
        "neighborhood": "unknown",
        "source": "osm",
        "osm_id": 1204744479,
        "osm_type": "way"
      }
    },
    {
      "type": "Feature",
      "geometry": {
        "type": "Point",
        "coordinates": [
          -157.7876794,
          21.2644438
        ]
      },
      "properties": {
        "id": "osm-1204744504",
        "lat": 21.2644438,
        "lon": -157.7876794,
        "name": "",
        "address": "Kolohala Street, Waialae-Kahala, Wailupe, K\u0101hala, East Honolulu, Honolulu, Honolulu County, Hawaii, 96821, United States",
        "neighborhood": "unknown",
        "source": "osm",
        "osm_id": 1204744504,
        "osm_type": "way"
      }
    },
    {
      "type": "Feature",
      "geometry": {
        "type": "Point",
        "coordinates": [
          -157.788564,
          21.2645528
        ]
      },
      "properties": {
        "id": "osm-1204744541",
        "lat": 21.2645528,
        "lon": -157.788564,
        "name": "",
        "address": "Kuana Street, Waialae-Kahala, K\u0101hala, East Honolulu, Honolulu, Honolulu County, Hawaii, 96821, United States",
        "neighborhood": "unknown",
        "source": "osm",
        "osm_id": 1204744541,
        "osm_type": "way"
      }
    },
    {
      "type": "Feature",
      "geometry": {
        "type": "Point",
        "coordinates": [
          -157.7887852,
          21.2645489
        ]
      },
      "properties": {
        "id": "osm-1204744615",
        "lat": 21.2645489,
        "lon": -157.7887852,
        "name": "",
        "address": "633, Onaha Street, Waialae-Kahala, K\u0101hala, East Honolulu, Honolulu, Honolulu County, Hawaii, 96816, United States",
        "neighborhood": "unknown",
        "source": "osm",
        "osm_id": 1204744615,
        "osm_type": "way"
      }
    },
    {
      "type": "Feature",
      "geometry": {
        "type": "Point",
        "coordinates": [
          -157.7884226,
          21.2642303
        ]
      },
      "properties": {
        "id": "osm-1204744624",
        "lat": 21.2642303,
        "lon": -157.7884226,
        "name": "",
        "address": "Kuana Street, Waialae-Kahala, K\u0101hala, East Honolulu, Honolulu, Honolulu County, Hawaii, 96821, United States",
        "neighborhood": "unknown",
        "source": "osm",
        "osm_id": 1204744624,
        "osm_type": "way"
      }
    },
    {
      "type": "Feature",
      "geometry": {
        "type": "Point",
        "coordinates": [
          -157.7890335,
          21.2650469
        ]
      },
      "properties": {
        "id": "osm-1204744833",
        "lat": 21.2650469,
        "lon": -157.7890335,
        "name": "",
        "address": "Onaha Street, Waialae-Kahala, Black Point, K\u0101hala, East Honolulu, Honolulu, Honolulu County, Hawaii, 96821, United States",
        "neighborhood": "unknown",
        "source": "osm",
        "osm_id": 1204744833,
        "osm_type": "way"
      }
    },
    {
      "type": "Feature",
      "geometry": {
        "type": "Point",
        "coordinates": [
          -157.7891414,
          21.2655387
        ]
      },
      "properties": {
        "id": "osm-1204745489",
        "lat": 21.2655387,
        "lon": -157.7891414,
        "name": "",
        "address": "Onaha Street, Waialae-Kahala, Black Point, K\u0101hala, East Honolulu, Honolulu, Honolulu County, Hawaii, 96821, United States",
        "neighborhood": "unknown",
        "source": "osm",
        "osm_id": 1204745489,
        "osm_type": "way"
      }
    },
    {
      "type": "Feature",
      "geometry": {
        "type": "Point",
        "coordinates": [
          -157.7874666,
          21.2653356
        ]
      },
      "properties": {
        "id": "osm-1204745536",
        "lat": 21.2653356,
        "lon": -157.7874666,
        "name": "",
        "address": "669, Ulili Street, Waialae-Kahala, K\u0101hala, East Honolulu, Honolulu, Honolulu County, Hawaii, 96816, United States",
        "neighborhood": "unknown",
        "source": "osm",
        "osm_id": 1204745536,
        "osm_type": "way"
      }
    },
    {
      "type": "Feature",
      "geometry": {
        "type": "Point",
        "coordinates": [
          -157.784915,
          21.2684338
        ]
      },
      "properties": {
        "id": "osm-1204745639",
        "lat": 21.2684338,
        "lon": -157.784915,
        "name": "",
        "address": "4570, Farmers Road, Waialae-Kahala, Wailupe, K\u0101hala, East Honolulu, Honolulu, Honolulu County, Hawaii, 96816, United States",
        "neighborhood": "unknown",
        "source": "osm",
        "osm_id": 1204745639,
        "osm_type": "way"
      }
    },
    {
      "type": "Feature",
      "geometry": {
        "type": "Point",
        "coordinates": [
          -157.7850725,
          21.2682548
        ]
      },
      "properties": {
        "id": "osm-1204745659",
        "lat": 21.2682548,
        "lon": -157.7850725,
        "name": "",
        "address": "Iiwi Street, Waialae-Kahala, K\u0101hala, East Honolulu, Honolulu, Honolulu County, Hawaii, 96821, United States",
        "neighborhood": "unknown",
        "source": "osm",
        "osm_id": 1204745659,
        "osm_type": "way"
      }
    },
    {
      "type": "Feature",
      "geometry": {
        "type": "Point",
        "coordinates": [
          -157.7853367,
          21.2682699
        ]
      },
      "properties": {
        "id": "osm-1204745673",
        "lat": 21.2682699,
        "lon": -157.7853367,
        "name": "",
        "address": "Iiwi Street, Waialae-Kahala, K\u0101hala, East Honolulu, Honolulu, Honolulu County, Hawaii, 96821, United States",
        "neighborhood": "unknown",
        "source": "osm",
        "osm_id": 1204745673,
        "osm_type": "way"
      }
    },
    {
      "type": "Feature",
      "geometry": {
        "type": "Point",
        "coordinates": [
          -157.7856531,
          21.2686571
        ]
      },
      "properties": {
        "id": "osm-1204745916",
        "lat": 21.2686571,
        "lon": -157.7856531,
        "name": "",
        "address": "1041, Iiwi Street, Waialae-Kahala, Wailupe, K\u0101hala, East Honolulu, Honolulu, Honolulu County, Hawaii, 96816, United States",
        "neighborhood": "unknown",
        "source": "osm",
        "osm_id": 1204745916,
        "osm_type": "way"
      }
    },
    {
      "type": "Feature",
      "geometry": {
        "type": "Point",
        "coordinates": [
          -157.785325,
          21.268472
        ]
      },
      "properties": {
        "id": "osm-1204745924",
        "lat": 21.268472,
        "lon": -157.785325,
        "name": "",
        "address": "1023, Iiwi Street, Waialae-Kahala, Wailupe, K\u0101hala, East Honolulu, Honolulu, Honolulu County, Hawaii, 96816, United States",
        "neighborhood": "unknown",
        "source": "osm",
        "osm_id": 1204745924,
        "osm_type": "way"
      }
    },
    {
      "type": "Feature",
      "geometry": {
        "type": "Point",
        "coordinates": [
          -157.7831109,
          21.2674994
        ]
      },
      "properties": {
        "id": "osm-1204745958",
        "lat": 21.2674994,
        "lon": -157.7831109,
        "name": "",
        "address": "Koloa Street, Waialae-Kahala, K\u0101hala, East Honolulu, Honolulu, Honolulu County, Hawaii, 96821, United States",
        "neighborhood": "unknown",
        "source": "osm",
        "osm_id": 1204745958,
        "osm_type": "way"
      }
    },
    {
      "type": "Feature",
      "geometry": {
        "type": "Point",
        "coordinates": [
          -157.7831648,
          21.2678846
        ]
      },
      "properties": {
        "id": "osm-1204746012",
        "lat": 21.2678846,
        "lon": -157.7831648,
        "name": "",
        "address": "Koloa Street, Waialae-Kahala, K\u0101hala, East Honolulu, Honolulu, Honolulu County, Hawaii, 96821, United States",
        "neighborhood": "unknown",
        "source": "osm",
        "osm_id": 1204746012,
        "osm_type": "way"
      }
    },
    {
      "type": "Feature",
      "geometry": {
        "type": "Point",
        "coordinates": [
          -157.7841026,
          21.2684946
        ]
      },
      "properties": {
        "id": "osm-1204746112",
        "lat": 21.2684946,
        "lon": -157.7841026,
        "name": "",
        "address": "Koloa Street, Waialae-Kahala, K\u0101hala, East Honolulu, Honolulu, Honolulu County, Hawaii, 96821, United States",
        "neighborhood": "unknown",
        "source": "osm",
        "osm_id": 1204746112,
        "osm_type": "way"
      }
    },
    {
      "type": "Feature",
      "geometry": {
        "type": "Point",
        "coordinates": [
          -157.7838511,
          21.2687871
        ]
      },
      "properties": {
        "id": "osm-1204746113",
        "lat": 21.2687871,
        "lon": -157.7838511,
        "name": "",
        "address": "Noio Street, Waialae-Kahala, K\u0101hala, East Honolulu, Honolulu, Honolulu County, Hawaii, 96821, United States",
        "neighborhood": "unknown",
        "source": "osm",
        "osm_id": 1204746113,
        "osm_type": "way"
      }
    },
    {
      "type": "Feature",
      "geometry": {
        "type": "Point",
        "coordinates": [
          -157.7824395,
          21.2673543
        ]
      },
      "properties": {
        "id": "osm-1204746158",
        "lat": 21.2673543,
        "lon": -157.7824395,
        "name": "",
        "address": "Kolohala Street, Waialae-Kahala, K\u0101hala, East Honolulu, Honolulu, Honolulu County, Hawaii, 96821, United States",
        "neighborhood": "unknown",
        "source": "osm",
        "osm_id": 1204746158,
        "osm_type": "way"
      }
    },
    {
      "type": "Feature",
      "geometry": {
        "type": "Point",
        "coordinates": [
          -157.7811751,
          21.2673733
        ]
      },
      "properties": {
        "id": "osm-1204746182",
        "lat": 21.2673733,
        "lon": -157.7811751,
        "name": "",
        "address": "\u02bbAukai Avenue, Waialae-Kahala, Wailupe, K\u0101hala, East Honolulu, Honolulu, Honolulu County, Hawaii, 96821, United States",
        "neighborhood": "unknown",
        "source": "osm",
        "osm_id": 1204746182,
        "osm_type": "way"
      }
    },
    {
      "type": "Feature",
      "geometry": {
        "type": "Point",
        "coordinates": [
          -157.7814402,
          21.2667494
        ]
      },
      "properties": {
        "id": "osm-1204746227",
        "lat": 21.2667494,
        "lon": -157.7814402,
        "name": "",
        "address": "Kahala Avenue, Waialae-Kahala, Black Point, K\u0101hala, East Honolulu, Honolulu, Honolulu County, Hawaii, 96821, United States",
        "neighborhood": "unknown",
        "source": "osm",
        "osm_id": 1204746227,
        "osm_type": "way"
      }
    },
    {
      "type": "Feature",
      "geometry": {
        "type": "Point",
        "coordinates": [
          -157.7817703,
          21.2666017
        ]
      },
      "properties": {
        "id": "osm-1204746281",
        "lat": 21.2666017,
        "lon": -157.7817703,
        "name": "",
        "address": "\u02bbAukai Avenue, Waialae-Kahala, K\u0101hala, East Honolulu, Honolulu, Honolulu County, Hawaii, 96821, United States",
        "neighborhood": "unknown",
        "source": "osm",
        "osm_id": 1204746281,
        "osm_type": "way"
      }
    },
    {
      "type": "Feature",
      "geometry": {
        "type": "Point",
        "coordinates": [
          -157.781616,
          21.2664185
        ]
      },
      "properties": {
        "id": "osm-1204746370",
        "lat": 21.2664185,
        "lon": -157.781616,
        "name": "",
        "address": "Kahala Avenue, Waialae-Kahala, Black Point, K\u0101hala, East Honolulu, Honolulu, Honolulu County, Hawaii, 96821, United States",
        "neighborhood": "unknown",
        "source": "osm",
        "osm_id": 1204746370,
        "osm_type": "way"
      }
    },
    {
      "type": "Feature",
      "geometry": {
        "type": "Point",
        "coordinates": [
          -157.7823213,
          21.2658985
        ]
      },
      "properties": {
        "id": "osm-1204746464",
        "lat": 21.2658985,
        "lon": -157.7823213,
        "name": "",
        "address": "Koloa Street, Waialae-Kahala, K\u0101hala, East Honolulu, Honolulu, Honolulu County, Hawaii, 96821, United States",
        "neighborhood": "unknown",
        "source": "osm",
        "osm_id": 1204746464,
        "osm_type": "way"
      }
    },
    {
      "type": "Feature",
      "geometry": {
        "type": "Point",
        "coordinates": [
          -157.7824594,
          21.2660391
        ]
      },
      "properties": {
        "id": "osm-1204746529",
        "lat": 21.2660391,
        "lon": -157.7824594,
        "name": "",
        "address": "670, Koloa Street, Waialae-Kahala, Wailupe, K\u0101hala, East Honolulu, Honolulu, Honolulu County, Hawaii, 96816, United States",
        "neighborhood": "unknown",
        "source": "osm",
        "osm_id": 1204746529,
        "osm_type": "way"
      }
    },
    {
      "type": "Feature",
      "geometry": {
        "type": "Point",
        "coordinates": [
          -157.7828092,
          21.2658077
        ]
      },
      "properties": {
        "id": "osm-1204746533",
        "lat": 21.2658077,
        "lon": -157.7828092,
        "name": "",
        "address": "Kahala Avenue, Waialae-Kahala, Wailupe, K\u0101hala, East Honolulu, Honolulu, Honolulu County, Hawaii, 96821, United States",
        "neighborhood": "unknown",
        "source": "osm",
        "osm_id": 1204746533,
        "osm_type": "way"
      }
    },
    {
      "type": "Feature",
      "geometry": {
        "type": "Point",
        "coordinates": [
          -157.7830675,
          21.265603
        ]
      },
      "properties": {
        "id": "osm-1204746556",
        "lat": 21.265603,
        "lon": -157.7830675,
        "name": "",
        "address": "\u02bbAukai Avenue, Waialae-Kahala, K\u0101hala, East Honolulu, Honolulu, Honolulu County, Hawaii, 96821, United States",
        "neighborhood": "unknown",
        "source": "osm",
        "osm_id": 1204746556,
        "osm_type": "way"
      }
    },
    {
      "type": "Feature",
      "geometry": {
        "type": "Point",
        "coordinates": [
          -157.7827042,
          21.2655443
        ]
      },
      "properties": {
        "id": "osm-1204746585",
        "lat": 21.2655443,
        "lon": -157.7827042,
        "name": "",
        "address": "Kahala Avenue, Waialae-Kahala, Black Point, K\u0101hala, East Honolulu, Honolulu, Honolulu County, Hawaii, 96821, United States",
        "neighborhood": "unknown",
        "source": "osm",
        "osm_id": 1204746585,
        "osm_type": "way"
      }
    },
    {
      "type": "Feature",
      "geometry": {
        "type": "Point",
        "coordinates": [
          -157.7841547,
          21.2646526
        ]
      },
      "properties": {
        "id": "osm-1204746657",
        "lat": 21.2646526,
        "lon": -157.7841547,
        "name": "",
        "address": "Kahala Avenue, Waialae-Kahala, Black Point, K\u0101hala, East Honolulu, Honolulu, Honolulu County, Hawaii, 96821, United States",
        "neighborhood": "unknown",
        "source": "osm",
        "osm_id": 1204746657,
        "osm_type": "way"
      }
    },
    {
      "type": "Feature",
      "geometry": {
        "type": "Point",
        "coordinates": [
          -157.7843792,
          21.2646898
        ]
      },
      "properties": {
        "id": "osm-1204747177",
        "lat": 21.2646898,
        "lon": -157.7843792,
        "name": "",
        "address": "\u02bbAukai Avenue, Waialae-Kahala, K\u0101hala, East Honolulu, Honolulu, Honolulu County, Hawaii, 96821, United States",
        "neighborhood": "unknown",
        "source": "osm",
        "osm_id": 1204747177,
        "osm_type": "way"
      }
    },
    {
      "type": "Feature",
      "geometry": {
        "type": "Point",
        "coordinates": [
          -157.7839159,
          21.2647847
        ]
      },
      "properties": {
        "id": "osm-1204747232",
        "lat": 21.2647847,
        "lon": -157.7839159,
        "name": "",
        "address": "Kahala Avenue, Waialae-Kahala, Black Point, K\u0101hala, East Honolulu, Honolulu, Honolulu County, Hawaii, 96821, United States",
        "neighborhood": "unknown",
        "source": "osm",
        "osm_id": 1204747232,
        "osm_type": "way"
      }
    },
    {
      "type": "Feature",
      "geometry": {
        "type": "Point",
        "coordinates": [
          -157.7825256,
          21.266808
        ]
      },
      "properties": {
        "id": "osm-1204747296",
        "lat": 21.266808,
        "lon": -157.7825256,
        "name": "",
        "address": "Koloa Street, Waialae-Kahala, K\u0101hala, East Honolulu, Honolulu, Honolulu County, Hawaii, 96821, United States",
        "neighborhood": "unknown",
        "source": "osm",
        "osm_id": 1204747296,
        "osm_type": "way"
      }
    },
    {
      "type": "Feature",
      "geometry": {
        "type": "Point",
        "coordinates": [
          -157.7846568,
          21.2654152
        ]
      },
      "properties": {
        "id": "osm-1204747321",
        "lat": 21.2654152,
        "lon": -157.7846568,
        "name": "",
        "address": "\u02bbAukai Avenue, Waialae-Kahala, K\u0101hala, East Honolulu, Honolulu, Honolulu County, Hawaii, 96821, United States",
        "neighborhood": "unknown",
        "source": "osm",
        "osm_id": 1204747321,
        "osm_type": "way"
      }
    },
    {
      "type": "Feature",
      "geometry": {
        "type": "Point",
        "coordinates": [
          -157.7847781,
          21.2652014
        ]
      },
      "properties": {
        "id": "osm-1204747331",
        "lat": 21.2652014,
        "lon": -157.7847781,
        "name": "",
        "address": "\u02bbAukai Avenue, Waialae-Kahala, K\u0101hala, East Honolulu, Honolulu, Honolulu County, Hawaii, 96821, United States",
        "neighborhood": "unknown",
        "source": "osm",
        "osm_id": 1204747331,
        "osm_type": "way"
      }
    },
    {
      "type": "Feature",
      "geometry": {
        "type": "Point",
        "coordinates": [
          -157.7839977,
          21.2659082
        ]
      },
      "properties": {
        "id": "osm-1204747432",
        "lat": 21.2659082,
        "lon": -157.7839977,
        "name": "",
        "address": "\u02bbAukai Avenue, Waialae-Kahala, K\u0101hala, East Honolulu, Honolulu, Honolulu County, Hawaii, 96821, United States",
        "neighborhood": "unknown",
        "source": "osm",
        "osm_id": 1204747432,
        "osm_type": "way"
      }
    },
    {
      "type": "Feature",
      "geometry": {
        "type": "Point",
        "coordinates": [
          -157.7834386,
          21.266284
        ]
      },
      "properties": {
        "id": "osm-1204747524",
        "lat": 21.266284,
        "lon": -157.7834386,
        "name": "",
        "address": "4672, \u02bbAukai Avenue, Waialae-Kahala, Wailupe, K\u0101hala, East Honolulu, Honolulu, Honolulu County, Hawaii, 96816, United States",
        "neighborhood": "unknown",
        "source": "osm",
        "osm_id": 1204747524,
        "osm_type": "way"
      }
    },
    {
      "type": "Feature",
      "geometry": {
        "type": "Point",
        "coordinates": [
          -157.7836074,
          21.2661472
        ]
      },
      "properties": {
        "id": "osm-1204747994",
        "lat": 21.2661472,
        "lon": -157.7836074,
        "name": "",
        "address": "\u02bbAukai Avenue, Waialae-Kahala, K\u0101hala, East Honolulu, Honolulu, Honolulu County, Hawaii, 96821, United States",
        "neighborhood": "unknown",
        "source": "osm",
        "osm_id": 1204747994,
        "osm_type": "way"
      }
    },
    {
      "type": "Feature",
      "geometry": {
        "type": "Point",
        "coordinates": [
          -157.783823,
          21.2660048
        ]
      },
      "properties": {
        "id": "osm-1204748063",
        "lat": 21.2660048,
        "lon": -157.783823,
        "name": "",
        "address": "\u02bbAukai Avenue, Waialae-Kahala, K\u0101hala, East Honolulu, Honolulu, Honolulu County, Hawaii, 96821, United States",
        "neighborhood": "unknown",
        "source": "osm",
        "osm_id": 1204748063,
        "osm_type": "way"
      }
    },
    {
      "type": "Feature",
      "geometry": {
        "type": "Point",
        "coordinates": [
          -157.7832478,
          21.2664246
        ]
      },
      "properties": {
        "id": "osm-1204748191",
        "lat": 21.2664246,
        "lon": -157.7832478,
        "name": "",
        "address": "\u02bbAukai Avenue, Waialae-Kahala, K\u0101hala, East Honolulu, Honolulu, Honolulu County, Hawaii, 96821, United States",
        "neighborhood": "unknown",
        "source": "osm",
        "osm_id": 1204748191,
        "osm_type": "way"
      }
    },
    {
      "type": "Feature",
      "geometry": {
        "type": "Point",
        "coordinates": [
          -157.7829257,
          21.2666175
        ]
      },
      "properties": {
        "id": "osm-1204750973",
        "lat": 21.2666175,
        "lon": -157.7829257,
        "name": "",
        "address": "780, Koloa Street, Waialae-Kahala, Wailupe, K\u0101hala, East Honolulu, Honolulu, Honolulu County, Hawaii, 96816, United States",
        "neighborhood": "unknown",
        "source": "osm",
        "osm_id": 1204750973,
        "osm_type": "way"
      }
    },
    {
      "type": "Feature",
      "geometry": {
        "type": "Point",
        "coordinates": [
          -157.7841353,
          21.2657243
        ]
      },
      "properties": {
        "id": "osm-1204751180",
        "lat": 21.2657243,
        "lon": -157.7841353,
        "name": "",
        "address": "\u02bbAukai Avenue, Waialae-Kahala, K\u0101hala, East Honolulu, Honolulu, Honolulu County, Hawaii, 96821, United States",
        "neighborhood": "unknown",
        "source": "osm",
        "osm_id": 1204751180,
        "osm_type": "way"
      }
    },
    {
      "type": "Feature",
      "geometry": {
        "type": "Point",
        "coordinates": [
          -157.8166458,
          21.2584239
        ]
      },
      "properties": {
        "id": "osm-1204781722",
        "lat": 21.2584239,
        "lon": -157.8166458,
        "name": "",
        "address": "M\u0101k\u0101lei Place, East Honolulu, Honolulu, Honolulu County, Hawaii, 96828, United States",
        "neighborhood": "unknown",
        "source": "osm",
        "osm_id": 1204781722,
        "osm_type": "way"
      }
    },
    {
      "type": "Feature",
      "geometry": {
        "type": "Point",
        "coordinates": [
          -157.7850869,
          21.265135
        ]
      },
      "properties": {
        "id": "osm-1204795975",
        "lat": 21.265135,
        "lon": -157.7850869,
        "name": "",
        "address": "557, Hunakai Street, Waialae-Kahala, K\u0101hala, East Honolulu, Honolulu, Honolulu County, Hawaii, 96816, United States",
        "neighborhood": "unknown",
        "source": "osm",
        "osm_id": 1204795975,
        "osm_type": "way"
      }
    },
    {
      "type": "Feature",
      "geometry": {
        "type": "Point",
        "coordinates": [
          -157.7851066,
          21.2652861
        ]
      },
      "properties": {
        "id": "osm-1204795983",
        "lat": 21.2652861,
        "lon": -157.7851066,
        "name": "",
        "address": "Kolohala Street, Waialae-Kahala, K\u0101hala, East Honolulu, Honolulu, Honolulu County, Hawaii, 96821, United States",
        "neighborhood": "unknown",
        "source": "osm",
        "osm_id": 1204795983,
        "osm_type": "way"
      }
    },
    {
      "type": "Feature",
      "geometry": {
        "type": "Point",
        "coordinates": [
          -157.7752291,
          21.2708815
        ]
      },
      "properties": {
        "id": "osm-1204804636",
        "lat": 21.2708815,
        "lon": -157.7752291,
        "name": "",
        "address": "Kahala Avenue, Waialae-Kahala, K\u0101hala, East Honolulu, Honolulu, Honolulu County, Hawaii, 96821, United States",
        "neighborhood": "kahala",
        "source": "osm",
        "osm_id": 1204804636,
        "osm_type": "way"
      }
    },
    {
      "type": "Feature",
      "geometry": {
        "type": "Point",
        "coordinates": [
          -157.7831133,
          21.2665013
        ]
      },
      "properties": {
        "id": "osm-1204807094",
        "lat": 21.2665013,
        "lon": -157.7831133,
        "name": "",
        "address": "4686, \u02bbAukai Avenue, Waialae-Kahala, Wailupe, K\u0101hala, East Honolulu, Honolulu, Honolulu County, Hawaii, 96816, United States",
        "neighborhood": "unknown",
        "source": "osm",
        "osm_id": 1204807094,
        "osm_type": "way"
      }
    },
    {
      "type": "Feature",
      "geometry": {
        "type": "Point",
        "coordinates": [
          -157.7843853,
          21.2657804
        ]
      },
      "properties": {
        "id": "osm-1204807422",
        "lat": 21.2657804,
        "lon": -157.7843853,
        "name": "",
        "address": "Kolohala Street, Waialae-Kahala, K\u0101hala, East Honolulu, Honolulu, Honolulu County, Hawaii, 96821, United States",
        "neighborhood": "unknown",
        "source": "osm",
        "osm_id": 1204807422,
        "osm_type": "way"
      }
    },
    {
      "type": "Feature",
      "geometry": {
        "type": "Point",
        "coordinates": [
          -157.7818557,
          21.266001
        ]
      },
      "properties": {
        "id": "osm-1204807592",
        "lat": 21.266001,
        "lon": -157.7818557,
        "name": "",
        "address": "Koloa Street, Waialae-Kahala, K\u0101hala, East Honolulu, Honolulu, Honolulu County, Hawaii, 96821, United States",
        "neighborhood": "unknown",
        "source": "osm",
        "osm_id": 1204807592,
        "osm_type": "way"
      }
    },
    {
      "type": "Feature",
      "geometry": {
        "type": "Point",
        "coordinates": [
          -157.7825045,
          21.2657967
        ]
      },
      "properties": {
        "id": "osm-1204807754",
        "lat": 21.2657967,
        "lon": -157.7825045,
        "name": "",
        "address": "Koloa Street, Waialae-Kahala, K\u0101hala, East Honolulu, Honolulu, Honolulu County, Hawaii, 96821, United States",
        "neighborhood": "unknown",
        "source": "osm",
        "osm_id": 1204807754,
        "osm_type": "way"
      }
    },
    {
      "type": "Feature",
      "geometry": {
        "type": "Point",
        "coordinates": [
          -157.7830042,
          21.2653177
        ]
      },
      "properties": {
        "id": "osm-1204808028",
        "lat": 21.2653177,
        "lon": -157.7830042,
        "name": "",
        "address": "Kahala Avenue, Waialae-Kahala, Black Point, K\u0101hala, East Honolulu, Honolulu, Honolulu County, Hawaii, 96821, United States",
        "neighborhood": "unknown",
        "source": "osm",
        "osm_id": 1204808028,
        "osm_type": "way"
      }
    },
    {
      "type": "Feature",
      "geometry": {
        "type": "Point",
        "coordinates": [
          -157.7840377,
          21.2649877
        ]
      },
      "properties": {
        "id": "osm-1204813360",
        "lat": 21.2649877,
        "lon": -157.7840377,
        "name": "",
        "address": "\u02bbAukai Avenue, Waialae-Kahala, K\u0101hala, East Honolulu, Honolulu, Honolulu County, Hawaii, 96821, United States",
        "neighborhood": "unknown",
        "source": "osm",
        "osm_id": 1204813360,
        "osm_type": "way"
      }
    },
    {
      "type": "Feature",
      "geometry": {
        "type": "Point",
        "coordinates": [
          -157.788487,
          21.2631113
        ]
      },
      "properties": {
        "id": "osm-1204988788",
        "lat": 21.2631113,
        "lon": -157.788487,
        "name": "",
        "address": "Kolohala Street, Waialae-Kahala, K\u0101hala, East Honolulu, Honolulu, Honolulu County, Hawaii, 96821, United States",
        "neighborhood": "unknown",
        "source": "osm",
        "osm_id": 1204988788,
        "osm_type": "way"
      }
    },
    {
      "type": "Feature",
      "geometry": {
        "type": "Point",
        "coordinates": [
          -157.7897114,
          21.2610921
        ]
      },
      "properties": {
        "id": "osm-1204993392",
        "lat": 21.2610921,
        "lon": -157.7897114,
        "name": "",
        "address": "Elepaio Street, Waialae-Kahala, Black Point, K\u0101hala, East Honolulu, Honolulu, Honolulu County, Hawaii, 96828, United States",
        "neighborhood": "unknown",
        "source": "osm",
        "osm_id": 1204993392,
        "osm_type": "way"
      }
    },
    {
      "type": "Feature",
      "geometry": {
        "type": "Point",
        "coordinates": [
          -157.7891113,
          21.2618283
        ]
      },
      "properties": {
        "id": "osm-1204993478",
        "lat": 21.2618283,
        "lon": -157.7891113,
        "name": "",
        "address": "\u02bbAukai Avenue, Waialae-Kahala, K\u0101hala, East Honolulu, Honolulu, Honolulu County, Hawaii, 96821, United States",
        "neighborhood": "unknown",
        "source": "osm",
        "osm_id": 1204993478,
        "osm_type": "way"
      }
    },
    {
      "type": "Feature",
      "geometry": {
        "type": "Point",
        "coordinates": [
          -157.7890896,
          21.2616901
        ]
      },
      "properties": {
        "id": "osm-1204993494",
        "lat": 21.2616901,
        "lon": -157.7890896,
        "name": "",
        "address": "Kahala Avenue, Waialae-Kahala, Black Point, K\u0101hala, East Honolulu, Honolulu, Honolulu County, Hawaii, 96821, United States",
        "neighborhood": "unknown",
        "source": "osm",
        "osm_id": 1204993494,
        "osm_type": "way"
      }
    },
    {
      "type": "Feature",
      "geometry": {
        "type": "Point",
        "coordinates": [
          -157.7887462,
          21.2618249
        ]
      },
      "properties": {
        "id": "osm-1204993574",
        "lat": 21.2618249,
        "lon": -157.7887462,
        "name": "",
        "address": "Kahala Avenue, Waialae-Kahala, Black Point, K\u0101hala, East Honolulu, Honolulu, Honolulu County, Hawaii, 96821, United States",
        "neighborhood": "unknown",
        "source": "osm",
        "osm_id": 1204993574,
        "osm_type": "way"
      }
    },
    {
      "type": "Feature",
      "geometry": {
        "type": "Point",
        "coordinates": [
          -157.7883259,
          21.2620816
        ]
      },
      "properties": {
        "id": "osm-1204993585",
        "lat": 21.2620816,
        "lon": -157.7883259,
        "name": "",
        "address": "Kahala Avenue, Waialae-Kahala, Black Point, K\u0101hala, East Honolulu, Honolulu, Honolulu County, Hawaii, 96821, United States",
        "neighborhood": "unknown",
        "source": "osm",
        "osm_id": 1204993585,
        "osm_type": "way"
      }
    },
    {
      "type": "Feature",
      "geometry": {
        "type": "Point",
        "coordinates": [
          -157.7877055,
          21.2625612
        ]
      },
      "properties": {
        "id": "osm-1204993736",
        "lat": 21.2625612,
        "lon": -157.7877055,
        "name": "",
        "address": "Kala Place, Waialae-Kahala, K\u0101hala, East Honolulu, Honolulu, Honolulu County, Hawaii, 96821, United States",
        "neighborhood": "unknown",
        "source": "osm",
        "osm_id": 1204993736,
        "osm_type": "way"
      }
    },
    {
      "type": "Feature",
      "geometry": {
        "type": "Point",
        "coordinates": [
          -157.7880707,
          21.2624052
        ]
      },
      "properties": {
        "id": "osm-1204994021",
        "lat": 21.2624052,
        "lon": -157.7880707,
        "name": "",
        "address": "\u02bbAukai Avenue, Waialae-Kahala, K\u0101hala, East Honolulu, Honolulu, Honolulu County, Hawaii, 96821, United States",
        "neighborhood": "unknown",
        "source": "osm",
        "osm_id": 1204994021,
        "osm_type": "way"
      }
    },
    {
      "type": "Feature",
      "geometry": {
        "type": "Point",
        "coordinates": [
          -157.7880493,
          21.2622239
        ]
      },
      "properties": {
        "id": "osm-1204994708",
        "lat": 21.2622239,
        "lon": -157.7880493,
        "name": "",
        "address": "Kahala Avenue, Waialae-Kahala, Black Point, K\u0101hala, East Honolulu, Honolulu, Honolulu County, Hawaii, 96821, United States",
        "neighborhood": "unknown",
        "source": "osm",
        "osm_id": 1204994708,
        "osm_type": "way"
      }
    },
    {
      "type": "Feature",
      "geometry": {
        "type": "Point",
        "coordinates": [
          -157.7884222,
          21.2622187
        ]
      },
      "properties": {
        "id": "osm-1204994784",
        "lat": 21.2622187,
        "lon": -157.7884222,
        "name": "",
        "address": "\u02bbAukai Avenue, Waialae-Kahala, Wailupe, K\u0101hala, East Honolulu, Honolulu, Honolulu County, Hawaii, 96821, United States",
        "neighborhood": "unknown",
        "source": "osm",
        "osm_id": 1204994784,
        "osm_type": "way"
      }
    },
    {
      "type": "Feature",
      "geometry": {
        "type": "Point",
        "coordinates": [
          -157.7886936,
          21.2620704
        ]
      },
      "properties": {
        "id": "osm-1204995542",
        "lat": 21.2620704,
        "lon": -157.7886936,
        "name": "",
        "address": "\u02bbAukai Avenue, Waialae-Kahala, Wailupe, K\u0101hala, East Honolulu, Honolulu, Honolulu County, Hawaii, 96821, United States",
        "neighborhood": "unknown",
        "source": "osm",
        "osm_id": 1204995542,
        "osm_type": "way"
      }
    },
    {
      "type": "Feature",
      "geometry": {
        "type": "Point",
        "coordinates": [
          -157.7902126,
          21.2619298
        ]
      },
      "properties": {
        "id": "osm-1204995896",
        "lat": 21.2619298,
        "lon": -157.7902126,
        "name": "",
        "address": "\u02bbAukai Avenue, Waialae-Kahala, K\u0101hala, East Honolulu, Honolulu, Honolulu County, Hawaii, 96821, United States",
        "neighborhood": "unknown",
        "source": "osm",
        "osm_id": 1204995896,
        "osm_type": "way"
      }
    },
    {
      "type": "Feature",
      "geometry": {
        "type": "Point",
        "coordinates": [
          -157.7808993,
          21.2654005
        ]
      },
      "properties": {
        "id": "osm-1204996107",
        "lat": 21.2654005,
        "lon": -157.7808993,
        "name": "",
        "address": "Kahala Avenue, Waialae-Kahala, Black Point, K\u0101hala, East Honolulu, Honolulu, Honolulu County, Hawaii, 96821, United States",
        "neighborhood": "unknown",
        "source": "osm",
        "osm_id": 1204996107,
        "osm_type": "way"
      }
    },
    {
      "type": "Feature",
      "geometry": {
        "type": "Point",
        "coordinates": [
          -157.7908058,
          21.2591552
        ]
      },
      "properties": {
        "id": "osm-1204996364",
        "lat": 21.2591552,
        "lon": -157.7908058,
        "name": "",
        "address": "Royal Place, Waialae-Kahala, K\u0101hala, East Honolulu, Honolulu, Honolulu County, Hawaii, 96828, United States",
        "neighborhood": "unknown",
        "source": "osm",
        "osm_id": 1204996364,
        "osm_type": "way"
      }
    },
    {
      "type": "Feature",
      "geometry": {
        "type": "Point",
        "coordinates": [
          -157.7893735,
          21.26018
        ]
      },
      "properties": {
        "id": "osm-1204996583",
        "lat": 21.26018,
        "lon": -157.7893735,
        "name": "",
        "address": "Kahala Avenue, Waialae-Kahala, Black Point, K\u0101hala, East Honolulu, Honolulu, Honolulu County, Hawaii, 96821, United States",
        "neighborhood": "unknown",
        "source": "osm",
        "osm_id": 1204996583,
        "osm_type": "way"
      }
    },
    {
      "type": "Feature",
      "geometry": {
        "type": "Point",
        "coordinates": [
          -157.7891053,
          21.2637121
        ]
      },
      "properties": {
        "id": "osm-1204996589",
        "lat": 21.2637121,
        "lon": -157.7891053,
        "name": "",
        "address": "Kolohala Street, Waialae-Kahala, K\u0101hala, East Honolulu, Honolulu, Honolulu County, Hawaii, 96821, United States",
        "neighborhood": "unknown",
        "source": "osm",
        "osm_id": 1204996589,
        "osm_type": "way"
      }
    },
    {
      "type": "Feature",
      "geometry": {
        "type": "Point",
        "coordinates": [
          -157.7894705,
          21.2645128
        ]
      },
      "properties": {
        "id": "osm-1204996648",
        "lat": 21.2645128,
        "lon": -157.7894705,
        "name": "",
        "address": "Onaha Street, Waialae-Kahala, K\u0101hala, East Honolulu, Honolulu, Honolulu County, Hawaii, 96821, United States",
        "neighborhood": "unknown",
        "source": "osm",
        "osm_id": 1204996648,
        "osm_type": "way"
      }
    },
    {
      "type": "Feature",
      "geometry": {
        "type": "Point",
        "coordinates": [
          -157.7894812,
          21.2641827
        ]
      },
      "properties": {
        "id": "osm-1204996697",
        "lat": 21.2641827,
        "lon": -157.7894812,
        "name": "",
        "address": "Elepaio Street, Waialae-Kahala, Black Point, K\u0101hala, East Honolulu, Honolulu, Honolulu County, Hawaii, 96828, United States",
        "neighborhood": "unknown",
        "source": "osm",
        "osm_id": 1204996697,
        "osm_type": "way"
      }
    },
    {
      "type": "Feature",
      "geometry": {
        "type": "Point",
        "coordinates": [
          -157.7897723,
          21.2650002
        ]
      },
      "properties": {
        "id": "osm-1204996777",
        "lat": 21.2650002,
        "lon": -157.7897723,
        "name": "",
        "address": "Elepaio Street, Waialae-Kahala, Black Point, K\u0101hala, East Honolulu, Honolulu, Honolulu County, Hawaii, 96828, United States",
        "neighborhood": "unknown",
        "source": "osm",
        "osm_id": 1204996777,
        "osm_type": "way"
      }
    },
    {
      "type": "Feature",
      "geometry": {
        "type": "Point",
        "coordinates": [
          -157.7898412,
          21.2654505
        ]
      },
      "properties": {
        "id": "osm-1204996810",
        "lat": 21.2654505,
        "lon": -157.7898412,
        "name": "",
        "address": "Alae Street, Waialae-Kahala, K\u0101hala, East Honolulu, Honolulu, Honolulu County, Hawaii, 96828, United States",
        "neighborhood": "unknown",
        "source": "osm",
        "osm_id": 1204996810,
        "osm_type": "way"
      }
    },
    {
      "type": "Feature",
      "geometry": {
        "type": "Point",
        "coordinates": [
          -157.7893812,
          21.2638248
        ]
      },
      "properties": {
        "id": "osm-1204996968",
        "lat": 21.2638248,
        "lon": -157.7893812,
        "name": "",
        "address": "Elepaio Street, Waialae-Kahala, Black Point, K\u0101hala, East Honolulu, Honolulu, Honolulu County, Hawaii, 96828, United States",
        "neighborhood": "unknown",
        "source": "osm",
        "osm_id": 1204996968,
        "osm_type": "way"
      }
    },
    {
      "type": "Feature",
      "geometry": {
        "type": "Point",
        "coordinates": [
          -157.7886527,
          21.2639325
        ]
      },
      "properties": {
        "id": "osm-1204997025",
        "lat": 21.2639325,
        "lon": -157.7886527,
        "name": "",
        "address": "Onaha Street, Waialae-Kahala, Black Point, K\u0101hala, East Honolulu, Honolulu, Honolulu County, Hawaii, 96821, United States",
        "neighborhood": "unknown",
        "source": "osm",
        "osm_id": 1204997025,
        "osm_type": "way"
      }
    },
    {
      "type": "Feature",
      "geometry": {
        "type": "Point",
        "coordinates": [
          -157.7887885,
          21.2657861
        ]
      },
      "properties": {
        "id": "osm-1204997166",
        "lat": 21.2657861,
        "lon": -157.7887885,
        "name": "",
        "address": "Ulili Street, Waialae-Kahala, K\u0101hala, East Honolulu, Honolulu, Honolulu County, Hawaii, 96821, United States",
        "neighborhood": "unknown",
        "source": "osm",
        "osm_id": 1204997166,
        "osm_type": "way"
      }
    },
    {
      "type": "Feature",
      "geometry": {
        "type": "Point",
        "coordinates": [
          -157.7870824,
          21.2652372
        ]
      },
      "properties": {
        "id": "osm-1204997374",
        "lat": 21.2652372,
        "lon": -157.7870824,
        "name": "",
        "address": "Ulili Street, Waialae-Kahala, K\u0101hala, East Honolulu, Honolulu, Honolulu County, Hawaii, 96821, United States",
        "neighborhood": "unknown",
        "source": "osm",
        "osm_id": 1204997374,
        "osm_type": "way"
      }
    },
    {
      "type": "Feature",
      "geometry": {
        "type": "Point",
        "coordinates": [
          -157.7871028,
          21.2652588
        ]
      },
      "properties": {
        "id": "osm-1205005221",
        "lat": 21.2652588,
        "lon": -157.7871028,
        "name": "",
        "address": "Ulili Street, Waialae-Kahala, K\u0101hala, East Honolulu, Honolulu, Honolulu County, Hawaii, 96821, United States",
        "neighborhood": "unknown",
        "source": "osm",
        "osm_id": 1205005221,
        "osm_type": "way"
      }
    },
    {
      "type": "Feature",
      "geometry": {
        "type": "Point",
        "coordinates": [
          -157.7861921,
          21.2652464
        ]
      },
      "properties": {
        "id": "osm-1205005392",
        "lat": 21.2652464,
        "lon": -157.7861921,
        "name": "",
        "address": "Honua Street, Waialae-Kahala, K\u0101hala, East Honolulu, Honolulu, Honolulu County, Hawaii, 96821, United States",
        "neighborhood": "unknown",
        "source": "osm",
        "osm_id": 1205005392,
        "osm_type": "way"
      }
    },
    {
      "type": "Feature",
      "geometry": {
        "type": "Point",
        "coordinates": [
          -157.7814662,
          21.2650615
        ]
      },
      "properties": {
        "id": "osm-1205005608",
        "lat": 21.2650615,
        "lon": -157.7814662,
        "name": "",
        "address": "Kahala Avenue, Waialae-Kahala, Black Point, K\u0101hala, East Honolulu, Honolulu, Honolulu County, Hawaii, 96821, United States",
        "neighborhood": "unknown",
        "source": "osm",
        "osm_id": 1205005608,
        "osm_type": "way"
      }
    },
    {
      "type": "Feature",
      "geometry": {
        "type": "Point",
        "coordinates": [
          -157.7806055,
          21.2661286
        ]
      },
      "properties": {
        "id": "osm-1205005717",
        "lat": 21.2661286,
        "lon": -157.7806055,
        "name": "",
        "address": "Kahala Avenue, Waialae-Kahala, Black Point, K\u0101hala, East Honolulu, Honolulu, Honolulu County, Hawaii, 96821, United States",
        "neighborhood": "unknown",
        "source": "osm",
        "osm_id": 1205005717,
        "osm_type": "way"
      }
    },
    {
      "type": "Feature",
      "geometry": {
        "type": "Point",
        "coordinates": [
          -157.7794864,
          21.2676252
        ]
      },
      "properties": {
        "id": "osm-1205005859",
        "lat": 21.2676252,
        "lon": -157.7794864,
        "name": "",
        "address": "Kahala Avenue, Waialae-Kahala, Black Point, K\u0101hala, East Honolulu, Honolulu, Honolulu County, Hawaii, 96821, United States",
        "neighborhood": "unknown",
        "source": "osm",
        "osm_id": 1205005859,
        "osm_type": "way"
      }
    },
    {
      "type": "Feature",
      "geometry": {
        "type": "Point",
        "coordinates": [
          -157.708787,
          21.2681771
        ]
      },
      "properties": {
        "id": "osm-1205006949",
        "lat": 21.2681771,
        "lon": -157.708787,
        "name": "",
        "address": "Portlock Road, Portlock, Koko Head, East Honolulu, Honolulu, Honolulu County, Hawaii, 96825, United States",
        "neighborhood": "unknown",
        "source": "osm",
        "osm_id": 1205006949,
        "osm_type": "way"
      }
    },
    {
      "type": "Feature",
      "geometry": {
        "type": "Point",
        "coordinates": [
          -157.7073249,
          21.2691746
        ]
      },
      "properties": {
        "id": "osm-1205006954",
        "lat": 21.2691746,
        "lon": -157.7073249,
        "name": "",
        "address": "Portlock Road, Portlock, Koko Head, East Honolulu, Honolulu, Honolulu County, Hawaii, 96825, United States",
        "neighborhood": "unknown",
        "source": "osm",
        "osm_id": 1205006954,
        "osm_type": "way"
      }
    },
    {
      "type": "Feature",
      "geometry": {
        "type": "Point",
        "coordinates": [
          -157.7881136,
          21.2634699
        ]
      },
      "properties": {
        "id": "osm-1205083638",
        "lat": 21.2634699,
        "lon": -157.7881136,
        "name": "",
        "address": "Kolohala Street, Waialae-Kahala, K\u0101hala, East Honolulu, Honolulu, Honolulu County, Hawaii, 96821, United States",
        "neighborhood": "unknown",
        "source": "osm",
        "osm_id": 1205083638,
        "osm_type": "way"
      }
    },
    {
      "type": "Feature",
      "geometry": {
        "type": "Point",
        "coordinates": [
          -157.7877983,
          21.2634492
        ]
      },
      "properties": {
        "id": "osm-1205088264",
        "lat": 21.2634492,
        "lon": -157.7877983,
        "name": "",
        "address": "\u02bbAukai Avenue, Waialae-Kahala, K\u0101hala, East Honolulu, Honolulu, Honolulu County, Hawaii, 96821, United States",
        "neighborhood": "unknown",
        "source": "osm",
        "osm_id": 1205088264,
        "osm_type": "way"
      }
    },
    {
      "type": "Feature",
      "geometry": {
        "type": "Point",
        "coordinates": [
          -157.7879377,
          21.2624444
        ]
      },
      "properties": {
        "id": "osm-1205089921",
        "lat": 21.2624444,
        "lon": -157.7879377,
        "name": "",
        "address": "\u02bbAukai Avenue, Waialae-Kahala, K\u0101hala, East Honolulu, Honolulu, Honolulu County, Hawaii, 96821, United States",
        "neighborhood": "unknown",
        "source": "osm",
        "osm_id": 1205089921,
        "osm_type": "way"
      }
    },
    {
      "type": "Feature",
      "geometry": {
        "type": "Point",
        "coordinates": [
          -157.7909494,
          21.2600966
        ]
      },
      "properties": {
        "id": "osm-1205091681",
        "lat": 21.2600966,
        "lon": -157.7909494,
        "name": "",
        "address": "Royal Place, Waialae-Kahala, K\u0101hala, East Honolulu, Honolulu, Honolulu County, Hawaii, 96828, United States",
        "neighborhood": "unknown",
        "source": "osm",
        "osm_id": 1205091681,
        "osm_type": "way"
      }
    },
    {
      "type": "Feature",
      "geometry": {
        "type": "Point",
        "coordinates": [
          -157.7880642,
          21.2640027
        ]
      },
      "properties": {
        "id": "osm-1205092061",
        "lat": 21.2640027,
        "lon": -157.7880642,
        "name": "",
        "address": "Kolohala Street, Waialae-Kahala, K\u0101hala, East Honolulu, Honolulu, Honolulu County, Hawaii, 96821, United States",
        "neighborhood": "unknown",
        "source": "osm",
        "osm_id": 1205092061,
        "osm_type": "way"
      }
    },
    {
      "type": "Feature",
      "geometry": {
        "type": "Point",
        "coordinates": [
          -157.7875758,
          21.2646591
        ]
      },
      "properties": {
        "id": "osm-1205092121",
        "lat": 21.2646591,
        "lon": -157.7875758,
        "name": "",
        "address": "Ulili Street, Waialae-Kahala, K\u0101hala, East Honolulu, Honolulu, Honolulu County, Hawaii, 96821, United States",
        "neighborhood": "unknown",
        "source": "osm",
        "osm_id": 1205092121,
        "osm_type": "way"
      }
    },
    {
      "type": "Feature",
      "geometry": {
        "type": "Point",
        "coordinates": [
          -157.78865,
          21.264366
        ]
      },
      "properties": {
        "id": "osm-1205093034",
        "lat": 21.264366,
        "lon": -157.78865,
        "name": "",
        "address": "Onaha Street, Waialae-Kahala, Black Point, K\u0101hala, East Honolulu, Honolulu, Honolulu County, Hawaii, 96821, United States",
        "neighborhood": "unknown",
        "source": "osm",
        "osm_id": 1205093034,
        "osm_type": "way"
      }
    },
    {
      "type": "Feature",
      "geometry": {
        "type": "Point",
        "coordinates": [
          -157.7876622,
          21.2648031
        ]
      },
      "properties": {
        "id": "osm-1205093348",
        "lat": 21.2648031,
        "lon": -157.7876622,
        "name": "",
        "address": "Ulili Street, Waialae-Kahala, K\u0101hala, East Honolulu, Honolulu, Honolulu County, Hawaii, 96821, United States",
        "neighborhood": "unknown",
        "source": "osm",
        "osm_id": 1205093348,
        "osm_type": "way"
      }
    },
    {
      "type": "Feature",
      "geometry": {
        "type": "Point",
        "coordinates": [
          -157.7878028,
          21.2648065
        ]
      },
      "properties": {
        "id": "osm-1205093712",
        "lat": 21.2648065,
        "lon": -157.7878028,
        "name": "",
        "address": "Kolohala Street, Waialae-Kahala, Wailupe, K\u0101hala, East Honolulu, Honolulu, Honolulu County, Hawaii, 96821, United States",
        "neighborhood": "unknown",
        "source": "osm",
        "osm_id": 1205093712,
        "osm_type": "way"
      }
    },
    {
      "type": "Feature",
      "geometry": {
        "type": "Point",
        "coordinates": [
          -157.7878001,
          21.2651157
        ]
      },
      "properties": {
        "id": "osm-1205093756",
        "lat": 21.2651157,
        "lon": -157.7878001,
        "name": "",
        "address": "Ulili Street, Waialae-Kahala, K\u0101hala, East Honolulu, Honolulu, Honolulu County, Hawaii, 96821, United States",
        "neighborhood": "unknown",
        "source": "osm",
        "osm_id": 1205093756,
        "osm_type": "way"
      }
    },
    {
      "type": "Feature",
      "geometry": {
        "type": "Point",
        "coordinates": [
          -157.7880393,
          21.2651844
        ]
      },
      "properties": {
        "id": "osm-1205093910",
        "lat": 21.2651844,
        "lon": -157.7880393,
        "name": "",
        "address": "Ulili Street, Waialae-Kahala, K\u0101hala, East Honolulu, Honolulu, Honolulu County, Hawaii, 96821, United States",
        "neighborhood": "unknown",
        "source": "osm",
        "osm_id": 1205093910,
        "osm_type": "way"
      }
    },
    {
      "type": "Feature",
      "geometry": {
        "type": "Point",
        "coordinates": [
          -157.7882041,
          21.2654106
        ]
      },
      "properties": {
        "id": "osm-1205093968",
        "lat": 21.2654106,
        "lon": -157.7882041,
        "name": "",
        "address": "Ulili Street, Waialae-Kahala, K\u0101hala, East Honolulu, Honolulu, Honolulu County, Hawaii, 96821, United States",
        "neighborhood": "unknown",
        "source": "osm",
        "osm_id": 1205093968,
        "osm_type": "way"
      }
    },
    {
      "type": "Feature",
      "geometry": {
        "type": "Point",
        "coordinates": [
          -157.7881174,
          21.2651573
        ]
      },
      "properties": {
        "id": "osm-1205094046",
        "lat": 21.2651573,
        "lon": -157.7881174,
        "name": "",
        "address": "Kuana Street, Waialae-Kahala, K\u0101hala, East Honolulu, Honolulu, Honolulu County, Hawaii, 96821, United States",
        "neighborhood": "unknown",
        "source": "osm",
        "osm_id": 1205094046,
        "osm_type": "way"
      }
    },
    {
      "type": "Feature",
      "geometry": {
        "type": "Point",
        "coordinates": [
          -157.788584,
          21.2656669
        ]
      },
      "properties": {
        "id": "osm-1205094167",
        "lat": 21.2656669,
        "lon": -157.788584,
        "name": "",
        "address": "Ulili Street, Waialae-Kahala, K\u0101hala, East Honolulu, Honolulu, Honolulu County, Hawaii, 96821, United States",
        "neighborhood": "unknown",
        "source": "osm",
        "osm_id": 1205094167,
        "osm_type": "way"
      }
    },
    {
      "type": "Feature",
      "geometry": {
        "type": "Point",
        "coordinates": [
          -157.788939,
          21.2660066
        ]
      },
      "properties": {
        "id": "osm-1205094220",
        "lat": 21.2660066,
        "lon": -157.788939,
        "name": "",
        "address": "713, Onaha Street, Waialae-Kahala, K\u0101hala, East Honolulu, Honolulu, Honolulu County, Hawaii, 96816, United States",
        "neighborhood": "unknown",
        "source": "osm",
        "osm_id": 1205094220,
        "osm_type": "way"
      }
    },
    {
      "type": "Feature",
      "geometry": {
        "type": "Point",
        "coordinates": [
          -157.787944,
          21.2663074
        ]
      },
      "properties": {
        "id": "osm-1205094303",
        "lat": 21.2663074,
        "lon": -157.787944,
        "name": "",
        "address": "748, Honua Street, Waialae-Kahala, K\u0101hala, East Honolulu, Honolulu, Honolulu County, Hawaii, 96816, United States",
        "neighborhood": "unknown",
        "source": "osm",
        "osm_id": 1205094303,
        "osm_type": "way"
      }
    },
    {
      "type": "Feature",
      "geometry": {
        "type": "Point",
        "coordinates": [
          -157.7876248,
          21.2672113
        ]
      },
      "properties": {
        "id": "osm-1205094474",
        "lat": 21.2672113,
        "lon": -157.7876248,
        "name": "",
        "address": "754, Hunakai Street, Waialae-Kahala, K\u0101hala, East Honolulu, Honolulu, Honolulu County, Hawaii, 96816, United States",
        "neighborhood": "unknown",
        "source": "osm",
        "osm_id": 1205094474,
        "osm_type": "way"
      }
    },
    {
      "type": "Feature",
      "geometry": {
        "type": "Point",
        "coordinates": [
          -157.7862808,
          21.2654586
        ]
      },
      "properties": {
        "id": "osm-1205094621",
        "lat": 21.2654586,
        "lon": -157.7862808,
        "name": "",
        "address": "Honua Street, Waialae-Kahala, K\u0101hala, East Honolulu, Honolulu, Honolulu County, Hawaii, 96821, United States",
        "neighborhood": "unknown",
        "source": "osm",
        "osm_id": 1205094621,
        "osm_type": "way"
      }
    },
    {
      "type": "Feature",
      "geometry": {
        "type": "Point",
        "coordinates": [
          -157.7865495,
          21.2655765
        ]
      },
      "properties": {
        "id": "osm-1205094689",
        "lat": 21.2655765,
        "lon": -157.7865495,
        "name": "",
        "address": "Honua Street, Waialae-Kahala, K\u0101hala, East Honolulu, Honolulu, Honolulu County, Hawaii, 96821, United States",
        "neighborhood": "unknown",
        "source": "osm",
        "osm_id": 1205094689,
        "osm_type": "way"
      }
    },
    {
      "type": "Feature",
      "geometry": {
        "type": "Point",
        "coordinates": [
          -157.7848776,
          21.2642442
        ]
      },
      "properties": {
        "id": "osm-1205094813",
        "lat": 21.2642442,
        "lon": -157.7848776,
        "name": "",
        "address": "Hunakai Street, Waialae-Kahala, K\u0101hala, East Honolulu, Honolulu, Honolulu County, Hawaii, 96821, United States",
        "neighborhood": "unknown",
        "source": "osm",
        "osm_id": 1205094813,
        "osm_type": "way"
      }
    },
    {
      "type": "Feature",
      "geometry": {
        "type": "Point",
        "coordinates": [
          -157.7859857,
          21.2630567
        ]
      },
      "properties": {
        "id": "osm-1205094889",
        "lat": 21.2630567,
        "lon": -157.7859857,
        "name": "",
        "address": "416, Ulili Street, Waialae-Kahala, K\u0101hala, East Honolulu, Honolulu, Honolulu County, Hawaii, 96816, United States",
        "neighborhood": "unknown",
        "source": "osm",
        "osm_id": 1205094889,
        "osm_type": "way"
      }
    },
    {
      "type": "Feature",
      "geometry": {
        "type": "Point",
        "coordinates": [
          -157.7870946,
          21.2628877
        ]
      },
      "properties": {
        "id": "osm-1205095066",
        "lat": 21.2628877,
        "lon": -157.7870946,
        "name": "",
        "address": "Kahala Avenue, Waialae-Kahala, Wailupe, K\u0101hala, East Honolulu, Honolulu, Honolulu County, Hawaii, 96821, United States",
        "neighborhood": "unknown",
        "source": "osm",
        "osm_id": 1205095066,
        "osm_type": "way"
      }
    },
    {
      "type": "Feature",
      "geometry": {
        "type": "Point",
        "coordinates": [
          -157.7878937,
          21.2623093
        ]
      },
      "properties": {
        "id": "osm-1205095134",
        "lat": 21.2623093,
        "lon": -157.7878937,
        "name": "",
        "address": "Kahala Avenue, Waialae-Kahala, Black Point, K\u0101hala, East Honolulu, Honolulu, Honolulu County, Hawaii, 96821, United States",
        "neighborhood": "unknown",
        "source": "osm",
        "osm_id": 1205095134,
        "osm_type": "way"
      }
    },
    {
      "type": "Feature",
      "geometry": {
        "type": "Point",
        "coordinates": [
          -157.7888908,
          21.2619104
        ]
      },
      "properties": {
        "id": "osm-1205095240",
        "lat": 21.2619104,
        "lon": -157.7888908,
        "name": "",
        "address": "\u02bbAukai Avenue, Waialae-Kahala, K\u0101hala, East Honolulu, Honolulu, Honolulu County, Hawaii, 96821, United States",
        "neighborhood": "unknown",
        "source": "osm",
        "osm_id": 1205095240,
        "osm_type": "way"
      }
    },
    {
      "type": "Feature",
      "geometry": {
        "type": "Point",
        "coordinates": [
          -157.7873169,
          21.2646249
        ]
      },
      "properties": {
        "id": "osm-1205117691",
        "lat": 21.2646249,
        "lon": -157.7873169,
        "name": "",
        "address": "Ulili Street, Waialae-Kahala, K\u0101hala, East Honolulu, Honolulu, Honolulu County, Hawaii, 96821, United States",
        "neighborhood": "unknown",
        "source": "osm",
        "osm_id": 1205117691,
        "osm_type": "way"
      }
    },
    {
      "type": "Feature",
      "geometry": {
        "type": "Point",
        "coordinates": [
          -157.7882503,
          21.2656548
        ]
      },
      "properties": {
        "id": "osm-1205118118",
        "lat": 21.2656548,
        "lon": -157.7882503,
        "name": "",
        "address": "728, Ulili Street, Waialae-Kahala, K\u0101hala, East Honolulu, Honolulu, Honolulu County, Hawaii, 96816, United States",
        "neighborhood": "unknown",
        "source": "osm",
        "osm_id": 1205118118,
        "osm_type": "way"
      }
    },
    {
      "type": "Feature",
      "geometry": {
        "type": "Point",
        "coordinates": [
          -157.7898128,
          21.2671671
        ]
      },
      "properties": {
        "id": "osm-1205123395",
        "lat": 21.2671671,
        "lon": -157.7898128,
        "name": "",
        "address": "Koloa Street, Waialae-Kahala, K\u0101hala, East Honolulu, Honolulu, Honolulu County, Hawaii, 96821, United States",
        "neighborhood": "unknown",
        "source": "osm",
        "osm_id": 1205123395,
        "osm_type": "way"
      }
    },
    {
      "type": "Feature",
      "geometry": {
        "type": "Point",
        "coordinates": [
          -157.7883444,
          21.2663604
        ]
      },
      "properties": {
        "id": "osm-1205125503",
        "lat": 21.2663604,
        "lon": -157.7883444,
        "name": "",
        "address": "Ulili Street, Waialae-Kahala, K\u0101hala, East Honolulu, Honolulu, Honolulu County, Hawaii, 96821, United States",
        "neighborhood": "unknown",
        "source": "osm",
        "osm_id": 1205125503,
        "osm_type": "way"
      }
    },
    {
      "type": "Feature",
      "geometry": {
        "type": "Point",
        "coordinates": [
          -157.7874292,
          21.2657373
        ]
      },
      "properties": {
        "id": "osm-1205126293",
        "lat": 21.2657373,
        "lon": -157.7874292,
        "name": "",
        "address": "694, Honua Street, Waialae-Kahala, K\u0101hala, East Honolulu, Honolulu, Honolulu County, Hawaii, 96816, United States",
        "neighborhood": "unknown",
        "source": "osm",
        "osm_id": 1205126293,
        "osm_type": "way"
      }
    },
    {
      "type": "Feature",
      "geometry": {
        "type": "Point",
        "coordinates": [
          -157.7876718,
          21.2659925
        ]
      },
      "properties": {
        "id": "osm-1205126875",
        "lat": 21.2659925,
        "lon": -157.7876718,
        "name": "",
        "address": "718, Honua Street, Waialae-Kahala, K\u0101hala, East Honolulu, Honolulu, Honolulu County, Hawaii, 96816, United States",
        "neighborhood": "unknown",
        "source": "osm",
        "osm_id": 1205126875,
        "osm_type": "way"
      }
    },
    {
      "type": "Feature",
      "geometry": {
        "type": "Point",
        "coordinates": [
          -157.787244,
          21.2655552
        ]
      },
      "properties": {
        "id": "osm-1205126971",
        "lat": 21.2655552,
        "lon": -157.787244,
        "name": "",
        "address": "Honua Street, Waialae-Kahala, K\u0101hala, East Honolulu, Honolulu, Honolulu County, Hawaii, 96821, United States",
        "neighborhood": "unknown",
        "source": "osm",
        "osm_id": 1205126971,
        "osm_type": "way"
      }
    },
    {
      "type": "Feature",
      "geometry": {
        "type": "Point",
        "coordinates": [
          -157.7869586,
          21.2652943
        ]
      },
      "properties": {
        "id": "osm-1205127417",
        "lat": 21.2652943,
        "lon": -157.7869586,
        "name": "",
        "address": "Honua Street, Waialae-Kahala, K\u0101hala, East Honolulu, Honolulu, Honolulu County, Hawaii, 96821, United States",
        "neighborhood": "unknown",
        "source": "osm",
        "osm_id": 1205127417,
        "osm_type": "way"
      }
    },
    {
      "type": "Feature",
      "geometry": {
        "type": "Point",
        "coordinates": [
          -157.7868196,
          21.265142
        ]
      },
      "properties": {
        "id": "osm-1205127507",
        "lat": 21.265142,
        "lon": -157.7868196,
        "name": "",
        "address": "Honua Street, Waialae-Kahala, K\u0101hala, East Honolulu, Honolulu, Honolulu County, Hawaii, 96821, United States",
        "neighborhood": "unknown",
        "source": "osm",
        "osm_id": 1205127507,
        "osm_type": "way"
      }
    },
    {
      "type": "Feature",
      "geometry": {
        "type": "Point",
        "coordinates": [
          -157.7866324,
          21.265034
        ]
      },
      "properties": {
        "id": "osm-1205127549",
        "lat": 21.265034,
        "lon": -157.7866324,
        "name": "",
        "address": "Honua Street, Waialae-Kahala, K\u0101hala, East Honolulu, Honolulu, Honolulu County, Hawaii, 96821, United States",
        "neighborhood": "unknown",
        "source": "osm",
        "osm_id": 1205127549,
        "osm_type": "way"
      }
    },
    {
      "type": "Feature",
      "geometry": {
        "type": "Point",
        "coordinates": [
          -157.787517,
          21.2656502
        ]
      },
      "properties": {
        "id": "osm-1205270838",
        "lat": 21.2656502,
        "lon": -157.787517,
        "name": "",
        "address": "687, Ulili Street, Waialae-Kahala, K\u0101hala, East Honolulu, Honolulu, Honolulu County, Hawaii, 96816, United States",
        "neighborhood": "unknown",
        "source": "osm",
        "osm_id": 1205270838,
        "osm_type": "way"
      }
    },
    {
      "type": "Feature",
      "geometry": {
        "type": "Point",
        "coordinates": [
          -157.7894076,
          21.2636114
        ]
      },
      "properties": {
        "id": "osm-1205273372",
        "lat": 21.2636114,
        "lon": -157.7894076,
        "name": "",
        "address": "Elepaio Street, Waialae-Kahala, Black Point, K\u0101hala, East Honolulu, Honolulu, Honolulu County, Hawaii, 96828, United States",
        "neighborhood": "unknown",
        "source": "osm",
        "osm_id": 1205273372,
        "osm_type": "way"
      }
    },
    {
      "type": "Feature",
      "geometry": {
        "type": "Point",
        "coordinates": [
          -157.789403,
          21.2640007
        ]
      },
      "properties": {
        "id": "osm-1205273480",
        "lat": 21.2640007,
        "lon": -157.789403,
        "name": "",
        "address": "Elepaio Street, Waialae-Kahala, Black Point, K\u0101hala, East Honolulu, Honolulu, Honolulu County, Hawaii, 96828, United States",
        "neighborhood": "unknown",
        "source": "osm",
        "osm_id": 1205273480,
        "osm_type": "way"
      }
    },
    {
      "type": "Feature",
      "geometry": {
        "type": "Point",
        "coordinates": [
          -157.7901063,
          21.2652702
        ]
      },
      "properties": {
        "id": "osm-1205282191",
        "lat": 21.2652702,
        "lon": -157.7901063,
        "name": "",
        "address": "677, Elepaio Street, Waialae-Kahala, K\u0101hala, East Honolulu, Honolulu, Honolulu County, Hawaii, 96816, United States",
        "neighborhood": "unknown",
        "source": "osm",
        "osm_id": 1205282191,
        "osm_type": "way"
      }
    },
    {
      "type": "Feature",
      "geometry": {
        "type": "Point",
        "coordinates": [
          -157.7896983,
          21.2653317
        ]
      },
      "properties": {
        "id": "osm-1205400305",
        "lat": 21.2653317,
        "lon": -157.7896983,
        "name": "",
        "address": "Onaha Street, Waialae-Kahala, Black Point, K\u0101hala, East Honolulu, Honolulu, Honolulu County, Hawaii, 96821, United States",
        "neighborhood": "unknown",
        "source": "osm",
        "osm_id": 1205400305,
        "osm_type": "way"
      }
    },
    {
      "type": "Feature",
      "geometry": {
        "type": "Point",
        "coordinates": [
          -157.7891698,
          21.2638159
        ]
      },
      "properties": {
        "id": "osm-1205401515",
        "lat": 21.2638159,
        "lon": -157.7891698,
        "name": "",
        "address": "Onaha Street, Waialae-Kahala, Black Point, K\u0101hala, East Honolulu, Honolulu, Honolulu County, Hawaii, 96821, United States",
        "neighborhood": "unknown",
        "source": "osm",
        "osm_id": 1205401515,
        "osm_type": "way"
      }
    },
    {
      "type": "Feature",
      "geometry": {
        "type": "Point",
        "coordinates": [
          -157.7899522,
          21.2663081
        ]
      },
      "properties": {
        "id": "osm-1205402342",
        "lat": 21.2663081,
        "lon": -157.7899522,
        "name": "",
        "address": "Elepaio Street, Waialae-Kahala, Black Point, K\u0101hala, East Honolulu, Honolulu, Honolulu County, Hawaii, 96828, United States",
        "neighborhood": "unknown",
        "source": "osm",
        "osm_id": 1205402342,
        "osm_type": "way"
      }
    },
    {
      "type": "Feature",
      "geometry": {
        "type": "Point",
        "coordinates": [
          -157.7900786,
          21.266109
        ]
      },
      "properties": {
        "id": "osm-1205402728",
        "lat": 21.266109,
        "lon": -157.7900786,
        "name": "",
        "address": "Elepaio Street, Waialae-Kahala, Black Point, K\u0101hala, East Honolulu, Honolulu, Honolulu County, Hawaii, 96828, United States",
        "neighborhood": "unknown",
        "source": "osm",
        "osm_id": 1205402728,
        "osm_type": "way"
      }
    },
    {
      "type": "Feature",
      "geometry": {
        "type": "Point",
        "coordinates": [
          -157.7897533,
          21.266543
        ]
      },
      "properties": {
        "id": "osm-1205402729",
        "lat": 21.266543,
        "lon": -157.7897533,
        "name": "",
        "address": "Elepaio Street, Waialae-Kahala, Black Point, K\u0101hala, East Honolulu, Honolulu, Honolulu County, Hawaii, 96828, United States",
        "neighborhood": "unknown",
        "source": "osm",
        "osm_id": 1205402729,
        "osm_type": "way"
      }
    },
    {
      "type": "Feature",
      "geometry": {
        "type": "Point",
        "coordinates": [
          -157.7892335,
          21.2672119
        ]
      },
      "properties": {
        "id": "osm-1205402730",
        "lat": 21.2672119,
        "lon": -157.7892335,
        "name": "",
        "address": "1256, Koloa Street, Waialae-Kahala, Wailupe, K\u0101hala, East Honolulu, Honolulu, Honolulu County, Hawaii, 96816, United States",
        "neighborhood": "unknown",
        "source": "osm",
        "osm_id": 1205402730,
        "osm_type": "way"
      }
    },
    {
      "type": "Feature",
      "geometry": {
        "type": "Point",
        "coordinates": [
          -157.7890597,
          21.2671546
        ]
      },
      "properties": {
        "id": "osm-1205402731",
        "lat": 21.2671546,
        "lon": -157.7890597,
        "name": "",
        "address": "1254, Koloa Street, Waialae-Kahala, Wailupe, K\u0101hala, East Honolulu, Honolulu, Honolulu County, Hawaii, 96816, United States",
        "neighborhood": "unknown",
        "source": "osm",
        "osm_id": 1205402731,
        "osm_type": "way"
      }
    },
    {
      "type": "Feature",
      "geometry": {
        "type": "Point",
        "coordinates": [
          -157.7888007,
          21.2673993
        ]
      },
      "properties": {
        "id": "osm-1205402732",
        "lat": 21.2673993,
        "lon": -157.7888007,
        "name": "",
        "address": "Koloa Street, Waialae-Kahala, K\u0101hala, East Honolulu, Honolulu, Honolulu County, Hawaii, 96821, United States",
        "neighborhood": "unknown",
        "source": "osm",
        "osm_id": 1205402732,
        "osm_type": "way"
      }
    },
    {
      "type": "Feature",
      "geometry": {
        "type": "Point",
        "coordinates": [
          -157.7886001,
          21.2675507
        ]
      },
      "properties": {
        "id": "osm-1205402733",
        "lat": 21.2675507,
        "lon": -157.7886001,
        "name": "",
        "address": "Koloa Street, Waialae-Kahala, Wailupe, K\u0101hala, East Honolulu, Honolulu, Honolulu County, Hawaii, 96821, United States",
        "neighborhood": "unknown",
        "source": "osm",
        "osm_id": 1205402733,
        "osm_type": "way"
      }
    },
    {
      "type": "Feature",
      "geometry": {
        "type": "Point",
        "coordinates": [
          -157.7881417,
          21.2676092
        ]
      },
      "properties": {
        "id": "osm-1205402734",
        "lat": 21.2676092,
        "lon": -157.7881417,
        "name": "",
        "address": "Onaha Street, Waialae-Kahala, Black Point, K\u0101hala, East Honolulu, Honolulu, Honolulu County, Hawaii, 96821, United States",
        "neighborhood": "unknown",
        "source": "osm",
        "osm_id": 1205402734,
        "osm_type": "way"
      }
    },
    {
      "type": "Feature",
      "geometry": {
        "type": "Point",
        "coordinates": [
          -157.7884745,
          21.2677182
        ]
      },
      "properties": {
        "id": "osm-1205402735",
        "lat": 21.2677182,
        "lon": -157.7884745,
        "name": "",
        "address": "Koloa Street, Waialae-Kahala, Wailupe, K\u0101hala, East Honolulu, Honolulu, Honolulu County, Hawaii, 96821, United States",
        "neighborhood": "unknown",
        "source": "osm",
        "osm_id": 1205402735,
        "osm_type": "way"
      }
    },
    {
      "type": "Feature",
      "geometry": {
        "type": "Point",
        "coordinates": [
          -157.7890467,
          21.2668016
        ]
      },
      "properties": {
        "id": "osm-1205402922",
        "lat": 21.2668016,
        "lon": -157.7890467,
        "name": "",
        "address": "Onaha Street, Waialae-Kahala, Black Point, K\u0101hala, East Honolulu, Honolulu, Honolulu County, Hawaii, 96821, United States",
        "neighborhood": "unknown",
        "source": "osm",
        "osm_id": 1205402922,
        "osm_type": "way"
      }
    },
    {
      "type": "Feature",
      "geometry": {
        "type": "Point",
        "coordinates": [
          -157.7895512,
          21.2674885
        ]
      },
      "properties": {
        "id": "osm-1205560913",
        "lat": 21.2674885,
        "lon": -157.7895512,
        "name": "",
        "address": "Koloa Street, Waialae-Kahala, K\u0101hala, East Honolulu, Honolulu, Honolulu County, Hawaii, 96821, United States",
        "neighborhood": "unknown",
        "source": "osm",
        "osm_id": 1205560913,
        "osm_type": "way"
      }
    },
    {
      "type": "Feature",
      "geometry": {
        "type": "Point",
        "coordinates": [
          -157.7896088,
          21.2676576
        ]
      },
      "properties": {
        "id": "osm-1205561665",
        "lat": 21.2676576,
        "lon": -157.7896088,
        "name": "",
        "address": "Elepaio Street, Waialae-Kahala, Black Point, K\u0101hala, East Honolulu, Honolulu, Honolulu County, Hawaii, 96828, United States",
        "neighborhood": "unknown",
        "source": "osm",
        "osm_id": 1205561665,
        "osm_type": "way"
      }
    },
    {
      "type": "Feature",
      "geometry": {
        "type": "Point",
        "coordinates": [
          -157.7896593,
          21.267799
        ]
      },
      "properties": {
        "id": "osm-1205561666",
        "lat": 21.267799,
        "lon": -157.7896593,
        "name": "",
        "address": "765, Elepaio Street, Waialae-Kahala, K\u0101hala, East Honolulu, Honolulu, Honolulu County, Hawaii, 96816, United States",
        "neighborhood": "unknown",
        "source": "osm",
        "osm_id": 1205561666,
        "osm_type": "way"
      }
    },
    {
      "type": "Feature",
      "geometry": {
        "type": "Point",
        "coordinates": [
          -157.7894,
          21.2677387
        ]
      },
      "properties": {
        "id": "osm-1205561667",
        "lat": 21.2677387,
        "lon": -157.7894,
        "name": "",
        "address": "Koloa Street, Waialae-Kahala, K\u0101hala, East Honolulu, Honolulu, Honolulu County, Hawaii, 96821, United States",
        "neighborhood": "unknown",
        "source": "osm",
        "osm_id": 1205561667,
        "osm_type": "way"
      }
    },
    {
      "type": "Feature",
      "geometry": {
        "type": "Point",
        "coordinates": [
          -157.7892634,
          21.2679404
        ]
      },
      "properties": {
        "id": "osm-1205561668",
        "lat": 21.2679404,
        "lon": -157.7892634,
        "name": "",
        "address": "Koloa Street, Waialae-Kahala, K\u0101hala, East Honolulu, Honolulu, Honolulu County, Hawaii, 96821, United States",
        "neighborhood": "unknown",
        "source": "osm",
        "osm_id": 1205561668,
        "osm_type": "way"
      }
    },
    {
      "type": "Feature",
      "geometry": {
        "type": "Point",
        "coordinates": [
          -157.7894384,
          21.2682325
        ]
      },
      "properties": {
        "id": "osm-1205561669",
        "lat": 21.2682325,
        "lon": -157.7894384,
        "name": "",
        "address": "783, Elepaio Street, Waialae-Kahala, K\u0101hala, East Honolulu, Honolulu, Honolulu County, Hawaii, 96816, United States",
        "neighborhood": "unknown",
        "source": "osm",
        "osm_id": 1205561669,
        "osm_type": "way"
      }
    },
    {
      "type": "Feature",
      "geometry": {
        "type": "Point",
        "coordinates": [
          -157.7892226,
          21.268537
        ]
      },
      "properties": {
        "id": "osm-1205561670",
        "lat": 21.268537,
        "lon": -157.7892226,
        "name": "",
        "address": "Hunakai Street, Waialae-Kahala, K\u0101hala, East Honolulu, Honolulu, Honolulu County, Hawaii, 96821, United States",
        "neighborhood": "unknown",
        "source": "osm",
        "osm_id": 1205561670,
        "osm_type": "way"
      }
    },
    {
      "type": "Feature",
      "geometry": {
        "type": "Point",
        "coordinates": [
          -157.7882583,
          21.2682725
        ]
      },
      "properties": {
        "id": "osm-1205569632",
        "lat": 21.2682725,
        "lon": -157.7882583,
        "name": "",
        "address": "Hunakai Street, Waialae-Kahala, K\u0101hala, East Honolulu, Honolulu, Honolulu County, Hawaii, 96821, United States",
        "neighborhood": "unknown",
        "source": "osm",
        "osm_id": 1205569632,
        "osm_type": "way"
      }
    },
    {
      "type": "Feature",
      "geometry": {
        "type": "Point",
        "coordinates": [
          -157.7876337,
          21.2690451
        ]
      },
      "properties": {
        "id": "osm-1205569633",
        "lat": 21.2690451,
        "lon": -157.7876337,
        "name": "",
        "address": "Koloa Street, Waialae-Kahala, K\u0101hala, East Honolulu, Honolulu, Honolulu County, Hawaii, 96821, United States",
        "neighborhood": "unknown",
        "source": "osm",
        "osm_id": 1205569633,
        "osm_type": "way"
      }
    },
    {
      "type": "Feature",
      "geometry": {
        "type": "Point",
        "coordinates": [
          -157.7873915,
          21.2690775
        ]
      },
      "properties": {
        "id": "osm-1205569634",
        "lat": 21.2690775,
        "lon": -157.7873915,
        "name": "",
        "address": "Onaha Street, Waialae-Kahala, Black Point, K\u0101hala, East Honolulu, Honolulu, Honolulu County, Hawaii, 96821, United States",
        "neighborhood": "unknown",
        "source": "osm",
        "osm_id": 1205569634,
        "osm_type": "way"
      }
    },
    {
      "type": "Feature",
      "geometry": {
        "type": "Point",
        "coordinates": [
          -157.7875063,
          21.2689278
        ]
      },
      "properties": {
        "id": "osm-1205569635",
        "lat": 21.2689278,
        "lon": -157.7875063,
        "name": "",
        "address": "Koloa Street, Waialae-Kahala, Wailupe, K\u0101hala, East Honolulu, Honolulu, Honolulu County, Hawaii, 96821, United States",
        "neighborhood": "unknown",
        "source": "osm",
        "osm_id": 1205569635,
        "osm_type": "way"
      }
    },
    {
      "type": "Feature",
      "geometry": {
        "type": "Point",
        "coordinates": [
          -157.7873209,
          21.2692904
        ]
      },
      "properties": {
        "id": "osm-1205569636",
        "lat": 21.2692904,
        "lon": -157.7873209,
        "name": "",
        "address": "Koloa Street, Waialae-Kahala, K\u0101hala, East Honolulu, Honolulu, Honolulu County, Hawaii, 96821, United States",
        "neighborhood": "unknown",
        "source": "osm",
        "osm_id": 1205569636,
        "osm_type": "way"
      }
    },
    {
      "type": "Feature",
      "geometry": {
        "type": "Point",
        "coordinates": [
          -157.786726,
          21.2690428
        ]
      },
      "properties": {
        "id": "osm-1205576048",
        "lat": 21.2690428,
        "lon": -157.786726,
        "name": "",
        "address": "Onaha Street, Waialae-Kahala, Black Point, K\u0101hala, East Honolulu, Honolulu, Honolulu County, Hawaii, 96821, United States",
        "neighborhood": "unknown",
        "source": "osm",
        "osm_id": 1205576048,
        "osm_type": "way"
      }
    },
    {
      "type": "Feature",
      "geometry": {
        "type": "Point",
        "coordinates": [
          -157.7863914,
          21.2691559
        ]
      },
      "properties": {
        "id": "osm-1205576049",
        "lat": 21.2691559,
        "lon": -157.7863914,
        "name": "",
        "address": "Koloa Street, Waialae-Kahala, K\u0101hala, East Honolulu, Honolulu, Honolulu County, Hawaii, 96821, United States",
        "neighborhood": "unknown",
        "source": "osm",
        "osm_id": 1205576049,
        "osm_type": "way"
      }
    },
    {
      "type": "Feature",
      "geometry": {
        "type": "Point",
        "coordinates": [
          -157.786318,
          21.2688725
        ]
      },
      "properties": {
        "id": "osm-1205576050",
        "lat": 21.2688725,
        "lon": -157.786318,
        "name": "",
        "address": "Iiwi Street, Waialae-Kahala, K\u0101hala, East Honolulu, Honolulu, Honolulu County, Hawaii, 96821, United States",
        "neighborhood": "unknown",
        "source": "osm",
        "osm_id": 1205576050,
        "osm_type": "way"
      }
    },
    {
      "type": "Feature",
      "geometry": {
        "type": "Point",
        "coordinates": [
          -157.7859669,
          21.2689571
        ]
      },
      "properties": {
        "id": "osm-1205576051",
        "lat": 21.2689571,
        "lon": -157.7859669,
        "name": "",
        "address": "Koloa Street, Waialae-Kahala, K\u0101hala, East Honolulu, Honolulu, Honolulu County, Hawaii, 96821, United States",
        "neighborhood": "unknown",
        "source": "osm",
        "osm_id": 1205576051,
        "osm_type": "way"
      }
    },
    {
      "type": "Feature",
      "geometry": {
        "type": "Point",
        "coordinates": [
          -157.7859473,
          21.2687896
        ]
      },
      "properties": {
        "id": "osm-1205576052",
        "lat": 21.2687896,
        "lon": -157.7859473,
        "name": "",
        "address": "Iiwi Street, Waialae-Kahala, K\u0101hala, East Honolulu, Honolulu, Honolulu County, Hawaii, 96821, United States",
        "neighborhood": "unknown",
        "source": "osm",
        "osm_id": 1205576052,
        "osm_type": "way"
      }
    },
    {
      "type": "Feature",
      "geometry": {
        "type": "Point",
        "coordinates": [
          -157.785281,
          21.268619
        ]
      },
      "properties": {
        "id": "osm-1205576053",
        "lat": 21.268619,
        "lon": -157.785281,
        "name": "",
        "address": "Koloa Street, Waialae-Kahala, K\u0101hala, East Honolulu, Honolulu, Honolulu County, Hawaii, 96821, United States",
        "neighborhood": "unknown",
        "source": "osm",
        "osm_id": 1205576053,
        "osm_type": "way"
      }
    },
    {
      "type": "Feature",
      "geometry": {
        "type": "Point",
        "coordinates": [
          -157.7849883,
          21.2684724
        ]
      },
      "properties": {
        "id": "osm-1205576054",
        "lat": 21.2684724,
        "lon": -157.7849883,
        "name": "",
        "address": "Koloa Street, Waialae-Kahala, K\u0101hala, East Honolulu, Honolulu, Honolulu County, Hawaii, 96821, United States",
        "neighborhood": "unknown",
        "source": "osm",
        "osm_id": 1205576054,
        "osm_type": "way"
      }
    },
    {
      "type": "Feature",
      "geometry": {
        "type": "Point",
        "coordinates": [
          -157.7835218,
          21.2673686
        ]
      },
      "properties": {
        "id": "osm-1206239576",
        "lat": 21.2673686,
        "lon": -157.7835218,
        "name": "",
        "address": "Koloa Street, Waialae-Kahala, K\u0101hala, East Honolulu, Honolulu, Honolulu County, Hawaii, 96821, United States",
        "neighborhood": "unknown",
        "source": "osm",
        "osm_id": 1206239576,
        "osm_type": "way"
      }
    },
    {
      "type": "Feature",
      "geometry": {
        "type": "Point",
        "coordinates": [
          -157.7836822,
          21.2673996
        ]
      },
      "properties": {
        "id": "osm-1206240562",
        "lat": 21.2673996,
        "lon": -157.7836822,
        "name": "",
        "address": "Koloa Street, Waialae-Kahala, K\u0101hala, East Honolulu, Honolulu, Honolulu County, Hawaii, 96821, United States",
        "neighborhood": "unknown",
        "source": "osm",
        "osm_id": 1206240562,
        "osm_type": "way"
      }
    },
    {
      "type": "Feature",
      "geometry": {
        "type": "Point",
        "coordinates": [
          -157.7839361,
          21.267626
        ]
      },
      "properties": {
        "id": "osm-1206240563",
        "lat": 21.267626,
        "lon": -157.7839361,
        "name": "",
        "address": "Iiwi Street, Waialae-Kahala, Wailupe, K\u0101hala, East Honolulu, Honolulu, Honolulu County, Hawaii, 96821, United States",
        "neighborhood": "unknown",
        "source": "osm",
        "osm_id": 1206240563,
        "osm_type": "way"
      }
    },
    {
      "type": "Feature",
      "geometry": {
        "type": "Point",
        "coordinates": [
          -157.7840232,
          21.2677576
        ]
      },
      "properties": {
        "id": "osm-1206240564",
        "lat": 21.2677576,
        "lon": -157.7840232,
        "name": "",
        "address": "Koloa Street, Waialae-Kahala, K\u0101hala, East Honolulu, Honolulu, Honolulu County, Hawaii, 96821, United States",
        "neighborhood": "unknown",
        "source": "osm",
        "osm_id": 1206240564,
        "osm_type": "way"
      }
    },
    {
      "type": "Feature",
      "geometry": {
        "type": "Point",
        "coordinates": [
          -157.7843104,
          21.2679633
        ]
      },
      "properties": {
        "id": "osm-1206240565",
        "lat": 21.2679633,
        "lon": -157.7843104,
        "name": "",
        "address": "Koloa Street, Waialae-Kahala, K\u0101hala, East Honolulu, Honolulu, Honolulu County, Hawaii, 96821, United States",
        "neighborhood": "unknown",
        "source": "osm",
        "osm_id": 1206240565,
        "osm_type": "way"
      }
    },
    {
      "type": "Feature",
      "geometry": {
        "type": "Point",
        "coordinates": [
          -157.7847028,
          21.2678079
        ]
      },
      "properties": {
        "id": "osm-1206240566",
        "lat": 21.2678079,
        "lon": -157.7847028,
        "name": "",
        "address": "Iiwi Street, Waialae-Kahala, K\u0101hala, East Honolulu, Honolulu, Honolulu County, Hawaii, 96821, United States",
        "neighborhood": "unknown",
        "source": "osm",
        "osm_id": 1206240566,
        "osm_type": "way"
      }
    },
    {
      "type": "Feature",
      "geometry": {
        "type": "Point",
        "coordinates": [
          -157.784464,
          21.2676607
        ]
      },
      "properties": {
        "id": "osm-1206240567",
        "lat": 21.2676607,
        "lon": -157.784464,
        "name": "",
        "address": "Iiwi Street, Waialae-Kahala, K\u0101hala, East Honolulu, Honolulu, Honolulu County, Hawaii, 96821, United States",
        "neighborhood": "unknown",
        "source": "osm",
        "osm_id": 1206240567,
        "osm_type": "way"
      }
    },
    {
      "type": "Feature",
      "geometry": {
        "type": "Point",
        "coordinates": [
          -157.7838607,
          21.2673311
        ]
      },
      "properties": {
        "id": "osm-1206240568",
        "lat": 21.2673311,
        "lon": -157.7838607,
        "name": "",
        "address": "Iiwi Street, Waialae-Kahala, K\u0101hala, East Honolulu, Honolulu, Honolulu County, Hawaii, 96821, United States",
        "neighborhood": "unknown",
        "source": "osm",
        "osm_id": 1206240568,
        "osm_type": "way"
      }
    },
    {
      "type": "Feature",
      "geometry": {
        "type": "Point",
        "coordinates": [
          -157.7836548,
          21.2670895
        ]
      },
      "properties": {
        "id": "osm-1206240716",
        "lat": 21.2670895,
        "lon": -157.7836548,
        "name": "",
        "address": "Kolohala Street, Waialae-Kahala, K\u0101hala, East Honolulu, Honolulu, Honolulu County, Hawaii, 96821, United States",
        "neighborhood": "unknown",
        "source": "osm",
        "osm_id": 1206240716,
        "osm_type": "way"
      }
    },
    {
      "type": "Feature",
      "geometry": {
        "type": "Point",
        "coordinates": [
          -157.7829913,
          21.2677863
        ]
      },
      "properties": {
        "id": "osm-1206290778",
        "lat": 21.2677863,
        "lon": -157.7829913,
        "name": "",
        "address": "Kolohala Street, Waialae-Kahala, K\u0101hala, East Honolulu, Honolulu, Honolulu County, Hawaii, 96821, United States",
        "neighborhood": "unknown",
        "source": "osm",
        "osm_id": 1206290778,
        "osm_type": "way"
      }
    },
    {
      "type": "Feature",
      "geometry": {
        "type": "Point",
        "coordinates": [
          -157.7837993,
          21.2684701
        ]
      },
      "properties": {
        "id": "osm-1206290779",
        "lat": 21.2684701,
        "lon": -157.7837993,
        "name": "",
        "address": "977, Koloa Street, Waialae-Kahala, Wailupe, K\u0101hala, East Honolulu, Honolulu, Honolulu County, Hawaii, 96816, United States",
        "neighborhood": "unknown",
        "source": "osm",
        "osm_id": 1206290779,
        "osm_type": "way"
      }
    },
    {
      "type": "Feature",
      "geometry": {
        "type": "Point",
        "coordinates": [
          -157.7846275,
          21.2688933
        ]
      },
      "properties": {
        "id": "osm-1206290854",
        "lat": 21.2688933,
        "lon": -157.7846275,
        "name": "",
        "address": "1013, Koloa Street, Waialae-Kahala, Wailupe, K\u0101hala, East Honolulu, Honolulu, Honolulu County, Hawaii, 96816, United States",
        "neighborhood": "unknown",
        "source": "osm",
        "osm_id": 1206290854,
        "osm_type": "way"
      }
    },
    {
      "type": "Feature",
      "geometry": {
        "type": "Point",
        "coordinates": [
          -157.7844231,
          21.2689491
        ]
      },
      "properties": {
        "id": "osm-1206290855",
        "lat": 21.2689491,
        "lon": -157.7844231,
        "name": "",
        "address": "Farmers Road, Waialae-Kahala, K\u0101hala, East Honolulu, Honolulu, Honolulu County, Hawaii, 96821, United States",
        "neighborhood": "unknown",
        "source": "osm",
        "osm_id": 1206290855,
        "osm_type": "way"
      }
    },
    {
      "type": "Feature",
      "geometry": {
        "type": "Point",
        "coordinates": [
          -157.7831979,
          21.2684399
        ]
      },
      "properties": {
        "id": "osm-1206448993",
        "lat": 21.2684399,
        "lon": -157.7831979,
        "name": "",
        "address": "Noio Street, Waialae-Kahala, K\u0101hala, East Honolulu, Honolulu, Honolulu County, Hawaii, 96821, United States",
        "neighborhood": "unknown",
        "source": "osm",
        "osm_id": 1206448993,
        "osm_type": "way"
      }
    },
    {
      "type": "Feature",
      "geometry": {
        "type": "Point",
        "coordinates": [
          -157.7833059,
          21.2679949
        ]
      },
      "properties": {
        "id": "osm-1206474133",
        "lat": 21.2679949,
        "lon": -157.7833059,
        "name": "",
        "address": "Koloa Street, Waialae-Kahala, K\u0101hala, East Honolulu, Honolulu, Honolulu County, Hawaii, 96821, United States",
        "neighborhood": "unknown",
        "source": "osm",
        "osm_id": 1206474133,
        "osm_type": "way"
      }
    },
    {
      "type": "Feature",
      "geometry": {
        "type": "Point",
        "coordinates": [
          -157.7836543,
          21.2682815
        ]
      },
      "properties": {
        "id": "osm-1206474136",
        "lat": 21.2682815,
        "lon": -157.7836543,
        "name": "",
        "address": "Koloa Street, Waialae-Kahala, K\u0101hala, East Honolulu, Honolulu, Honolulu County, Hawaii, 96821, United States",
        "neighborhood": "unknown",
        "source": "osm",
        "osm_id": 1206474136,
        "osm_type": "way"
      }
    },
    {
      "type": "Feature",
      "geometry": {
        "type": "Point",
        "coordinates": [
          -157.7842627,
          21.2689716
        ]
      },
      "properties": {
        "id": "osm-1206474785",
        "lat": 21.2689716,
        "lon": -157.7842627,
        "name": "",
        "address": "4615, Farmers Road, Waialae-Kahala, Wailupe, K\u0101hala, East Honolulu, Honolulu, Honolulu County, Hawaii, 96816, United States",
        "neighborhood": "unknown",
        "source": "osm",
        "osm_id": 1206474785,
        "osm_type": "way"
      }
    },
    {
      "type": "Feature",
      "geometry": {
        "type": "Point",
        "coordinates": [
          -157.7847863,
          21.269279
        ]
      },
      "properties": {
        "id": "osm-1206474786",
        "lat": 21.269279,
        "lon": -157.7847863,
        "name": "",
        "address": "1026, Noio Street, Waialae-Kahala, Wailupe, K\u0101hala, East Honolulu, Honolulu, Honolulu County, Hawaii, 96816, United States",
        "neighborhood": "unknown",
        "source": "osm",
        "osm_id": 1206474786,
        "osm_type": "way"
      }
    },
    {
      "type": "Feature",
      "geometry": {
        "type": "Point",
        "coordinates": [
          -157.7848768,
          21.2691766
        ]
      },
      "properties": {
        "id": "osm-1206474787",
        "lat": 21.2691766,
        "lon": -157.7848768,
        "name": "",
        "address": "Koloa Street, Waialae-Kahala, K\u0101hala, East Honolulu, Honolulu, Honolulu County, Hawaii, 96821, United States",
        "neighborhood": "unknown",
        "source": "osm",
        "osm_id": 1206474787,
        "osm_type": "way"
      }
    },
    {
      "type": "Feature",
      "geometry": {
        "type": "Point",
        "coordinates": [
          -157.785155,
          21.2695192
        ]
      },
      "properties": {
        "id": "osm-1206474788",
        "lat": 21.2695192,
        "lon": -157.785155,
        "name": "",
        "address": "Noio Street, Waialae-Kahala, K\u0101hala, East Honolulu, Honolulu, Honolulu County, Hawaii, 96821, United States",
        "neighborhood": "unknown",
        "source": "osm",
        "osm_id": 1206474788,
        "osm_type": "way"
      }
    },
    {
      "type": "Feature",
      "geometry": {
        "type": "Point",
        "coordinates": [
          -157.7849948,
          21.2692884
        ]
      },
      "properties": {
        "id": "osm-1206474789",
        "lat": 21.2692884,
        "lon": -157.7849948,
        "name": "",
        "address": "Koloa Street, Waialae-Kahala, K\u0101hala, East Honolulu, Honolulu, Honolulu County, Hawaii, 96821, United States",
        "neighborhood": "unknown",
        "source": "osm",
        "osm_id": 1206474789,
        "osm_type": "way"
      }
    },
    {
      "type": "Feature",
      "geometry": {
        "type": "Point",
        "coordinates": [
          -157.7854251,
          21.2697008
        ]
      },
      "properties": {
        "id": "osm-1206474790",
        "lat": 21.2697008,
        "lon": -157.7854251,
        "name": "",
        "address": "Noio Street, Waialae-Kahala, K\u0101hala, East Honolulu, Honolulu, Honolulu County, Hawaii, 96821, United States",
        "neighborhood": "unknown",
        "source": "osm",
        "osm_id": 1206474790,
        "osm_type": "way"
      }
    },
    {
      "type": "Feature",
      "geometry": {
        "type": "Point",
        "coordinates": [
          -157.785523,
          21.2694734
        ]
      },
      "properties": {
        "id": "osm-1206474791",
        "lat": 21.2694734,
        "lon": -157.785523,
        "name": "",
        "address": "1057, Koloa Street, Waialae-Kahala, Wailupe, K\u0101hala, East Honolulu, Honolulu, Honolulu County, Hawaii, 96816, United States",
        "neighborhood": "unknown",
        "source": "osm",
        "osm_id": 1206474791,
        "osm_type": "way"
      }
    },
    {
      "type": "Feature",
      "geometry": {
        "type": "Point",
        "coordinates": [
          -157.7856769,
          21.269629
        ]
      },
      "properties": {
        "id": "osm-1206474792",
        "lat": 21.269629,
        "lon": -157.7856769,
        "name": "",
        "address": "Koloa Street, Waialae-Kahala, K\u0101hala, East Honolulu, Honolulu, Honolulu County, Hawaii, 96821, United States",
        "neighborhood": "unknown",
        "source": "osm",
        "osm_id": 1206474792,
        "osm_type": "way"
      }
    },
    {
      "type": "Feature",
      "geometry": {
        "type": "Point",
        "coordinates": [
          -157.7861592,
          21.2698055
        ]
      },
      "properties": {
        "id": "osm-1206474793",
        "lat": 21.2698055,
        "lon": -157.7861592,
        "name": "",
        "address": "Koloa Street, Waialae-Kahala, K\u0101hala, East Honolulu, Honolulu, Honolulu County, Hawaii, 96821, United States",
        "neighborhood": "unknown",
        "source": "osm",
        "osm_id": 1206474793,
        "osm_type": "way"
      }
    },
    {
      "type": "Feature",
      "geometry": {
        "type": "Point",
        "coordinates": [
          -157.7862054,
          21.2701688
        ]
      },
      "properties": {
        "id": "osm-1206474794",
        "lat": 21.2701688,
        "lon": -157.7862054,
        "name": "",
        "address": "Noio Street, Waialae-Kahala, K\u0101hala, East Honolulu, Honolulu, Honolulu County, Hawaii, 96821, United States",
        "neighborhood": "unknown",
        "source": "osm",
        "osm_id": 1206474794,
        "osm_type": "way"
      }
    },
    {
      "type": "Feature",
      "geometry": {
        "type": "Point",
        "coordinates": [
          -157.7860419,
          21.2698792
        ]
      },
      "properties": {
        "id": "osm-1206474795",
        "lat": 21.2698792,
        "lon": -157.7860419,
        "name": "",
        "address": "1084, Noio Street, Waialae-Kahala, Wailupe, K\u0101hala, East Honolulu, Honolulu, Honolulu County, Hawaii, 96816, United States",
        "neighborhood": "unknown",
        "source": "osm",
        "osm_id": 1206474795,
        "osm_type": "way"
      }
    },
    {
      "type": "Feature",
      "geometry": {
        "type": "Point",
        "coordinates": [
          -157.7853659,
          21.2692829
        ]
      },
      "properties": {
        "id": "osm-1206474796",
        "lat": 21.2692829,
        "lon": -157.7853659,
        "name": "",
        "address": "Koloa Street, Waialae-Kahala, K\u0101hala, East Honolulu, Honolulu, Honolulu County, Hawaii, 96821, United States",
        "neighborhood": "unknown",
        "source": "osm",
        "osm_id": 1206474796,
        "osm_type": "way"
      }
    },
    {
      "type": "Feature",
      "geometry": {
        "type": "Point",
        "coordinates": [
          -157.7855106,
          21.2698634
        ]
      },
      "properties": {
        "id": "osm-1206477992",
        "lat": 21.2698634,
        "lon": -157.7855106,
        "name": "",
        "address": "Noio Street, Waialae-Kahala, K\u0101hala, East Honolulu, Honolulu, Honolulu County, Hawaii, 96821, United States",
        "neighborhood": "unknown",
        "source": "osm",
        "osm_id": 1206477992,
        "osm_type": "way"
      }
    },
    {
      "type": "Feature",
      "geometry": {
        "type": "Point",
        "coordinates": [
          -157.7859975,
          21.269669
        ]
      },
      "properties": {
        "id": "osm-1206477998",
        "lat": 21.269669,
        "lon": -157.7859975,
        "name": "",
        "address": "Koloa Street, Waialae-Kahala, K\u0101hala, East Honolulu, Honolulu, Honolulu County, Hawaii, 96821, United States",
        "neighborhood": "unknown",
        "source": "osm",
        "osm_id": 1206477998,
        "osm_type": "way"
      }
    },
    {
      "type": "Feature",
      "geometry": {
        "type": "Point",
        "coordinates": [
          -157.7826449,
          21.2683239
        ]
      },
      "properties": {
        "id": "osm-1206481115",
        "lat": 21.2683239,
        "lon": -157.7826449,
        "name": "",
        "address": "Noio Street, Waialae-Kahala, K\u0101hala, East Honolulu, Honolulu, Honolulu County, Hawaii, 96821, United States",
        "neighborhood": "unknown",
        "source": "osm",
        "osm_id": 1206481115,
        "osm_type": "way"
      }
    },
    {
      "type": "Feature",
      "geometry": {
        "type": "Point",
        "coordinates": [
          -157.7827551,
          21.2683588
        ]
      },
      "properties": {
        "id": "osm-1206481116",
        "lat": 21.2683588,
        "lon": -157.7827551,
        "name": "",
        "address": "Noio Street, Waialae-Kahala, K\u0101hala, East Honolulu, Honolulu, Honolulu County, Hawaii, 96821, United States",
        "neighborhood": "unknown",
        "source": "osm",
        "osm_id": 1206481116,
        "osm_type": "way"
      }
    },
    {
      "type": "Feature",
      "geometry": {
        "type": "Point",
        "coordinates": [
          -157.7829474,
          21.2689183
        ]
      },
      "properties": {
        "id": "osm-1206481117",
        "lat": 21.2689183,
        "lon": -157.7829474,
        "name": "",
        "address": "Noio Street, Waialae-Kahala, K\u0101hala, East Honolulu, Honolulu, Honolulu County, Hawaii, 96821, United States",
        "neighborhood": "unknown",
        "source": "osm",
        "osm_id": 1206481117,
        "osm_type": "way"
      }
    },
    {
      "type": "Feature",
      "geometry": {
        "type": "Point",
        "coordinates": [
          -157.7830606,
          21.2692478
        ]
      },
      "properties": {
        "id": "osm-1206481118",
        "lat": 21.2692478,
        "lon": -157.7830606,
        "name": "",
        "address": "Kolohala Street, Waialae-Kahala, K\u0101hala, East Honolulu, Honolulu, Honolulu County, Hawaii, 96821, United States",
        "neighborhood": "unknown",
        "source": "osm",
        "osm_id": 1206481118,
        "osm_type": "way"
      }
    },
    {
      "type": "Feature",
      "geometry": {
        "type": "Point",
        "coordinates": [
          -157.782707,
          21.2689494
        ]
      },
      "properties": {
        "id": "osm-1206481119",
        "lat": 21.2689494,
        "lon": -157.782707,
        "name": "",
        "address": "Kolohala Street, Waialae-Kahala, K\u0101hala, East Honolulu, Honolulu, Honolulu County, Hawaii, 96821, United States",
        "neighborhood": "unknown",
        "source": "osm",
        "osm_id": 1206481119,
        "osm_type": "way"
      }
    },
    {
      "type": "Feature",
      "geometry": {
        "type": "Point",
        "coordinates": [
          -157.7825353,
          21.2688902
        ]
      },
      "properties": {
        "id": "osm-1206481120",
        "lat": 21.2688902,
        "lon": -157.7825353,
        "name": "",
        "address": "4810, Kolohala Street, Waialae-Kahala, Wailupe, K\u0101hala, East Honolulu, Honolulu, Honolulu County, Hawaii, 96816, United States",
        "neighborhood": "unknown",
        "source": "osm",
        "osm_id": 1206481120,
        "osm_type": "way"
      }
    },
    {
      "type": "Feature",
      "geometry": {
        "type": "Point",
        "coordinates": [
          -157.782506,
          21.2687198
        ]
      },
      "properties": {
        "id": "osm-1206481121",
        "lat": 21.2687198,
        "lon": -157.782506,
        "name": "",
        "address": "Kolohala Street, Waialae-Kahala, K\u0101hala, East Honolulu, Honolulu, Honolulu County, Hawaii, 96821, United States",
        "neighborhood": "unknown",
        "source": "osm",
        "osm_id": 1206481121,
        "osm_type": "way"
      }
    },
    {
      "type": "Feature",
      "geometry": {
        "type": "Point",
        "coordinates": [
          -157.7824769,
          21.2684838
        ]
      },
      "properties": {
        "id": "osm-1206481122",
        "lat": 21.2684838,
        "lon": -157.7824769,
        "name": "",
        "address": "Kolohala Street, Waialae-Kahala, K\u0101hala, East Honolulu, Honolulu, Honolulu County, Hawaii, 96821, United States",
        "neighborhood": "unknown",
        "source": "osm",
        "osm_id": 1206481122,
        "osm_type": "way"
      }
    },
    {
      "type": "Feature",
      "geometry": {
        "type": "Point",
        "coordinates": [
          -157.7828865,
          21.2691074
        ]
      },
      "properties": {
        "id": "osm-1206481123",
        "lat": 21.2691074,
        "lon": -157.7828865,
        "name": "",
        "address": "Kolohala Street, Waialae-Kahala, K\u0101hala, East Honolulu, Honolulu, Honolulu County, Hawaii, 96821, United States",
        "neighborhood": "unknown",
        "source": "osm",
        "osm_id": 1206481123,
        "osm_type": "way"
      }
    },
    {
      "type": "Feature",
      "geometry": {
        "type": "Point",
        "coordinates": [
          -157.7834859,
          21.2692838
        ]
      },
      "properties": {
        "id": "osm-1206481124",
        "lat": 21.2692838,
        "lon": -157.7834859,
        "name": "",
        "address": "4651, Farmers Road, Waialae-Kahala, Wailupe, K\u0101hala, East Honolulu, Honolulu, Honolulu County, Hawaii, 96816, United States",
        "neighborhood": "unknown",
        "source": "osm",
        "osm_id": 1206481124,
        "osm_type": "way"
      }
    },
    {
      "type": "Feature",
      "geometry": {
        "type": "Point",
        "coordinates": [
          -157.7830872,
          21.2694932
        ]
      },
      "properties": {
        "id": "osm-1206481859",
        "lat": 21.2694932,
        "lon": -157.7830872,
        "name": "",
        "address": "4872, Kolohala Street, Waialae-Kahala, Wailupe, K\u0101hala, East Honolulu, Honolulu, Honolulu County, Hawaii, 96816, United States",
        "neighborhood": "unknown",
        "source": "osm",
        "osm_id": 1206481859,
        "osm_type": "way"
      }
    },
    {
      "type": "Feature",
      "geometry": {
        "type": "Point",
        "coordinates": [
          -157.7839076,
          21.2695882
        ]
      },
      "properties": {
        "id": "osm-1206536138",
        "lat": 21.2695882,
        "lon": -157.7839076,
        "name": "",
        "address": "Farmers Road, Waialae-Kahala, K\u0101hala, East Honolulu, Honolulu, Honolulu County, Hawaii, 96821, United States",
        "neighborhood": "unknown",
        "source": "osm",
        "osm_id": 1206536138,
        "osm_type": "way"
      }
    },
    {
      "type": "Feature",
      "geometry": {
        "type": "Point",
        "coordinates": [
          -157.7838888,
          21.2697515
        ]
      },
      "properties": {
        "id": "osm-1206536139",
        "lat": 21.2697515,
        "lon": -157.7838888,
        "name": "",
        "address": "Farmers Road, Waialae-Kahala, K\u0101hala, East Honolulu, Honolulu, Honolulu County, Hawaii, 96821, United States",
        "neighborhood": "unknown",
        "source": "osm",
        "osm_id": 1206536139,
        "osm_type": "way"
      }
    },
    {
      "type": "Feature",
      "geometry": {
        "type": "Point",
        "coordinates": [
          -157.7842255,
          21.2696513
        ]
      },
      "properties": {
        "id": "osm-1206536140",
        "lat": 21.2696513,
        "lon": -157.7842255,
        "name": "",
        "address": "Noio Street, Waialae-Kahala, K\u0101hala, East Honolulu, Honolulu, Honolulu County, Hawaii, 96821, United States",
        "neighborhood": "unknown",
        "source": "osm",
        "osm_id": 1206536140,
        "osm_type": "way"
      }
    },
    {
      "type": "Feature",
      "geometry": {
        "type": "Point",
        "coordinates": [
          -157.7842773,
          21.2697211
        ]
      },
      "properties": {
        "id": "osm-1206536141",
        "lat": 21.2697211,
        "lon": -157.7842773,
        "name": "",
        "address": "Noio Street, Waialae-Kahala, K\u0101hala, East Honolulu, Honolulu, Honolulu County, Hawaii, 96821, United States",
        "neighborhood": "unknown",
        "source": "osm",
        "osm_id": 1206536141,
        "osm_type": "way"
      }
    },
    {
      "type": "Feature",
      "geometry": {
        "type": "Point",
        "coordinates": [
          -157.7848604,
          21.2700413
        ]
      },
      "properties": {
        "id": "osm-1206536142",
        "lat": 21.2700413,
        "lon": -157.7848604,
        "name": "",
        "address": "Noio Street, Waialae-Kahala, K\u0101hala, East Honolulu, Honolulu, Honolulu County, Hawaii, 96821, United States",
        "neighborhood": "unknown",
        "source": "osm",
        "osm_id": 1206536142,
        "osm_type": "way"
      }
    },
    {
      "type": "Feature",
      "geometry": {
        "type": "Point",
        "coordinates": [
          -157.7849521,
          21.2701385
        ]
      },
      "properties": {
        "id": "osm-1206536143",
        "lat": 21.2701385,
        "lon": -157.7849521,
        "name": "",
        "address": "Noio Street, Waialae-Kahala, K\u0101hala, East Honolulu, Honolulu, Honolulu County, Hawaii, 96821, United States",
        "neighborhood": "unknown",
        "source": "osm",
        "osm_id": 1206536143,
        "osm_type": "way"
      }
    },
    {
      "type": "Feature",
      "geometry": {
        "type": "Point",
        "coordinates": [
          -157.7853317,
          21.2704723
        ]
      },
      "properties": {
        "id": "osm-1206536144",
        "lat": 21.2704723,
        "lon": -157.7853317,
        "name": "",
        "address": "Kolohala Street, Waialae-Kahala, K\u0101hala, East Honolulu, Honolulu, Honolulu County, Hawaii, 96821, United States",
        "neighborhood": "unknown",
        "source": "osm",
        "osm_id": 1206536144,
        "osm_type": "way"
      }
    },
    {
      "type": "Feature",
      "geometry": {
        "type": "Point",
        "coordinates": [
          -157.7857168,
          21.270513
        ]
      },
      "properties": {
        "id": "osm-1206536146",
        "lat": 21.270513,
        "lon": -157.7857168,
        "name": "",
        "address": "1079, Noio Street, Waialae-Kahala, Wailupe, K\u0101hala, East Honolulu, Honolulu, Honolulu County, Hawaii, 96816, United States",
        "neighborhood": "unknown",
        "source": "osm",
        "osm_id": 1206536146,
        "osm_type": "way"
      }
    },
    {
      "type": "Feature",
      "geometry": {
        "type": "Point",
        "coordinates": [
          -157.7861795,
          21.2703766
        ]
      },
      "properties": {
        "id": "osm-1206536147",
        "lat": 21.2703766,
        "lon": -157.7861795,
        "name": "",
        "address": "Noio Street, Waialae-Kahala, K\u0101hala, East Honolulu, Honolulu, Honolulu County, Hawaii, 96821, United States",
        "neighborhood": "unknown",
        "source": "osm",
        "osm_id": 1206536147,
        "osm_type": "way"
      }
    },
    {
      "type": "Feature",
      "geometry": {
        "type": "Point",
        "coordinates": [
          -157.786192,
          21.270769
        ]
      },
      "properties": {
        "id": "osm-1206536148",
        "lat": 21.270769,
        "lon": -157.786192,
        "name": "",
        "address": "Onaha Street, Waialae-Kahala, Black Point, K\u0101hala, East Honolulu, Honolulu, Honolulu County, Hawaii, 96821, United States",
        "neighborhood": "unknown",
        "source": "osm",
        "osm_id": 1206536148,
        "osm_type": "way"
      }
    },
    {
      "type": "Feature",
      "geometry": {
        "type": "Point",
        "coordinates": [
          -157.7859373,
          21.2706866
        ]
      },
      "properties": {
        "id": "osm-1206536149",
        "lat": 21.2706866,
        "lon": -157.7859373,
        "name": "",
        "address": "4990, Kolohala Street, Waialae-Kahala, Wailupe, K\u0101hala, East Honolulu, Honolulu, Honolulu County, Hawaii, 96816, United States",
        "neighborhood": "unknown",
        "source": "osm",
        "osm_id": 1206536149,
        "osm_type": "way"
      }
    },
    {
      "type": "Feature",
      "geometry": {
        "type": "Point",
        "coordinates": [
          -157.7851738,
          21.2701986
        ]
      },
      "properties": {
        "id": "osm-1206536150",
        "lat": 21.2701986,
        "lon": -157.7851738,
        "name": "",
        "address": "1057, Noio Street, Waialae-Kahala, Wailupe, K\u0101hala, East Honolulu, Honolulu, Honolulu County, Hawaii, 96816, United States",
        "neighborhood": "unknown",
        "source": "osm",
        "osm_id": 1206536150,
        "osm_type": "way"
      }
    },
    {
      "type": "Feature",
      "geometry": {
        "type": "Point",
        "coordinates": [
          -157.7847769,
          21.2702905
        ]
      },
      "properties": {
        "id": "osm-1206536151",
        "lat": 21.2702905,
        "lon": -157.7847769,
        "name": "",
        "address": "Kolohala Street, Waialae-Kahala, K\u0101hala, East Honolulu, Honolulu, Honolulu County, Hawaii, 96821, United States",
        "neighborhood": "unknown",
        "source": "osm",
        "osm_id": 1206536151,
        "osm_type": "way"
      }
    },
    {
      "type": "Feature",
      "geometry": {
        "type": "Point",
        "coordinates": [
          -157.7818168,
          21.2662409
        ]
      },
      "properties": {
        "id": "osm-1206772357",
        "lat": 21.2662409,
        "lon": -157.7818168,
        "name": "",
        "address": "Koloa Street, Waialae-Kahala, K\u0101hala, East Honolulu, Honolulu, Honolulu County, Hawaii, 96821, United States",
        "neighborhood": "unknown",
        "source": "osm",
        "osm_id": 1206772357,
        "osm_type": "way"
      }
    },
    {
      "type": "Feature",
      "geometry": {
        "type": "Point",
        "coordinates": [
          -157.7822486,
          21.2664466
        ]
      },
      "properties": {
        "id": "osm-1206772358",
        "lat": 21.2664466,
        "lon": -157.7822486,
        "name": "",
        "address": "4703, \u02bbAukai Avenue, Waialae-Kahala, Wailupe, K\u0101hala, East Honolulu, Honolulu, Honolulu County, Hawaii, 96816, United States",
        "neighborhood": "unknown",
        "source": "osm",
        "osm_id": 1206772358,
        "osm_type": "way"
      }
    },
    {
      "type": "Feature",
      "geometry": {
        "type": "Point",
        "coordinates": [
          -157.7806183,
          21.2678708
        ]
      },
      "properties": {
        "id": "osm-1206772359",
        "lat": 21.2678708,
        "lon": -157.7806183,
        "name": "",
        "address": "\u02bbAukai Avenue, Waialae-Kahala, Wailupe, K\u0101hala, East Honolulu, Honolulu, Honolulu County, Hawaii, 96821, United States",
        "neighborhood": "unknown",
        "source": "osm",
        "osm_id": 1206772359,
        "osm_type": "way"
      }
    },
    {
      "type": "Feature",
      "geometry": {
        "type": "Point",
        "coordinates": [
          -157.7808374,
          21.2677807
        ]
      },
      "properties": {
        "id": "osm-1206772360",
        "lat": 21.2677807,
        "lon": -157.7808374,
        "name": "",
        "address": "\u02bbAukai Avenue, Waialae-Kahala, Wailupe, K\u0101hala, East Honolulu, Honolulu, Honolulu County, Hawaii, 96821, United States",
        "neighborhood": "unknown",
        "source": "osm",
        "osm_id": 1206772360,
        "osm_type": "way"
      }
    },
    {
      "type": "Feature",
      "geometry": {
        "type": "Point",
        "coordinates": [
          -157.7809113,
          21.2680797
        ]
      },
      "properties": {
        "id": "osm-1206772361",
        "lat": 21.2680797,
        "lon": -157.7809113,
        "name": "",
        "address": "\u02bbAukai Avenue, Waialae-Kahala, K\u0101hala, East Honolulu, Honolulu, Honolulu County, Hawaii, 96821, United States",
        "neighborhood": "unknown",
        "source": "osm",
        "osm_id": 1206772361,
        "osm_type": "way"
      }
    },
    {
      "type": "Feature",
      "geometry": {
        "type": "Point",
        "coordinates": [
          -157.7805373,
          21.2680225
        ]
      },
      "properties": {
        "id": "osm-1206772848",
        "lat": 21.2680225,
        "lon": -157.7805373,
        "name": "",
        "address": "Kahala Avenue, Waialae-Kahala, Black Point, K\u0101hala, East Honolulu, Honolulu, Honolulu County, Hawaii, 96821, United States",
        "neighborhood": "unknown",
        "source": "osm",
        "osm_id": 1206772848,
        "osm_type": "way"
      }
    },
    {
      "type": "Feature",
      "geometry": {
        "type": "Point",
        "coordinates": [
          -157.7815432,
          21.2694576
        ]
      },
      "properties": {
        "id": "osm-1206773048",
        "lat": 21.2694576,
        "lon": -157.7815432,
        "name": "",
        "address": "Pueo Street, Waialae-Kahala, K\u0101hala, East Honolulu, Honolulu, Honolulu County, Hawaii, 96821, United States",
        "neighborhood": "unknown",
        "source": "osm",
        "osm_id": 1206773048,
        "osm_type": "way"
      }
    },
    {
      "type": "Feature",
      "geometry": {
        "type": "Point",
        "coordinates": [
          -157.7832011,
          21.269897
        ]
      },
      "properties": {
        "id": "osm-1206783904",
        "lat": 21.269897,
        "lon": -157.7832011,
        "name": "",
        "address": "Kolohala Street, Waialae-Kahala, K\u0101hala, East Honolulu, Honolulu, Honolulu County, Hawaii, 96821, United States",
        "neighborhood": "unknown",
        "source": "osm",
        "osm_id": 1206783904,
        "osm_type": "way"
      }
    },
    {
      "type": "Feature",
      "geometry": {
        "type": "Point",
        "coordinates": [
          -157.7828674,
          21.2699802
        ]
      },
      "properties": {
        "id": "osm-1206784175",
        "lat": 21.2699802,
        "lon": -157.7828674,
        "name": "",
        "address": "4881, Kolohala Street, Waialae-Kahala, Wailupe, K\u0101hala, East Honolulu, Honolulu, Honolulu County, Hawaii, 96816, United States",
        "neighborhood": "unknown",
        "source": "osm",
        "osm_id": 1206784175,
        "osm_type": "way"
      }
    },
    {
      "type": "Feature",
      "geometry": {
        "type": "Point",
        "coordinates": [
          -157.7827959,
          21.2702136
        ]
      },
      "properties": {
        "id": "osm-1206785703",
        "lat": 21.2702136,
        "lon": -157.7827959,
        "name": "",
        "address": "Pueo Street, Waialae-Kahala, K\u0101hala, East Honolulu, Honolulu, Honolulu County, Hawaii, 96821, United States",
        "neighborhood": "unknown",
        "source": "osm",
        "osm_id": 1206785703,
        "osm_type": "way"
      }
    },
    {
      "type": "Feature",
      "geometry": {
        "type": "Point",
        "coordinates": [
          -157.7828199,
          21.2704456
        ]
      },
      "properties": {
        "id": "osm-1206785705",
        "lat": 21.2704456,
        "lon": -157.7828199,
        "name": "",
        "address": "Pueo Street + Farmers Road, Pueo Street, Waialae-Kahala, Wailupe, K\u0101hala, East Honolulu, Honolulu, Honolulu County, Hawaii, 96821, United States",
        "neighborhood": "unknown",
        "source": "osm",
        "osm_id": 1206785705,
        "osm_type": "way"
      }
    },
    {
      "type": "Feature",
      "geometry": {
        "type": "Point",
        "coordinates": [
          -157.7822413,
          21.2698477
        ]
      },
      "properties": {
        "id": "osm-1206785709",
        "lat": 21.2698477,
        "lon": -157.7822413,
        "name": "",
        "address": "Pueo Street, Waialae-Kahala, K\u0101hala, East Honolulu, Honolulu, Honolulu County, Hawaii, 96821, United States",
        "neighborhood": "unknown",
        "source": "osm",
        "osm_id": 1206785709,
        "osm_type": "way"
      }
    },
    {
      "type": "Feature",
      "geometry": {
        "type": "Point",
        "coordinates": [
          -157.7827847,
          21.2697323
        ]
      },
      "properties": {
        "id": "osm-1206785712",
        "lat": 21.2697323,
        "lon": -157.7827847,
        "name": "",
        "address": "Kolohala Street, Waialae-Kahala, K\u0101hala, East Honolulu, Honolulu, Honolulu County, Hawaii, 96821, United States",
        "neighborhood": "unknown",
        "source": "osm",
        "osm_id": 1206785712,
        "osm_type": "way"
      }
    },
    {
      "type": "Feature",
      "geometry": {
        "type": "Point",
        "coordinates": [
          -157.7822554,
          21.2696659
        ]
      },
      "properties": {
        "id": "osm-1206785715",
        "lat": 21.2696659,
        "lon": -157.7822554,
        "name": "",
        "address": "Kolohala Street, Waialae-Kahala, K\u0101hala, East Honolulu, Honolulu, Honolulu County, Hawaii, 96821, United States",
        "neighborhood": "unknown",
        "source": "osm",
        "osm_id": 1206785715,
        "osm_type": "way"
      }
    },
    {
      "type": "Feature",
      "geometry": {
        "type": "Point",
        "coordinates": [
          -157.7821232,
          21.2691622
        ]
      },
      "properties": {
        "id": "osm-1206785718",
        "lat": 21.2691622,
        "lon": -157.7821232,
        "name": "",
        "address": "Kolohala Street, Waialae-Kahala, K\u0101hala, East Honolulu, Honolulu, Honolulu County, Hawaii, 96821, United States",
        "neighborhood": "unknown",
        "source": "osm",
        "osm_id": 1206785718,
        "osm_type": "way"
      }
    },
    {
      "type": "Feature",
      "geometry": {
        "type": "Point",
        "coordinates": [
          -157.781651,
          21.2691626
        ]
      },
      "properties": {
        "id": "osm-1206785720",
        "lat": 21.2691626,
        "lon": -157.781651,
        "name": "",
        "address": "Kolohala Street, Waialae-Kahala, K\u0101hala, East Honolulu, Honolulu, Honolulu County, Hawaii, 96821, United States",
        "neighborhood": "unknown",
        "source": "osm",
        "osm_id": 1206785720,
        "osm_type": "way"
      }
    },
    {
      "type": "Feature",
      "geometry": {
        "type": "Point",
        "coordinates": [
          -157.7815544,
          21.2688365
        ]
      },
      "properties": {
        "id": "osm-1206785722",
        "lat": 21.2688365,
        "lon": -157.7815544,
        "name": "",
        "address": "Kolohala Street, Waialae-Kahala, K\u0101hala, East Honolulu, Honolulu, Honolulu County, Hawaii, 96821, United States",
        "neighborhood": "unknown",
        "source": "osm",
        "osm_id": 1206785722,
        "osm_type": "way"
      }
    },
    {
      "type": "Feature",
      "geometry": {
        "type": "Point",
        "coordinates": [
          -157.7814542,
          21.2686724
        ]
      },
      "properties": {
        "id": "osm-1206785724",
        "lat": 21.2686724,
        "lon": -157.7814542,
        "name": "",
        "address": "\u02bbAukai Avenue, Waialae-Kahala, K\u0101hala, East Honolulu, Honolulu, Honolulu County, Hawaii, 96821, United States",
        "neighborhood": "unknown",
        "source": "osm",
        "osm_id": 1206785724,
        "osm_type": "way"
      }
    },
    {
      "type": "Feature",
      "geometry": {
        "type": "Point",
        "coordinates": [
          -157.7814608,
          21.2684157
        ]
      },
      "properties": {
        "id": "osm-1206785747",
        "lat": 21.2684157,
        "lon": -157.7814608,
        "name": "",
        "address": "\u02bbAukai Avenue, Waialae-Kahala, K\u0101hala, East Honolulu, Honolulu, Honolulu County, Hawaii, 96821, United States",
        "neighborhood": "unknown",
        "source": "osm",
        "osm_id": 1206785747,
        "osm_type": "way"
      }
    },
    {
      "type": "Feature",
      "geometry": {
        "type": "Point",
        "coordinates": [
          -157.7818626,
          21.2681307
        ]
      },
      "properties": {
        "id": "osm-1206973875",
        "lat": 21.2681307,
        "lon": -157.7818626,
        "name": "",
        "address": "Kolohala Street, Waialae-Kahala, K\u0101hala, East Honolulu, Honolulu, Honolulu County, Hawaii, 96821, United States",
        "neighborhood": "unknown",
        "source": "osm",
        "osm_id": 1206973875,
        "osm_type": "way"
      }
    },
    {
      "type": "Feature",
      "geometry": {
        "type": "Point",
        "coordinates": [
          -157.7819465,
          21.2679262
        ]
      },
      "properties": {
        "id": "osm-1206973877",
        "lat": 21.2679262,
        "lon": -157.7819465,
        "name": "",
        "address": "\u02bbAukai Avenue, Waialae-Kahala, Wailupe, K\u0101hala, East Honolulu, Honolulu, Honolulu County, Hawaii, 96821, United States",
        "neighborhood": "unknown",
        "source": "osm",
        "osm_id": 1206973877,
        "osm_type": "way"
      }
    },
    {
      "type": "Feature",
      "geometry": {
        "type": "Point",
        "coordinates": [
          -157.7822487,
          21.267549
        ]
      },
      "properties": {
        "id": "osm-1206973880",
        "lat": 21.267549,
        "lon": -157.7822487,
        "name": "",
        "address": "\u02bbAukai Avenue, Waialae-Kahala, Wailupe, K\u0101hala, East Honolulu, Honolulu, Honolulu County, Hawaii, 96821, United States",
        "neighborhood": "unknown",
        "source": "osm",
        "osm_id": 1206973880,
        "osm_type": "way"
      }
    },
    {
      "type": "Feature",
      "geometry": {
        "type": "Point",
        "coordinates": [
          -157.7826077,
          21.2670982
        ]
      },
      "properties": {
        "id": "osm-1206973884",
        "lat": 21.2670982,
        "lon": -157.7826077,
        "name": "",
        "address": "Koloa Street, Waialae-Kahala, K\u0101hala, East Honolulu, Honolulu, Honolulu County, Hawaii, 96821, United States",
        "neighborhood": "unknown",
        "source": "osm",
        "osm_id": 1206973884,
        "osm_type": "way"
      }
    },
    {
      "type": "Feature",
      "geometry": {
        "type": "Point",
        "coordinates": [
          -157.782171,
          21.2674171
        ]
      },
      "properties": {
        "id": "osm-1207016710",
        "lat": 21.2674171,
        "lon": -157.782171,
        "name": "",
        "address": "\u02bbAukai Avenue, Waialae-Kahala, K\u0101hala, East Honolulu, Honolulu, Honolulu County, Hawaii, 96821, United States",
        "neighborhood": "unknown",
        "source": "osm",
        "osm_id": 1207016710,
        "osm_type": "way"
      }
    },
    {
      "type": "Feature",
      "geometry": {
        "type": "Point",
        "coordinates": [
          -157.781967,
          21.2675321
        ]
      },
      "properties": {
        "id": "osm-1207017338",
        "lat": 21.2675321,
        "lon": -157.781967,
        "name": "",
        "address": "\u02bbAukai Avenue, Waialae-Kahala, Wailupe, K\u0101hala, East Honolulu, Honolulu, Honolulu County, Hawaii, 96821, United States",
        "neighborhood": "unknown",
        "source": "osm",
        "osm_id": 1207017338,
        "osm_type": "way"
      }
    },
    {
      "type": "Feature",
      "geometry": {
        "type": "Point",
        "coordinates": [
          -157.781837,
          21.2678679
        ]
      },
      "properties": {
        "id": "osm-1207017340",
        "lat": 21.2678679,
        "lon": -157.781837,
        "name": "",
        "address": "\u02bbAukai Avenue, Waialae-Kahala, K\u0101hala, East Honolulu, Honolulu, Honolulu County, Hawaii, 96821, United States",
        "neighborhood": "unknown",
        "source": "osm",
        "osm_id": 1207017340,
        "osm_type": "way"
      }
    },
    {
      "type": "Feature",
      "geometry": {
        "type": "Point",
        "coordinates": [
          -157.7813587,
          21.2685372
        ]
      },
      "properties": {
        "id": "osm-1207017889",
        "lat": 21.2685372,
        "lon": -157.7813587,
        "name": "",
        "address": "\u02bbAukai Avenue, Waialae-Kahala, K\u0101hala, East Honolulu, Honolulu, Honolulu County, Hawaii, 96821, United States",
        "neighborhood": "unknown",
        "source": "osm",
        "osm_id": 1207017889,
        "osm_type": "way"
      }
    },
    {
      "type": "Feature",
      "geometry": {
        "type": "Point",
        "coordinates": [
          -157.7804092,
          21.2684303
        ]
      },
      "properties": {
        "id": "osm-1207018870",
        "lat": 21.2684303,
        "lon": -157.7804092,
        "name": "",
        "address": "\u02bbAukai Avenue, Waialae-Kahala, K\u0101hala, East Honolulu, Honolulu, Honolulu County, Hawaii, 96821, United States",
        "neighborhood": "unknown",
        "source": "osm",
        "osm_id": 1207018870,
        "osm_type": "way"
      }
    },
    {
      "type": "Feature",
      "geometry": {
        "type": "Point",
        "coordinates": [
          -157.780086,
          21.2684316
        ]
      },
      "properties": {
        "id": "osm-1207018871",
        "lat": 21.2684316,
        "lon": -157.780086,
        "name": "",
        "address": "Kahala Avenue, Waialae-Kahala, Black Point, K\u0101hala, East Honolulu, Honolulu, Honolulu County, Hawaii, 96821, United States",
        "neighborhood": "unknown",
        "source": "osm",
        "osm_id": 1207018871,
        "osm_type": "way"
      }
    },
    {
      "type": "Feature",
      "geometry": {
        "type": "Point",
        "coordinates": [
          -157.7803245,
          21.2688578
        ]
      },
      "properties": {
        "id": "osm-1207018872",
        "lat": 21.2688578,
        "lon": -157.7803245,
        "name": "",
        "address": "\u02bbAukai Avenue, Waialae-Kahala, K\u0101hala, East Honolulu, Honolulu, Honolulu County, Hawaii, 96821, United States",
        "neighborhood": "unknown",
        "source": "osm",
        "osm_id": 1207018872,
        "osm_type": "way"
      }
    },
    {
      "type": "Feature",
      "geometry": {
        "type": "Point",
        "coordinates": [
          -157.7818392,
          21.2696615
        ]
      },
      "properties": {
        "id": "osm-1207019570",
        "lat": 21.2696615,
        "lon": -157.7818392,
        "name": "",
        "address": "Pueo Street, Waialae-Kahala, K\u0101hala, East Honolulu, Honolulu, Honolulu County, Hawaii, 96821, United States",
        "neighborhood": "unknown",
        "source": "osm",
        "osm_id": 1207019570,
        "osm_type": "way"
      }
    },
    {
      "type": "Feature",
      "geometry": {
        "type": "Point",
        "coordinates": [
          -157.7820551,
          21.269749
        ]
      },
      "properties": {
        "id": "osm-1207019571",
        "lat": 21.269749,
        "lon": -157.7820551,
        "name": "",
        "address": "Pueo Street, Waialae-Kahala, K\u0101hala, East Honolulu, Honolulu, Honolulu County, Hawaii, 96821, United States",
        "neighborhood": "unknown",
        "source": "osm",
        "osm_id": 1207019571,
        "osm_type": "way"
      }
    },
    {
      "type": "Feature",
      "geometry": {
        "type": "Point",
        "coordinates": [
          -157.7817581,
          21.2695467
        ]
      },
      "properties": {
        "id": "osm-1207019572",
        "lat": 21.2695467,
        "lon": -157.7817581,
        "name": "",
        "address": "Pueo Street, Waialae-Kahala, Wailupe, K\u0101hala, East Honolulu, Honolulu, Honolulu County, Hawaii, 96821, United States",
        "neighborhood": "unknown",
        "source": "osm",
        "osm_id": 1207019572,
        "osm_type": "way"
      }
    },
    {
      "type": "Feature",
      "geometry": {
        "type": "Point",
        "coordinates": [
          -157.7809959,
          21.2690464
        ]
      },
      "properties": {
        "id": "osm-1207019574",
        "lat": 21.2690464,
        "lon": -157.7809959,
        "name": "",
        "address": "Pueo Street, Waialae-Kahala, K\u0101hala, East Honolulu, Honolulu, Honolulu County, Hawaii, 96821, United States",
        "neighborhood": "unknown",
        "source": "osm",
        "osm_id": 1207019574,
        "osm_type": "way"
      }
    },
    {
      "type": "Feature",
      "geometry": {
        "type": "Point",
        "coordinates": [
          -157.7808184,
          21.269148
        ]
      },
      "properties": {
        "id": "osm-1207019575",
        "lat": 21.269148,
        "lon": -157.7808184,
        "name": "",
        "address": "Pueo Street, Waialae-Kahala, K\u0101hala, East Honolulu, Honolulu, Honolulu County, Hawaii, 96821, United States",
        "neighborhood": "unknown",
        "source": "osm",
        "osm_id": 1207019575,
        "osm_type": "way"
      }
    },
    {
      "type": "Feature",
      "geometry": {
        "type": "Point",
        "coordinates": [
          -157.7810619,
          21.2688506
        ]
      },
      "properties": {
        "id": "osm-1207019576",
        "lat": 21.2688506,
        "lon": -157.7810619,
        "name": "",
        "address": "\u02bbAukai Avenue, Waialae-Kahala, K\u0101hala, East Honolulu, Honolulu, Honolulu County, Hawaii, 96821, United States",
        "neighborhood": "unknown",
        "source": "osm",
        "osm_id": 1207019576,
        "osm_type": "way"
      }
    },
    {
      "type": "Feature",
      "geometry": {
        "type": "Point",
        "coordinates": [
          -157.7813607,
          21.2691381
        ]
      },
      "properties": {
        "id": "osm-1207078311",
        "lat": 21.2691381,
        "lon": -157.7813607,
        "name": "",
        "address": "Pueo Street, Waialae-Kahala, Wailupe, K\u0101hala, East Honolulu, Honolulu, Honolulu County, Hawaii, 96821, United States",
        "neighborhood": "unknown",
        "source": "osm",
        "osm_id": 1207078311,
        "osm_type": "way"
      }
    },
    {
      "type": "Feature",
      "geometry": {
        "type": "Point",
        "coordinates": [
          -157.7811282,
          21.2690726
        ]
      },
      "properties": {
        "id": "osm-1207078489",
        "lat": 21.2690726,
        "lon": -157.7811282,
        "name": "",
        "address": "Pueo Street, Waialae-Kahala, K\u0101hala, East Honolulu, Honolulu, Honolulu County, Hawaii, 96821, United States",
        "neighborhood": "unknown",
        "source": "osm",
        "osm_id": 1207078489,
        "osm_type": "way"
      }
    },
    {
      "type": "Feature",
      "geometry": {
        "type": "Point",
        "coordinates": [
          -157.7854564,
          21.270522
        ]
      },
      "properties": {
        "id": "osm-1207078831",
        "lat": 21.270522,
        "lon": -157.7854564,
        "name": "",
        "address": "Kolohala Street, Waialae-Kahala, K\u0101hala, East Honolulu, Honolulu, Honolulu County, Hawaii, 96821, United States",
        "neighborhood": "unknown",
        "source": "osm",
        "osm_id": 1207078831,
        "osm_type": "way"
      }
    },
    {
      "type": "Feature",
      "geometry": {
        "type": "Point",
        "coordinates": [
          -157.7836449,
          21.2704018
        ]
      },
      "properties": {
        "id": "osm-1207079471",
        "lat": 21.2704018,
        "lon": -157.7836449,
        "name": "",
        "address": "Kolohala Street, Waialae-Kahala, K\u0101hala, East Honolulu, Honolulu, Honolulu County, Hawaii, 96821, United States",
        "neighborhood": "unknown",
        "source": "osm",
        "osm_id": 1207079471,
        "osm_type": "way"
      }
    },
    {
      "type": "Feature",
      "geometry": {
        "type": "Point",
        "coordinates": [
          -157.7854004,
          21.2704002
        ]
      },
      "properties": {
        "id": "osm-1207082334",
        "lat": 21.2704002,
        "lon": -157.7854004,
        "name": "",
        "address": "Noio Street, Waialae-Kahala, K\u0101hala, East Honolulu, Honolulu, Honolulu County, Hawaii, 96821, United States",
        "neighborhood": "unknown",
        "source": "osm",
        "osm_id": 1207082334,
        "osm_type": "way"
      }
    },
    {
      "type": "Feature",
      "geometry": {
        "type": "Point",
        "coordinates": [
          -157.7859103,
          21.2705857
        ]
      },
      "properties": {
        "id": "osm-1207082376",
        "lat": 21.2705857,
        "lon": -157.7859103,
        "name": "",
        "address": "1085, Noio Street, Waialae-Kahala, Wailupe, K\u0101hala, East Honolulu, Honolulu, Honolulu County, Hawaii, 96816, United States",
        "neighborhood": "unknown",
        "source": "osm",
        "osm_id": 1207082376,
        "osm_type": "way"
      }
    },
    {
      "type": "Feature",
      "geometry": {
        "type": "Point",
        "coordinates": [
          -157.7860671,
          21.2716735
        ]
      },
      "properties": {
        "id": "osm-1207082928",
        "lat": 21.2716735,
        "lon": -157.7860671,
        "name": "",
        "address": "Kilauea Avenue, Waialae-Kahala, K\u0101hala, East Honolulu, Honolulu, Honolulu County, Hawaii, 96821, United States",
        "neighborhood": "unknown",
        "source": "osm",
        "osm_id": 1207082928,
        "osm_type": "way"
      }
    },
    {
      "type": "Feature",
      "geometry": {
        "type": "Point",
        "coordinates": [
          -157.7858801,
          21.2716924
        ]
      },
      "properties": {
        "id": "osm-1207082929",
        "lat": 21.2716924,
        "lon": -157.7858801,
        "name": "",
        "address": "Kilauea Avenue, Waialae-Kahala, K\u0101hala, East Honolulu, Honolulu, Honolulu County, Hawaii, 96821, United States",
        "neighborhood": "unknown",
        "source": "osm",
        "osm_id": 1207082929,
        "osm_type": "way"
      }
    },
    {
      "type": "Feature",
      "geometry": {
        "type": "Point",
        "coordinates": [
          -157.7854638,
          21.2714523
        ]
      },
      "properties": {
        "id": "osm-1207082930",
        "lat": 21.2714523,
        "lon": -157.7854638,
        "name": "",
        "address": "Pueo Street, Waialae-Kahala, K\u0101hala, East Honolulu, Honolulu, Honolulu County, Hawaii, 96821, United States",
        "neighborhood": "unknown",
        "source": "osm",
        "osm_id": 1207082930,
        "osm_type": "way"
      }
    },
    {
      "type": "Feature",
      "geometry": {
        "type": "Point",
        "coordinates": [
          -157.7852625,
          21.2711395
        ]
      },
      "properties": {
        "id": "osm-1207082931",
        "lat": 21.2711395,
        "lon": -157.7852625,
        "name": "",
        "address": "Kolohala Street, Waialae-Kahala, K\u0101hala, East Honolulu, Honolulu, Honolulu County, Hawaii, 96821, United States",
        "neighborhood": "unknown",
        "source": "osm",
        "osm_id": 1207082931,
        "osm_type": "way"
      }
    },
    {
      "type": "Feature",
      "geometry": {
        "type": "Point",
        "coordinates": [
          -157.7852388,
          21.2717437
        ]
      },
      "properties": {
        "id": "osm-1207082932",
        "lat": 21.2717437,
        "lon": -157.7852388,
        "name": "",
        "address": "Pueo Street, Waialae-Kahala, K\u0101hala, East Honolulu, Honolulu, Honolulu County, Hawaii, 96821, United States",
        "neighborhood": "unknown",
        "source": "osm",
        "osm_id": 1207082932,
        "osm_type": "way"
      }
    },
    {
      "type": "Feature",
      "geometry": {
        "type": "Point",
        "coordinates": [
          -157.7851861,
          21.2714319
        ]
      },
      "properties": {
        "id": "osm-1207082933",
        "lat": 21.2714319,
        "lon": -157.7851861,
        "name": "",
        "address": "Pueo Street, Waialae-Kahala, K\u0101hala, East Honolulu, Honolulu, Honolulu County, Hawaii, 96821, United States",
        "neighborhood": "unknown",
        "source": "osm",
        "osm_id": 1207082933,
        "osm_type": "way"
      }
    },
    {
      "type": "Feature",
      "geometry": {
        "type": "Point",
        "coordinates": [
          -157.7850228,
          21.2711551
        ]
      },
      "properties": {
        "id": "osm-1207082934",
        "lat": 21.2711551,
        "lon": -157.7850228,
        "name": "",
        "address": "Kolohala Street, Waialae-Kahala, K\u0101hala, East Honolulu, Honolulu, Honolulu County, Hawaii, 96821, United States",
        "neighborhood": "unknown",
        "source": "osm",
        "osm_id": 1207082934,
        "osm_type": "way"
      }
    },
    {
      "type": "Feature",
      "geometry": {
        "type": "Point",
        "coordinates": [
          -157.784969,
          21.2713336
        ]
      },
      "properties": {
        "id": "osm-1207082935",
        "lat": 21.2713336,
        "lon": -157.784969,
        "name": "",
        "address": "Pueo Street, Waialae-Kahala, K\u0101hala, East Honolulu, Honolulu, Honolulu County, Hawaii, 96821, United States",
        "neighborhood": "unknown",
        "source": "osm",
        "osm_id": 1207082935,
        "osm_type": "way"
      }
    },
    {
      "type": "Feature",
      "geometry": {
        "type": "Point",
        "coordinates": [
          -157.7834246,
          21.2702115
        ]
      },
      "properties": {
        "id": "osm-1207084989",
        "lat": 21.2702115,
        "lon": -157.7834246,
        "name": "",
        "address": "Farmers Road, Waialae-Kahala, K\u0101hala, East Honolulu, Honolulu, Honolulu County, Hawaii, 96821, United States",
        "neighborhood": "unknown",
        "source": "osm",
        "osm_id": 1207084989,
        "osm_type": "way"
      }
    },
    {
      "type": "Feature",
      "geometry": {
        "type": "Point",
        "coordinates": [
          -157.7862013,
          21.2714174
        ]
      },
      "properties": {
        "id": "osm-1207084994",
        "lat": 21.2714174,
        "lon": -157.7862013,
        "name": "",
        "address": "4995, Kolohala Street, Waialae-Kahala, Wailupe, K\u0101hala, East Honolulu, Honolulu, Honolulu County, Hawaii, 96816, United States",
        "neighborhood": "unknown",
        "source": "osm",
        "osm_id": 1207084994,
        "osm_type": "way"
      }
    },
    {
      "type": "Feature",
      "geometry": {
        "type": "Point",
        "coordinates": [
          -158.0852711,
          21.3496949
        ]
      },
      "properties": {
        "id": "osm-1207378790",
        "lat": 21.3496949,
        "lon": -158.0852711,
        "name": "",
        "address": "Aoloko Street, Makakilo Gardens I, Makakilo City, Kapolei, Honolulu County, Hawaii, 96707, United States",
        "neighborhood": "kapolei",
        "source": "osm",
        "osm_id": 1207378790,
        "osm_type": "way"
      }
    },
    {
      "type": "Feature",
      "geometry": {
        "type": "Point",
        "coordinates": [
          -157.7841322,
          21.2704834
        ]
      },
      "properties": {
        "id": "osm-1208217995",
        "lat": 21.2704834,
        "lon": -157.7841322,
        "name": "",
        "address": "Kolohala Street, Waialae-Kahala, K\u0101hala, East Honolulu, Honolulu, Honolulu County, Hawaii, 96821, United States",
        "neighborhood": "unknown",
        "source": "osm",
        "osm_id": 1208217995,
        "osm_type": "way"
      }
    },
    {
      "type": "Feature",
      "geometry": {
        "type": "Point",
        "coordinates": [
          -157.7844761,
          21.2706144
        ]
      },
      "properties": {
        "id": "osm-1208329804",
        "lat": 21.2706144,
        "lon": -157.7844761,
        "name": "",
        "address": "Kolohala Street, Waialae-Kahala, K\u0101hala, East Honolulu, Honolulu, Honolulu County, Hawaii, 96821, United States",
        "neighborhood": "unknown",
        "source": "osm",
        "osm_id": 1208329804,
        "osm_type": "way"
      }
    },
    {
      "type": "Feature",
      "geometry": {
        "type": "Point",
        "coordinates": [
          -157.7849269,
          21.2710862
        ]
      },
      "properties": {
        "id": "osm-1208329807",
        "lat": 21.2710862,
        "lon": -157.7849269,
        "name": "",
        "address": "4963, Kolohala Street, Waialae-Kahala, Wailupe, K\u0101hala, East Honolulu, Honolulu, Honolulu County, Hawaii, 96816, United States",
        "neighborhood": "unknown",
        "source": "osm",
        "osm_id": 1208329807,
        "osm_type": "way"
      }
    },
    {
      "type": "Feature",
      "geometry": {
        "type": "Point",
        "coordinates": [
          -157.7846894,
          21.270954
        ]
      },
      "properties": {
        "id": "osm-1208329814",
        "lat": 21.270954,
        "lon": -157.7846894,
        "name": "",
        "address": "Kolohala Street, Waialae-Kahala, K\u0101hala, East Honolulu, Honolulu, Honolulu County, Hawaii, 96821, United States",
        "neighborhood": "unknown",
        "source": "osm",
        "osm_id": 1208329814,
        "osm_type": "way"
      }
    },
    {
      "type": "Feature",
      "geometry": {
        "type": "Point",
        "coordinates": [
          -157.7839765,
          21.2707876
        ]
      },
      "properties": {
        "id": "osm-1208332076",
        "lat": 21.2707876,
        "lon": -157.7839765,
        "name": "",
        "address": "Pueo Street, Waialae-Kahala, K\u0101hala, East Honolulu, Honolulu, Honolulu County, Hawaii, 96821, United States",
        "neighborhood": "unknown",
        "source": "osm",
        "osm_id": 1208332076,
        "osm_type": "way"
      }
    },
    {
      "type": "Feature",
      "geometry": {
        "type": "Point",
        "coordinates": [
          -157.7813802,
          21.2713616
        ]
      },
      "properties": {
        "id": "osm-1208332679",
        "lat": 21.2713616,
        "lon": -157.7813802,
        "name": "",
        "address": "Waiohinu Drive, Waialae-Kahala, K\u0101hala, East Honolulu, Honolulu, Honolulu County, Hawaii, 96821, United States",
        "neighborhood": "unknown",
        "source": "osm",
        "osm_id": 1208332679,
        "osm_type": "way"
      }
    },
    {
      "type": "Feature",
      "geometry": {
        "type": "Point",
        "coordinates": [
          -157.7809251,
          21.2707525
        ]
      },
      "properties": {
        "id": "osm-1208332681",
        "lat": 21.2707525,
        "lon": -157.7809251,
        "name": "",
        "address": "938, Makaiwa Street, Waialae-Kahala, Wailupe, K\u0101hala, East Honolulu, Honolulu, Honolulu County, Hawaii, 96816, United States",
        "neighborhood": "unknown",
        "source": "osm",
        "osm_id": 1208332681,
        "osm_type": "way"
      }
    },
    {
      "type": "Feature",
      "geometry": {
        "type": "Point",
        "coordinates": [
          -157.7869467,
          21.2701641
        ]
      },
      "properties": {
        "id": "osm-1208866207",
        "lat": 21.2701641,
        "lon": -157.7869467,
        "name": "",
        "address": "Onaha Street, Waialae-Kahala, Black Point, K\u0101hala, East Honolulu, Honolulu, Honolulu County, Hawaii, 96821, United States",
        "neighborhood": "unknown",
        "source": "osm",
        "osm_id": 1208866207,
        "osm_type": "way"
      }
    },
    {
      "type": "Feature",
      "geometry": {
        "type": "Point",
        "coordinates": [
          -157.786966,
          21.2699451
        ]
      },
      "properties": {
        "id": "osm-1208866208",
        "lat": 21.2699451,
        "lon": -157.786966,
        "name": "",
        "address": "1111, Koloa Street, Waialae-Kahala, Wailupe, K\u0101hala, East Honolulu, Honolulu, Honolulu County, Hawaii, 96816, United States",
        "neighborhood": "unknown",
        "source": "osm",
        "osm_id": 1208866208,
        "osm_type": "way"
      }
    },
    {
      "type": "Feature",
      "geometry": {
        "type": "Point",
        "coordinates": [
          -157.7878953,
          21.2699187
        ]
      },
      "properties": {
        "id": "osm-1208866209",
        "lat": 21.2699187,
        "lon": -157.7878953,
        "name": "",
        "address": "4365, Kilauea Avenue, Waialae-Kahala, K\u0101hala, East Honolulu, Honolulu, Honolulu County, Hawaii, 96816, United States",
        "neighborhood": "unknown",
        "source": "osm",
        "osm_id": 1208866209,
        "osm_type": "way"
      }
    },
    {
      "type": "Feature",
      "geometry": {
        "type": "Point",
        "coordinates": [
          -157.7888084,
          21.2687638
        ]
      },
      "properties": {
        "id": "osm-1208866210",
        "lat": 21.2687638,
        "lon": -157.7888084,
        "name": "",
        "address": "Hunakai Street, Waialae-Kahala, K\u0101hala, East Honolulu, Honolulu, Honolulu County, Hawaii, 96821, United States",
        "neighborhood": "unknown",
        "source": "osm",
        "osm_id": 1208866210,
        "osm_type": "way"
      }
    },
    {
      "type": "Feature",
      "geometry": {
        "type": "Point",
        "coordinates": [
          -157.7886218,
          21.2688414
        ]
      },
      "properties": {
        "id": "osm-1208866211",
        "lat": 21.2688414,
        "lon": -157.7886218,
        "name": "",
        "address": "Koloa Street, Waialae-Kahala, K\u0101hala, East Honolulu, Honolulu, Honolulu County, Hawaii, 96821, United States",
        "neighborhood": "unknown",
        "source": "osm",
        "osm_id": 1208866211,
        "osm_type": "way"
      }
    },
    {
      "type": "Feature",
      "geometry": {
        "type": "Point",
        "coordinates": [
          -157.7885976,
          21.2692131
        ]
      },
      "properties": {
        "id": "osm-1208866214",
        "lat": 21.2692131,
        "lon": -157.7885976,
        "name": "",
        "address": "Kilauea Avenue, Waialae-Kahala, K\u0101hala, East Honolulu, Honolulu, Honolulu County, Hawaii, 96821, United States",
        "neighborhood": "unknown",
        "source": "osm",
        "osm_id": 1208866214,
        "osm_type": "way"
      }
    },
    {
      "type": "Feature",
      "geometry": {
        "type": "Point",
        "coordinates": [
          -157.7884643,
          21.2694239
        ]
      },
      "properties": {
        "id": "osm-1208866216",
        "lat": 21.2694239,
        "lon": -157.7884643,
        "name": "",
        "address": "Kilauea Avenue, Waialae-Kahala, K\u0101hala, East Honolulu, Honolulu, Honolulu County, Hawaii, 96821, United States",
        "neighborhood": "unknown",
        "source": "osm",
        "osm_id": 1208866216,
        "osm_type": "way"
      }
    },
    {
      "type": "Feature",
      "geometry": {
        "type": "Point",
        "coordinates": [
          -157.7881236,
          21.2697471
        ]
      },
      "properties": {
        "id": "osm-1208866219",
        "lat": 21.2697471,
        "lon": -157.7881236,
        "name": "",
        "address": "4351, Kilauea Avenue, Waialae-Kahala, K\u0101hala, East Honolulu, Honolulu, Honolulu County, Hawaii, 96816, United States",
        "neighborhood": "unknown",
        "source": "osm",
        "osm_id": 1208866219,
        "osm_type": "way"
      }
    },
    {
      "type": "Feature",
      "geometry": {
        "type": "Point",
        "coordinates": [
          -157.9086959,
          21.3407917
        ]
      },
      "properties": {
        "id": "osm-1208880578",
        "lat": 21.3407917,
        "lon": -157.9086959,
        "name": "",
        "address": "Pool Street, Salt Lake, Honolulu, Honolulu County, Hawaii, 96820, United States",
        "neighborhood": "unknown",
        "source": "osm",
        "osm_id": 1208880578,
        "osm_type": "way"
      }
    },
    {
      "type": "Feature",
      "geometry": {
        "type": "Point",
        "coordinates": [
          -157.7847375,
          21.271265
        ]
      },
      "properties": {
        "id": "osm-1210481173",
        "lat": 21.271265,
        "lon": -157.7847375,
        "name": "",
        "address": "1118, Pueo Street, Waialae-Kahala, Wailupe, K\u0101hala, East Honolulu, Honolulu, Honolulu County, Hawaii, 96816, United States",
        "neighborhood": "unknown",
        "source": "osm",
        "osm_id": 1210481173,
        "osm_type": "way"
      }
    },
    {
      "type": "Feature",
      "geometry": {
        "type": "Point",
        "coordinates": [
          -157.7876986,
          21.2701224
        ]
      },
      "properties": {
        "id": "osm-1210856114",
        "lat": 21.2701224,
        "lon": -157.7876986,
        "name": "",
        "address": "4377, Kilauea Avenue, Waialae-Kahala, K\u0101hala, East Honolulu, Honolulu, Honolulu County, Hawaii, 96816, United States",
        "neighborhood": "unknown",
        "source": "osm",
        "osm_id": 1210856114,
        "osm_type": "way"
      }
    },
    {
      "type": "Feature",
      "geometry": {
        "type": "Point",
        "coordinates": [
          -157.7873683,
          21.2702211
        ]
      },
      "properties": {
        "id": "osm-1210856116",
        "lat": 21.2702211,
        "lon": -157.7873683,
        "name": "",
        "address": "4391, Kilauea Avenue, Waialae-Kahala, K\u0101hala, East Honolulu, Honolulu, Honolulu County, Hawaii, 96816, United States",
        "neighborhood": "unknown",
        "source": "osm",
        "osm_id": 1210856116,
        "osm_type": "way"
      }
    },
    {
      "type": "Feature",
      "geometry": {
        "type": "Point",
        "coordinates": [
          -157.786901,
          21.2706906
        ]
      },
      "properties": {
        "id": "osm-1210856122",
        "lat": 21.2706906,
        "lon": -157.786901,
        "name": "",
        "address": "Onaha Street, Waialae-Kahala, Black Point, K\u0101hala, East Honolulu, Honolulu, Honolulu County, Hawaii, 96821, United States",
        "neighborhood": "unknown",
        "source": "osm",
        "osm_id": 1210856122,
        "osm_type": "way"
      }
    },
    {
      "type": "Feature",
      "geometry": {
        "type": "Point",
        "coordinates": [
          -157.7868357,
          21.2706539
        ]
      },
      "properties": {
        "id": "osm-1210856123",
        "lat": 21.2706539,
        "lon": -157.7868357,
        "name": "",
        "address": "Onaha Street, Waialae-Kahala, Black Point, K\u0101hala, East Honolulu, Honolulu, Honolulu County, Hawaii, 96821, United States",
        "neighborhood": "unknown",
        "source": "osm",
        "osm_id": 1210856123,
        "osm_type": "way"
      }
    },
    {
      "type": "Feature",
      "geometry": {
        "type": "Point",
        "coordinates": [
          -157.7868038,
          21.2704475
        ]
      },
      "properties": {
        "id": "osm-1210856124",
        "lat": 21.2704475,
        "lon": -157.7868038,
        "name": "",
        "address": "928, Onaha Street, Waialae-Kahala, K\u0101hala, East Honolulu, Honolulu, Honolulu County, Hawaii, 96816, United States",
        "neighborhood": "unknown",
        "source": "osm",
        "osm_id": 1210856124,
        "osm_type": "way"
      }
    },
    {
      "type": "Feature",
      "geometry": {
        "type": "Point",
        "coordinates": [
          -157.7884859,
          21.2690674
        ]
      },
      "properties": {
        "id": "osm-1210856127",
        "lat": 21.2690674,
        "lon": -157.7884859,
        "name": "",
        "address": "Koloa Street, Waialae-Kahala, K\u0101hala, East Honolulu, Honolulu, Honolulu County, Hawaii, 96821, United States",
        "neighborhood": "unknown",
        "source": "osm",
        "osm_id": 1210856127,
        "osm_type": "way"
      }
    },
    {
      "type": "Feature",
      "geometry": {
        "type": "Point",
        "coordinates": [
          -157.7898181,
          21.2617482
        ]
      },
      "properties": {
        "id": "osm-1214874864",
        "lat": 21.2617482,
        "lon": -157.7898181,
        "name": "",
        "address": "\u02bbAukai Avenue, Waialae-Kahala, K\u0101hala, East Honolulu, Honolulu, Honolulu County, Hawaii, 96821, United States",
        "neighborhood": "unknown",
        "source": "osm",
        "osm_id": 1214874864,
        "osm_type": "way"
      }
    },
    {
      "type": "Feature",
      "geometry": {
        "type": "Point",
        "coordinates": [
          -157.7901784,
          21.2614122
        ]
      },
      "properties": {
        "id": "osm-1214874865",
        "lat": 21.2614122,
        "lon": -157.7901784,
        "name": "",
        "address": "\u02bbAukai Avenue, Waialae-Kahala, K\u0101hala, East Honolulu, Honolulu, Honolulu County, Hawaii, 96821, United States",
        "neighborhood": "unknown",
        "source": "osm",
        "osm_id": 1214874865,
        "osm_type": "way"
      }
    },
    {
      "type": "Feature",
      "geometry": {
        "type": "Point",
        "coordinates": [
          -157.79032,
          21.2612567
        ]
      },
      "properties": {
        "id": "osm-1214874867",
        "lat": 21.2612567,
        "lon": -157.79032,
        "name": "",
        "address": "\u02bbAukai Avenue, Waialae-Kahala, K\u0101hala, East Honolulu, Honolulu, Honolulu County, Hawaii, 96821, United States",
        "neighborhood": "unknown",
        "source": "osm",
        "osm_id": 1214874867,
        "osm_type": "way"
      }
    },
    {
      "type": "Feature",
      "geometry": {
        "type": "Point",
        "coordinates": [
          -157.7904221,
          21.2611264
        ]
      },
      "properties": {
        "id": "osm-1214874869",
        "lat": 21.2611264,
        "lon": -157.7904221,
        "name": "",
        "address": "4395, \u02bbAukai Avenue, Waialae-Kahala, Wailupe, K\u0101hala, East Honolulu, Honolulu, Honolulu County, Hawaii, 96816, United States",
        "neighborhood": "unknown",
        "source": "osm",
        "osm_id": 1214874869,
        "osm_type": "way"
      }
    },
    {
      "type": "Feature",
      "geometry": {
        "type": "Point",
        "coordinates": [
          -157.7914126,
          21.260898
        ]
      },
      "properties": {
        "id": "osm-1215427260",
        "lat": 21.260898,
        "lon": -157.7914126,
        "name": "",
        "address": "\u02bbAukai Avenue, Waialae-Kahala, K\u0101hala, East Honolulu, Honolulu, Honolulu County, Hawaii, 96821, United States",
        "neighborhood": "unknown",
        "source": "osm",
        "osm_id": 1215427260,
        "osm_type": "way"
      }
    },
    {
      "type": "Feature",
      "geometry": {
        "type": "Point",
        "coordinates": [
          -157.7908517,
          21.261031
        ]
      },
      "properties": {
        "id": "osm-1215427262",
        "lat": 21.261031,
        "lon": -157.7908517,
        "name": "",
        "address": "\u02bbAukai Avenue, Waialae-Kahala, K\u0101hala, East Honolulu, Honolulu, Honolulu County, Hawaii, 96821, United States",
        "neighborhood": "unknown",
        "source": "osm",
        "osm_id": 1215427262,
        "osm_type": "way"
      }
    },
    {
      "type": "Feature",
      "geometry": {
        "type": "Point",
        "coordinates": [
          -157.7911759,
          21.2608936
        ]
      },
      "properties": {
        "id": "osm-1215427264",
        "lat": 21.2608936,
        "lon": -157.7911759,
        "name": "",
        "address": "\u02bbAukai Avenue, Waialae-Kahala, K\u0101hala, East Honolulu, Honolulu, Honolulu County, Hawaii, 96821, United States",
        "neighborhood": "unknown",
        "source": "osm",
        "osm_id": 1215427264,
        "osm_type": "way"
      }
    },
    {
      "type": "Feature",
      "geometry": {
        "type": "Point",
        "coordinates": [
          -157.7918421,
          21.2608065
        ]
      },
      "properties": {
        "id": "osm-1215427266",
        "lat": 21.2608065,
        "lon": -157.7918421,
        "name": "",
        "address": "\u02bbAukai Avenue, Waialae-Kahala, K\u0101hala, East Honolulu, Honolulu, Honolulu County, Hawaii, 96821, United States",
        "neighborhood": "unknown",
        "source": "osm",
        "osm_id": 1215427266,
        "osm_type": "way"
      }
    },
    {
      "type": "Feature",
      "geometry": {
        "type": "Point",
        "coordinates": [
          -157.7922976,
          21.2606692
        ]
      },
      "properties": {
        "id": "osm-1215427269",
        "lat": 21.2606692,
        "lon": -157.7922976,
        "name": "",
        "address": "\u02bbAukai Avenue, Waialae-Kahala, K\u0101hala, East Honolulu, Honolulu, Honolulu County, Hawaii, 96821, United States",
        "neighborhood": "unknown",
        "source": "osm",
        "osm_id": 1215427269,
        "osm_type": "way"
      }
    },
    {
      "type": "Feature",
      "geometry": {
        "type": "Point",
        "coordinates": [
          -157.7925698,
          21.2606187
        ]
      },
      "properties": {
        "id": "osm-1215427271",
        "lat": 21.2606187,
        "lon": -157.7925698,
        "name": "",
        "address": "\u02bbAukai Avenue, Waialae-Kahala, K\u0101hala, East Honolulu, Honolulu, Honolulu County, Hawaii, 96821, United States",
        "neighborhood": "unknown",
        "source": "osm",
        "osm_id": 1215427271,
        "osm_type": "way"
      }
    },
    {
      "type": "Feature",
      "geometry": {
        "type": "Point",
        "coordinates": [
          -157.7926403,
          21.2604939
        ]
      },
      "properties": {
        "id": "osm-1215427273",
        "lat": 21.2604939,
        "lon": -157.7926403,
        "name": "",
        "address": "\u02bbAukai Avenue, Waialae-Kahala, K\u0101hala, East Honolulu, Honolulu, Honolulu County, Hawaii, 96821, United States",
        "neighborhood": "unknown",
        "source": "osm",
        "osm_id": 1215427273,
        "osm_type": "way"
      }
    },
    {
      "type": "Feature",
      "geometry": {
        "type": "Point",
        "coordinates": [
          -157.7921286,
          21.2606216
        ]
      },
      "properties": {
        "id": "osm-1215427787",
        "lat": 21.2606216,
        "lon": -157.7921286,
        "name": "",
        "address": "\u02bbAukai Avenue, Waialae-Kahala, K\u0101hala, East Honolulu, Honolulu, Honolulu County, Hawaii, 96821, United States",
        "neighborhood": "unknown",
        "source": "osm",
        "osm_id": 1215427787,
        "osm_type": "way"
      }
    },
    {
      "type": "Feature",
      "geometry": {
        "type": "Point",
        "coordinates": [
          -157.7915418,
          21.2606946
        ]
      },
      "properties": {
        "id": "osm-1215427788",
        "lat": 21.2606946,
        "lon": -157.7915418,
        "name": "",
        "address": "Kahala Avenue, Waialae-Kahala, K\u0101hala, East Honolulu, Honolulu, Honolulu County, Hawaii, 96828, United States",
        "neighborhood": "unknown",
        "source": "osm",
        "osm_id": 1215427788,
        "osm_type": "way"
      }
    },
    {
      "type": "Feature",
      "geometry": {
        "type": "Point",
        "coordinates": [
          -157.7908519,
          21.2608865
        ]
      },
      "properties": {
        "id": "osm-1215427789",
        "lat": 21.2608865,
        "lon": -157.7908519,
        "name": "",
        "address": "Kahala Avenue, Waialae-Kahala, K\u0101hala, East Honolulu, Honolulu, Honolulu County, Hawaii, 96828, United States",
        "neighborhood": "unknown",
        "source": "osm",
        "osm_id": 1215427789,
        "osm_type": "way"
      }
    },
    {
      "type": "Feature",
      "geometry": {
        "type": "Point",
        "coordinates": [
          -157.7906011,
          21.2609048
        ]
      },
      "properties": {
        "id": "osm-1215427790",
        "lat": 21.2609048,
        "lon": -157.7906011,
        "name": "",
        "address": "Kahala Avenue, Waialae-Kahala, K\u0101hala, East Honolulu, Honolulu, Honolulu County, Hawaii, 96828, United States",
        "neighborhood": "unknown",
        "source": "osm",
        "osm_id": 1215427790,
        "osm_type": "way"
      }
    },
    {
      "type": "Feature",
      "geometry": {
        "type": "Point",
        "coordinates": [
          -157.7902404,
          21.2610928
        ]
      },
      "properties": {
        "id": "osm-1215427791",
        "lat": 21.2610928,
        "lon": -157.7902404,
        "name": "",
        "address": "Elepaio Street, Waialae-Kahala, Black Point, K\u0101hala, East Honolulu, Honolulu, Honolulu County, Hawaii, 96828, United States",
        "neighborhood": "unknown",
        "source": "osm",
        "osm_id": 1215427791,
        "osm_type": "way"
      }
    },
    {
      "type": "Feature",
      "geometry": {
        "type": "Point",
        "coordinates": [
          -157.7903291,
          21.2610002
        ]
      },
      "properties": {
        "id": "osm-1215427792",
        "lat": 21.2610002,
        "lon": -157.7903291,
        "name": "",
        "address": "Elepaio Street, Waialae-Kahala, Black Point, K\u0101hala, East Honolulu, Honolulu, Honolulu County, Hawaii, 96828, United States",
        "neighborhood": "unknown",
        "source": "osm",
        "osm_id": 1215427792,
        "osm_type": "way"
      }
    },
    {
      "type": "Feature",
      "geometry": {
        "type": "Point",
        "coordinates": [
          -157.7898647,
          21.2624313
        ]
      },
      "properties": {
        "id": "osm-1215457187",
        "lat": 21.2624313,
        "lon": -157.7898647,
        "name": "",
        "address": "Elepaio Street, Waialae-Kahala, Black Point, K\u0101hala, East Honolulu, Honolulu, Honolulu County, Hawaii, 96828, United States",
        "neighborhood": "unknown",
        "source": "osm",
        "osm_id": 1215457187,
        "osm_type": "way"
      }
    },
    {
      "type": "Feature",
      "geometry": {
        "type": "Point",
        "coordinates": [
          -157.7898816,
          21.2623356
        ]
      },
      "properties": {
        "id": "osm-1215457188",
        "lat": 21.2623356,
        "lon": -157.7898816,
        "name": "",
        "address": "Ahakea Street, Waialae-Kahala, K\u0101hala, East Honolulu, Honolulu, Honolulu County, Hawaii, 96828, United States",
        "neighborhood": "unknown",
        "source": "osm",
        "osm_id": 1215457188,
        "osm_type": "way"
      }
    },
    {
      "type": "Feature",
      "geometry": {
        "type": "Point",
        "coordinates": [
          -157.7899714,
          21.2622378
        ]
      },
      "properties": {
        "id": "osm-1215457189",
        "lat": 21.2622378,
        "lon": -157.7899714,
        "name": "",
        "address": "\u02bbAukai Avenue, Waialae-Kahala, K\u0101hala, East Honolulu, Honolulu, Honolulu County, Hawaii, 96821, United States",
        "neighborhood": "unknown",
        "source": "osm",
        "osm_id": 1215457189,
        "osm_type": "way"
      }
    },
    {
      "type": "Feature",
      "geometry": {
        "type": "Point",
        "coordinates": [
          -157.7899955,
          21.2623172
        ]
      },
      "properties": {
        "id": "osm-1215457190",
        "lat": 21.2623172,
        "lon": -157.7899955,
        "name": "",
        "address": "Ahakea Street, Waialae-Kahala, K\u0101hala, East Honolulu, Honolulu, Honolulu County, Hawaii, 96828, United States",
        "neighborhood": "unknown",
        "source": "osm",
        "osm_id": 1215457190,
        "osm_type": "way"
      }
    },
    {
      "type": "Feature",
      "geometry": {
        "type": "Point",
        "coordinates": [
          -157.7898876,
          21.2626921
        ]
      },
      "properties": {
        "id": "osm-1215457191",
        "lat": 21.2626921,
        "lon": -157.7898876,
        "name": "",
        "address": "Ahakea Street, Waialae-Kahala, K\u0101hala, East Honolulu, Honolulu, Honolulu County, Hawaii, 96828, United States",
        "neighborhood": "unknown",
        "source": "osm",
        "osm_id": 1215457191,
        "osm_type": "way"
      }
    },
    {
      "type": "Feature",
      "geometry": {
        "type": "Point",
        "coordinates": [
          -157.7900014,
          21.2624887
        ]
      },
      "properties": {
        "id": "osm-1215457192",
        "lat": 21.2624887,
        "lon": -157.7900014,
        "name": "",
        "address": "Ahakea Street, Waialae-Kahala, K\u0101hala, East Honolulu, Honolulu, Honolulu County, Hawaii, 96828, United States",
        "neighborhood": "unknown",
        "source": "osm",
        "osm_id": 1215457192,
        "osm_type": "way"
      }
    },
    {
      "type": "Feature",
      "geometry": {
        "type": "Point",
        "coordinates": [
          -157.7899753,
          21.262791
        ]
      },
      "properties": {
        "id": "osm-1215457193",
        "lat": 21.262791,
        "lon": -157.7899753,
        "name": "",
        "address": "Ahakea Street, Waialae-Kahala, K\u0101hala, East Honolulu, Honolulu, Honolulu County, Hawaii, 96828, United States",
        "neighborhood": "unknown",
        "source": "osm",
        "osm_id": 1215457193,
        "osm_type": "way"
      }
    },
    {
      "type": "Feature",
      "geometry": {
        "type": "Point",
        "coordinates": [
          -157.7900303,
          21.2629206
        ]
      },
      "properties": {
        "id": "osm-1215457194",
        "lat": 21.2629206,
        "lon": -157.7900303,
        "name": "",
        "address": "Ahakea Street, Waialae-Kahala, K\u0101hala, East Honolulu, Honolulu, Honolulu County, Hawaii, 96828, United States",
        "neighborhood": "unknown",
        "source": "osm",
        "osm_id": 1215457194,
        "osm_type": "way"
      }
    },
    {
      "type": "Feature",
      "geometry": {
        "type": "Point",
        "coordinates": [
          -157.7901464,
          21.2631077
        ]
      },
      "properties": {
        "id": "osm-1215457195",
        "lat": 21.2631077,
        "lon": -157.7901464,
        "name": "",
        "address": "Ahakea Street, Waialae-Kahala, K\u0101hala, East Honolulu, Honolulu, Honolulu County, Hawaii, 96828, United States",
        "neighborhood": "unknown",
        "source": "osm",
        "osm_id": 1215457195,
        "osm_type": "way"
      }
    },
    {
      "type": "Feature",
      "geometry": {
        "type": "Point",
        "coordinates": [
          -157.789963,
          21.2633678
        ]
      },
      "properties": {
        "id": "osm-1215457196",
        "lat": 21.2633678,
        "lon": -157.789963,
        "name": "",
        "address": "Elepaio Street, Waialae-Kahala, Black Point, K\u0101hala, East Honolulu, Honolulu, Honolulu County, Hawaii, 96828, United States",
        "neighborhood": "unknown",
        "source": "osm",
        "osm_id": 1215457196,
        "osm_type": "way"
      }
    },
    {
      "type": "Feature",
      "geometry": {
        "type": "Point",
        "coordinates": [
          -157.7899901,
          21.2635954
        ]
      },
      "properties": {
        "id": "osm-1215457197",
        "lat": 21.2635954,
        "lon": -157.7899901,
        "name": "",
        "address": "Elepaio Street, Waialae-Kahala, Black Point, K\u0101hala, East Honolulu, Honolulu, Honolulu County, Hawaii, 96828, United States",
        "neighborhood": "unknown",
        "source": "osm",
        "osm_id": 1215457197,
        "osm_type": "way"
      }
    },
    {
      "type": "Feature",
      "geometry": {
        "type": "Point",
        "coordinates": [
          -157.7902088,
          21.2633019
        ]
      },
      "properties": {
        "id": "osm-1215457198",
        "lat": 21.2633019,
        "lon": -157.7902088,
        "name": "",
        "address": "601, Ahakea Street, Waialae-Kahala, K\u0101hala, East Honolulu, Honolulu, Honolulu County, Hawaii, 96816, United States",
        "neighborhood": "unknown",
        "source": "osm",
        "osm_id": 1215457198,
        "osm_type": "way"
      }
    },
    {
      "type": "Feature",
      "geometry": {
        "type": "Point",
        "coordinates": [
          -157.7902837,
          21.2639326
        ]
      },
      "properties": {
        "id": "osm-1215457199",
        "lat": 21.2639326,
        "lon": -157.7902837,
        "name": "",
        "address": "Ahakea Street, Waialae-Kahala, K\u0101hala, East Honolulu, Honolulu, Honolulu County, Hawaii, 96828, United States",
        "neighborhood": "unknown",
        "source": "osm",
        "osm_id": 1215457199,
        "osm_type": "way"
      }
    },
    {
      "type": "Feature",
      "geometry": {
        "type": "Point",
        "coordinates": [
          -157.7901286,
          21.2637884
        ]
      },
      "properties": {
        "id": "osm-1215457200",
        "lat": 21.2637884,
        "lon": -157.7901286,
        "name": "",
        "address": "Elepaio Street, Waialae-Kahala, Black Point, K\u0101hala, East Honolulu, Honolulu, Honolulu County, Hawaii, 96828, United States",
        "neighborhood": "unknown",
        "source": "osm",
        "osm_id": 1215457200,
        "osm_type": "way"
      }
    },
    {
      "type": "Feature",
      "geometry": {
        "type": "Point",
        "coordinates": [
          -157.7902535,
          21.2637506
        ]
      },
      "properties": {
        "id": "osm-1215457201",
        "lat": 21.2637506,
        "lon": -157.7902535,
        "name": "",
        "address": "Ahakea Street, Waialae-Kahala, K\u0101hala, East Honolulu, Honolulu, Honolulu County, Hawaii, 96828, United States",
        "neighborhood": "unknown",
        "source": "osm",
        "osm_id": 1215457201,
        "osm_type": "way"
      }
    },
    {
      "type": "Feature",
      "geometry": {
        "type": "Point",
        "coordinates": [
          -157.7425506,
          21.4106797
        ]
      },
      "properties": {
        "id": "osm-1215615197",
        "lat": 21.4106797,
        "lon": -157.7425506,
        "name": "",
        "address": "Kai One Beach Access, Kailua, Honolulu County, Hawaii, 96735, United States",
        "neighborhood": "kailua",
        "source": "osm",
        "osm_id": 1215615197,
        "osm_type": "way"
      }
    },
    {
      "type": "Feature",
      "geometry": {
        "type": "Point",
        "coordinates": [
          -157.6999682,
          21.274715
        ]
      },
      "properties": {
        "id": "osm-1215616335",
        "lat": 21.274715,
        "lon": -157.6999682,
        "name": "",
        "address": "Kalaniana\u2019ole Highway, Portlock, Koko Head, East Honolulu, Honolulu, Honolulu County, Hawaii, 96825, United States",
        "neighborhood": "unknown",
        "source": "osm",
        "osm_id": 1215616335,
        "osm_type": "way"
      }
    },
    {
      "type": "Feature",
      "geometry": {
        "type": "Point",
        "coordinates": [
          -157.8220386,
          21.2753957
        ]
      },
      "properties": {
        "id": "osm-1215616583",
        "lat": 21.2753957,
        "lon": -157.8220386,
        "name": "",
        "address": "Hilton Waikiki Beach, 2500, K\u016bhi\u014d Avenue, Waik\u012bk\u012b, Honolulu, Honolulu County, Hawaii, 96815, United States",
        "neighborhood": "waikiki",
        "source": "osm",
        "osm_id": 1215616583,
        "osm_type": "way"
      }
    },
    {
      "type": "Feature",
      "geometry": {
        "type": "Point",
        "coordinates": [
          -157.7906491,
          21.2626604
        ]
      },
      "properties": {
        "id": "osm-1216081488",
        "lat": 21.2626604,
        "lon": -157.7906491,
        "name": "",
        "address": "Ahakea Street, Waialae-Kahala, K\u0101hala, East Honolulu, Honolulu, Honolulu County, Hawaii, 96828, United States",
        "neighborhood": "unknown",
        "source": "osm",
        "osm_id": 1216081488,
        "osm_type": "way"
      }
    },
    {
      "type": "Feature",
      "geometry": {
        "type": "Point",
        "coordinates": [
          -157.7908041,
          21.2626835
        ]
      },
      "properties": {
        "id": "osm-1216081489",
        "lat": 21.2626835,
        "lon": -157.7908041,
        "name": "",
        "address": "Ahina Street, Waialae-Kahala, K\u0101hala, East Honolulu, Honolulu, Honolulu County, Hawaii, 96828, United States",
        "neighborhood": "unknown",
        "source": "osm",
        "osm_id": 1216081489,
        "osm_type": "way"
      }
    },
    {
      "type": "Feature",
      "geometry": {
        "type": "Point",
        "coordinates": [
          -157.7906675,
          21.2627852
        ]
      },
      "properties": {
        "id": "osm-1216081490",
        "lat": 21.2627852,
        "lon": -157.7906675,
        "name": "",
        "address": "584, Ahakea Street, Waialae-Kahala, K\u0101hala, East Honolulu, Honolulu, Honolulu County, Hawaii, 96816, United States",
        "neighborhood": "unknown",
        "source": "osm",
        "osm_id": 1216081490,
        "osm_type": "way"
      }
    },
    {
      "type": "Feature",
      "geometry": {
        "type": "Point",
        "coordinates": [
          -157.7908365,
          21.2624444
        ]
      },
      "properties": {
        "id": "osm-1216081491",
        "lat": 21.2624444,
        "lon": -157.7908365,
        "name": "",
        "address": "Ahina Street, Waialae-Kahala, K\u0101hala, East Honolulu, Honolulu, Honolulu County, Hawaii, 96828, United States",
        "neighborhood": "unknown",
        "source": "osm",
        "osm_id": 1216081491,
        "osm_type": "way"
      }
    },
    {
      "type": "Feature",
      "geometry": {
        "type": "Point",
        "coordinates": [
          -157.7905503,
          21.2620556
        ]
      },
      "properties": {
        "id": "osm-1216081492",
        "lat": 21.2620556,
        "lon": -157.7905503,
        "name": "",
        "address": "Ahakea Street, Waialae-Kahala, K\u0101hala, East Honolulu, Honolulu, Honolulu County, Hawaii, 96828, United States",
        "neighborhood": "unknown",
        "source": "osm",
        "osm_id": 1216081492,
        "osm_type": "way"
      }
    },
    {
      "type": "Feature",
      "geometry": {
        "type": "Point",
        "coordinates": [
          -157.7905749,
          21.2618978
        ]
      },
      "properties": {
        "id": "osm-1216081493",
        "lat": 21.2618978,
        "lon": -157.7905749,
        "name": "",
        "address": "Ahakea Street, Waialae-Kahala, K\u0101hala, East Honolulu, Honolulu, Honolulu County, Hawaii, 96828, United States",
        "neighborhood": "unknown",
        "source": "osm",
        "osm_id": 1216081493,
        "osm_type": "way"
      }
    },
    {
      "type": "Feature",
      "geometry": {
        "type": "Point",
        "coordinates": [
          -157.7907856,
          21.2617094
        ]
      },
      "properties": {
        "id": "osm-1216081494",
        "lat": 21.2617094,
        "lon": -157.7907856,
        "name": "",
        "address": "\u02bbAukai Avenue, Waialae-Kahala, K\u0101hala, East Honolulu, Honolulu, Honolulu County, Hawaii, 96821, United States",
        "neighborhood": "unknown",
        "source": "osm",
        "osm_id": 1216081494,
        "osm_type": "way"
      }
    },
    {
      "type": "Feature",
      "geometry": {
        "type": "Point",
        "coordinates": [
          -157.7911371,
          21.2617589
        ]
      },
      "properties": {
        "id": "osm-1216081495",
        "lat": 21.2617589,
        "lon": -157.7911371,
        "name": "",
        "address": "Ahina Street, Waialae-Kahala, K\u0101hala, East Honolulu, Honolulu, Honolulu County, Hawaii, 96828, United States",
        "neighborhood": "unknown",
        "source": "osm",
        "osm_id": 1216081495,
        "osm_type": "way"
      }
    },
    {
      "type": "Feature",
      "geometry": {
        "type": "Point",
        "coordinates": [
          -157.7940981,
          21.2603594
        ]
      },
      "properties": {
        "id": "osm-1216136572",
        "lat": 21.2603594,
        "lon": -157.7940981,
        "name": "",
        "address": "Kaimanahila Street, Black Point, K\u0101hala, East Honolulu, Honolulu, Honolulu County, Hawaii, 96828, United States",
        "neighborhood": "unknown",
        "source": "osm",
        "osm_id": 1216136572,
        "osm_type": "way"
      }
    },
    {
      "type": "Feature",
      "geometry": {
        "type": "Point",
        "coordinates": [
          -157.7940989,
          21.2602397
        ]
      },
      "properties": {
        "id": "osm-1216136573",
        "lat": 21.2602397,
        "lon": -157.7940989,
        "name": "",
        "address": "Kaimanahila Street, Black Point, K\u0101hala, East Honolulu, Honolulu, Honolulu County, Hawaii, 96828, United States",
        "neighborhood": "unknown",
        "source": "osm",
        "osm_id": 1216136573,
        "osm_type": "way"
      }
    },
    {
      "type": "Feature",
      "geometry": {
        "type": "Point",
        "coordinates": [
          -157.7937691,
          21.2602778
        ]
      },
      "properties": {
        "id": "osm-1216136574",
        "lat": 21.2602778,
        "lon": -157.7937691,
        "name": "",
        "address": "Kahala Avenue, Waialae-Kahala, K\u0101hala, East Honolulu, Honolulu, Honolulu County, Hawaii, 96828, United States",
        "neighborhood": "unknown",
        "source": "osm",
        "osm_id": 1216136574,
        "osm_type": "way"
      }
    },
    {
      "type": "Feature",
      "geometry": {
        "type": "Point",
        "coordinates": [
          -157.7936302,
          21.2605791
        ]
      },
      "properties": {
        "id": "osm-1216136575",
        "lat": 21.2605791,
        "lon": -157.7936302,
        "name": "",
        "address": "Kaimanahila Street, Black Point, K\u0101hala, East Honolulu, Honolulu, Honolulu County, Hawaii, 96828, United States",
        "neighborhood": "unknown",
        "source": "osm",
        "osm_id": 1216136575,
        "osm_type": "way"
      }
    },
    {
      "type": "Feature",
      "geometry": {
        "type": "Point",
        "coordinates": [
          -157.7936181,
          21.2603501
        ]
      },
      "properties": {
        "id": "osm-1216137555",
        "lat": 21.2603501,
        "lon": -157.7936181,
        "name": "",
        "address": "Kaimanahila Street, Black Point, K\u0101hala, East Honolulu, Honolulu, Honolulu County, Hawaii, 96828, United States",
        "neighborhood": "unknown",
        "source": "osm",
        "osm_id": 1216137555,
        "osm_type": "way"
      }
    },
    {
      "type": "Feature",
      "geometry": {
        "type": "Point",
        "coordinates": [
          -157.7931638,
          21.260476
        ]
      },
      "properties": {
        "id": "osm-1216137559",
        "lat": 21.260476,
        "lon": -157.7931638,
        "name": "",
        "address": "\u02bbAukai Avenue, Waialae-Kahala, K\u0101hala, East Honolulu, Honolulu, Honolulu County, Hawaii, 96821, United States",
        "neighborhood": "unknown",
        "source": "osm",
        "osm_id": 1216137559,
        "osm_type": "way"
      }
    },
    {
      "type": "Feature",
      "geometry": {
        "type": "Point",
        "coordinates": [
          -157.7930732,
          21.2603202
        ]
      },
      "properties": {
        "id": "osm-1216137565",
        "lat": 21.2603202,
        "lon": -157.7930732,
        "name": "",
        "address": "\u02bbAukai Avenue, Waialae-Kahala, K\u0101hala, East Honolulu, Honolulu, Honolulu County, Hawaii, 96821, United States",
        "neighborhood": "unknown",
        "source": "osm",
        "osm_id": 1216137565,
        "osm_type": "way"
      }
    },
    {
      "type": "Feature",
      "geometry": {
        "type": "Point",
        "coordinates": [
          -157.7930601,
          21.2609676
        ]
      },
      "properties": {
        "id": "osm-1216608296",
        "lat": 21.2609676,
        "lon": -157.7930601,
        "name": "",
        "address": "\u02bbAukai Avenue, Waialae-Kahala, K\u0101hala, East Honolulu, Honolulu, Honolulu County, Hawaii, 96821, United States",
        "neighborhood": "unknown",
        "source": "osm",
        "osm_id": 1216608296,
        "osm_type": "way"
      }
    },
    {
      "type": "Feature",
      "geometry": {
        "type": "Point",
        "coordinates": [
          -157.793257,
          21.2609282
        ]
      },
      "properties": {
        "id": "osm-1216608297",
        "lat": 21.2609282,
        "lon": -157.793257,
        "name": "",
        "address": "4332, \u02bbAukai Avenue, Waialae-Kahala, Wailupe, K\u0101hala, East Honolulu, Honolulu, Honolulu County, Hawaii, 96816, United States",
        "neighborhood": "unknown",
        "source": "osm",
        "osm_id": 1216608297,
        "osm_type": "way"
      }
    },
    {
      "type": "Feature",
      "geometry": {
        "type": "Point",
        "coordinates": [
          -157.7929838,
          21.2614568
        ]
      },
      "properties": {
        "id": "osm-1216608298",
        "lat": 21.2614568,
        "lon": -157.7929838,
        "name": "",
        "address": "Hakaka Place, Black Point, K\u0101hala, East Honolulu, Honolulu, Honolulu County, Hawaii, 96828, United States",
        "neighborhood": "unknown",
        "source": "osm",
        "osm_id": 1216608298,
        "osm_type": "way"
      }
    },
    {
      "type": "Feature",
      "geometry": {
        "type": "Point",
        "coordinates": [
          -157.793193,
          21.2613318
        ]
      },
      "properties": {
        "id": "osm-1216608299",
        "lat": 21.2613318,
        "lon": -157.793193,
        "name": "",
        "address": "Kaimanahila Street, Black Point, K\u0101hala, East Honolulu, Honolulu, Honolulu County, Hawaii, 96828, United States",
        "neighborhood": "unknown",
        "source": "osm",
        "osm_id": 1216608299,
        "osm_type": "way"
      }
    },
    {
      "type": "Feature",
      "geometry": {
        "type": "Point",
        "coordinates": [
          -157.7925935,
          21.2621106
        ]
      },
      "properties": {
        "id": "osm-1216608300",
        "lat": 21.2621106,
        "lon": -157.7925935,
        "name": "",
        "address": "Hakaka Street, Black Point, K\u0101hala, East Honolulu, Honolulu, Honolulu County, Hawaii, 96828, United States",
        "neighborhood": "unknown",
        "source": "osm",
        "osm_id": 1216608300,
        "osm_type": "way"
      }
    },
    {
      "type": "Feature",
      "geometry": {
        "type": "Point",
        "coordinates": [
          -157.791134,
          21.2599164
        ]
      },
      "properties": {
        "id": "osm-1216612807",
        "lat": 21.2599164,
        "lon": -157.791134,
        "name": "",
        "address": "Royal Place, Waialae-Kahala, K\u0101hala, East Honolulu, Honolulu, Honolulu County, Hawaii, 96828, United States",
        "neighborhood": "unknown",
        "source": "osm",
        "osm_id": 1216612807,
        "osm_type": "way"
      }
    },
    {
      "type": "Feature",
      "geometry": {
        "type": "Point",
        "coordinates": [
          -157.7915939,
          21.2597952
        ]
      },
      "properties": {
        "id": "osm-1216612808",
        "lat": 21.2597952,
        "lon": -157.7915939,
        "name": "",
        "address": "Royal Place, Waialae-Kahala, K\u0101hala, East Honolulu, Honolulu, Honolulu County, Hawaii, 96828, United States",
        "neighborhood": "unknown",
        "source": "osm",
        "osm_id": 1216612808,
        "osm_type": "way"
      }
    },
    {
      "type": "Feature",
      "geometry": {
        "type": "Point",
        "coordinates": [
          -157.7916403,
          21.2600211
        ]
      },
      "properties": {
        "id": "osm-1216612809",
        "lat": 21.2600211,
        "lon": -157.7916403,
        "name": "",
        "address": "Kahala Avenue, Waialae-Kahala, K\u0101hala, East Honolulu, Honolulu, Honolulu County, Hawaii, 96828, United States",
        "neighborhood": "unknown",
        "source": "osm",
        "osm_id": 1216612809,
        "osm_type": "way"
      }
    },
    {
      "type": "Feature",
      "geometry": {
        "type": "Point",
        "coordinates": [
          -157.791352,
          21.2597955
        ]
      },
      "properties": {
        "id": "osm-1216612810",
        "lat": 21.2597955,
        "lon": -157.791352,
        "name": "",
        "address": "4370, Royal Place, Waialae-Kahala, K\u0101hala, East Honolulu, Honolulu, Honolulu County, Hawaii, 96816, United States",
        "neighborhood": "unknown",
        "source": "osm",
        "osm_id": 1216612810,
        "osm_type": "way"
      }
    },
    {
      "type": "Feature",
      "geometry": {
        "type": "Point",
        "coordinates": [
          -157.791798,
          21.261796
        ]
      },
      "properties": {
        "id": "osm-1216613268",
        "lat": 21.261796,
        "lon": -157.791798,
        "name": "",
        "address": "Ahina Street, Waialae-Kahala, K\u0101hala, East Honolulu, Honolulu, Honolulu County, Hawaii, 96828, United States",
        "neighborhood": "unknown",
        "source": "osm",
        "osm_id": 1216613268,
        "osm_type": "way"
      }
    },
    {
      "type": "Feature",
      "geometry": {
        "type": "Point",
        "coordinates": [
          -157.7917367,
          21.2619769
        ]
      },
      "properties": {
        "id": "osm-1216613269",
        "lat": 21.2619769,
        "lon": -157.7917367,
        "name": "",
        "address": "Ahina Street, Waialae-Kahala, K\u0101hala, East Honolulu, Honolulu, Honolulu County, Hawaii, 96828, United States",
        "neighborhood": "unknown",
        "source": "osm",
        "osm_id": 1216613269,
        "osm_type": "way"
      }
    },
    {
      "type": "Feature",
      "geometry": {
        "type": "Point",
        "coordinates": [
          -157.7918302,
          21.2615588
        ]
      },
      "properties": {
        "id": "osm-1216613270",
        "lat": 21.2615588,
        "lon": -157.7918302,
        "name": "",
        "address": "Ahina Street, Waialae-Kahala, K\u0101hala, East Honolulu, Honolulu, Honolulu County, Hawaii, 96828, United States",
        "neighborhood": "unknown",
        "source": "osm",
        "osm_id": 1216613270,
        "osm_type": "way"
      }
    },
    {
      "type": "Feature",
      "geometry": {
        "type": "Point",
        "coordinates": [
          -157.7916337,
          21.26264
        ]
      },
      "properties": {
        "id": "osm-1216613271",
        "lat": 21.26264,
        "lon": -157.7916337,
        "name": "",
        "address": "Hakaka Place, Black Point, K\u0101hala, East Honolulu, Honolulu, Honolulu County, Hawaii, 96828, United States",
        "neighborhood": "unknown",
        "source": "osm",
        "osm_id": 1216613271,
        "osm_type": "way"
      }
    },
    {
      "type": "Feature",
      "geometry": {
        "type": "Point",
        "coordinates": [
          -157.7919827,
          21.2626178
        ]
      },
      "properties": {
        "id": "osm-1216613272",
        "lat": 21.2626178,
        "lon": -157.7919827,
        "name": "",
        "address": "Hakaka Place, Black Point, K\u0101hala, East Honolulu, Honolulu, Honolulu County, Hawaii, 96828, United States",
        "neighborhood": "unknown",
        "source": "osm",
        "osm_id": 1216613272,
        "osm_type": "way"
      }
    },
    {
      "type": "Feature",
      "geometry": {
        "type": "Point",
        "coordinates": [
          -157.7920015,
          21.2624835
        ]
      },
      "properties": {
        "id": "osm-1216613273",
        "lat": 21.2624835,
        "lon": -157.7920015,
        "name": "",
        "address": "619, Hakaka Place, Black Point, K\u0101hala, East Honolulu, Honolulu, Honolulu County, Hawaii, 96816, United States",
        "neighborhood": "unknown",
        "source": "osm",
        "osm_id": 1216613273,
        "osm_type": "way"
      }
    },
    {
      "type": "Feature",
      "geometry": {
        "type": "Point",
        "coordinates": [
          -157.7921993,
          21.2614758
        ]
      },
      "properties": {
        "id": "osm-1216613274",
        "lat": 21.2614758,
        "lon": -157.7921993,
        "name": "",
        "address": "Hakaka Place, Black Point, K\u0101hala, East Honolulu, Honolulu, Honolulu County, Hawaii, 96828, United States",
        "neighborhood": "unknown",
        "source": "osm",
        "osm_id": 1216613274,
        "osm_type": "way"
      }
    },
    {
      "type": "Feature",
      "geometry": {
        "type": "Point",
        "coordinates": [
          -157.7800072,
          21.2703443
        ]
      },
      "properties": {
        "id": "osm-1216614697",
        "lat": 21.2703443,
        "lon": -157.7800072,
        "name": "",
        "address": "\u02bbAukai Avenue, Waialae-Kahala, K\u0101hala, East Honolulu, Honolulu, Honolulu County, Hawaii, 96821, United States",
        "neighborhood": "unknown",
        "source": "osm",
        "osm_id": 1216614697,
        "osm_type": "way"
      }
    },
    {
      "type": "Feature",
      "geometry": {
        "type": "Point",
        "coordinates": [
          -157.7801997,
          21.2703753
        ]
      },
      "properties": {
        "id": "osm-1216614698",
        "lat": 21.2703753,
        "lon": -157.7801997,
        "name": "",
        "address": "Makaiwa Street, Waialae-Kahala, K\u0101hala, East Honolulu, Honolulu, Honolulu County, Hawaii, 96821, United States",
        "neighborhood": "unknown",
        "source": "osm",
        "osm_id": 1216614698,
        "osm_type": "way"
      }
    },
    {
      "type": "Feature",
      "geometry": {
        "type": "Point",
        "coordinates": [
          -157.7916235,
          21.2624723
        ]
      },
      "properties": {
        "id": "osm-1216617733",
        "lat": 21.2624723,
        "lon": -157.7916235,
        "name": "",
        "address": "548, Ahina Street, Waialae-Kahala, K\u0101hala, East Honolulu, Honolulu, Honolulu County, Hawaii, 96816, United States",
        "neighborhood": "unknown",
        "source": "osm",
        "osm_id": 1216617733,
        "osm_type": "way"
      }
    },
    {
      "type": "Feature",
      "geometry": {
        "type": "Point",
        "coordinates": [
          -157.7918444,
          21.2613626
        ]
      },
      "properties": {
        "id": "osm-1216621407",
        "lat": 21.2613626,
        "lon": -157.7918444,
        "name": "",
        "address": "\u02bbAukai Avenue, Waialae-Kahala, K\u0101hala, East Honolulu, Honolulu, Honolulu County, Hawaii, 96821, United States",
        "neighborhood": "unknown",
        "source": "osm",
        "osm_id": 1216621407,
        "osm_type": "way"
      }
    },
    {
      "type": "Feature",
      "geometry": {
        "type": "Point",
        "coordinates": [
          -157.7913742,
          21.2630213
        ]
      },
      "properties": {
        "id": "osm-1216621415",
        "lat": 21.2630213,
        "lon": -157.7913742,
        "name": "",
        "address": "Ahina Street, Waialae-Kahala, K\u0101hala, East Honolulu, Honolulu, Honolulu County, Hawaii, 96828, United States",
        "neighborhood": "unknown",
        "source": "osm",
        "osm_id": 1216621415,
        "osm_type": "way"
      }
    },
    {
      "type": "Feature",
      "geometry": {
        "type": "Point",
        "coordinates": [
          -157.7915213,
          21.2628259
        ]
      },
      "properties": {
        "id": "osm-1216621416",
        "lat": 21.2628259,
        "lon": -157.7915213,
        "name": "",
        "address": "Ahina Street, Waialae-Kahala, K\u0101hala, East Honolulu, Honolulu, Honolulu County, Hawaii, 96828, United States",
        "neighborhood": "unknown",
        "source": "osm",
        "osm_id": 1216621416,
        "osm_type": "way"
      }
    },
    {
      "type": "Feature",
      "geometry": {
        "type": "Point",
        "coordinates": [
          -157.7911767,
          21.2632586
        ]
      },
      "properties": {
        "id": "osm-1216621417",
        "lat": 21.2632586,
        "lon": -157.7911767,
        "name": "",
        "address": "Ahina Street, Waialae-Kahala, K\u0101hala, East Honolulu, Honolulu, Honolulu County, Hawaii, 96828, United States",
        "neighborhood": "unknown",
        "source": "osm",
        "osm_id": 1216621417,
        "osm_type": "way"
      }
    },
    {
      "type": "Feature",
      "geometry": {
        "type": "Point",
        "coordinates": [
          -157.7911187,
          21.2633881
        ]
      },
      "properties": {
        "id": "osm-1216889447",
        "lat": 21.2633881,
        "lon": -157.7911187,
        "name": "",
        "address": "Ahina Street, Waialae-Kahala, K\u0101hala, East Honolulu, Honolulu, Honolulu County, Hawaii, 96828, United States",
        "neighborhood": "unknown",
        "source": "osm",
        "osm_id": 1216889447,
        "osm_type": "way"
      }
    },
    {
      "type": "Feature",
      "geometry": {
        "type": "Point",
        "coordinates": [
          -157.7908865,
          21.2632979
        ]
      },
      "properties": {
        "id": "osm-1216889448",
        "lat": 21.2632979,
        "lon": -157.7908865,
        "name": "",
        "address": "Ahina Street, Waialae-Kahala, K\u0101hala, East Honolulu, Honolulu, Honolulu County, Hawaii, 96828, United States",
        "neighborhood": "unknown",
        "source": "osm",
        "osm_id": 1216889448,
        "osm_type": "way"
      }
    },
    {
      "type": "Feature",
      "geometry": {
        "type": "Point",
        "coordinates": [
          -157.7911345,
          21.2635895
        ]
      },
      "properties": {
        "id": "osm-1216889449",
        "lat": 21.2635895,
        "lon": -157.7911345,
        "name": "",
        "address": "Ahakea Street, Waialae-Kahala, K\u0101hala, East Honolulu, Honolulu, Honolulu County, Hawaii, 96828, United States",
        "neighborhood": "unknown",
        "source": "osm",
        "osm_id": 1216889449,
        "osm_type": "way"
      }
    },
    {
      "type": "Feature",
      "geometry": {
        "type": "Point",
        "coordinates": [
          -157.7910072,
          21.2640999
        ]
      },
      "properties": {
        "id": "osm-1216889450",
        "lat": 21.2640999,
        "lon": -157.7910072,
        "name": "",
        "address": "Ahakea Street, Waialae-Kahala, K\u0101hala, East Honolulu, Honolulu, Honolulu County, Hawaii, 96828, United States",
        "neighborhood": "unknown",
        "source": "osm",
        "osm_id": 1216889450,
        "osm_type": "way"
      }
    },
    {
      "type": "Feature",
      "geometry": {
        "type": "Point",
        "coordinates": [
          -157.7909778,
          21.2638508
        ]
      },
      "properties": {
        "id": "osm-1216893885",
        "lat": 21.2638508,
        "lon": -157.7909778,
        "name": "",
        "address": "Ahakea Street, Waialae-Kahala, K\u0101hala, East Honolulu, Honolulu, Honolulu County, Hawaii, 96828, United States",
        "neighborhood": "unknown",
        "source": "osm",
        "osm_id": 1216893885,
        "osm_type": "way"
      }
    },
    {
      "type": "Feature",
      "geometry": {
        "type": "Point",
        "coordinates": [
          -157.7905072,
          21.2646152
        ]
      },
      "properties": {
        "id": "osm-1216893886",
        "lat": 21.2646152,
        "lon": -157.7905072,
        "name": "",
        "address": "Ahakea Street, Waialae-Kahala, K\u0101hala, East Honolulu, Honolulu, Honolulu County, Hawaii, 96828, United States",
        "neighborhood": "unknown",
        "source": "osm",
        "osm_id": 1216893886,
        "osm_type": "way"
      }
    },
    {
      "type": "Feature",
      "geometry": {
        "type": "Point",
        "coordinates": [
          -157.7906106,
          21.2645315
        ]
      },
      "properties": {
        "id": "osm-1216893888",
        "lat": 21.2645315,
        "lon": -157.7906106,
        "name": "",
        "address": "Ahakea Street, Waialae-Kahala, K\u0101hala, East Honolulu, Honolulu, Honolulu County, Hawaii, 96828, United States",
        "neighborhood": "unknown",
        "source": "osm",
        "osm_id": 1216893888,
        "osm_type": "way"
      }
    },
    {
      "type": "Feature",
      "geometry": {
        "type": "Point",
        "coordinates": [
          -157.7908909,
          21.2642704
        ]
      },
      "properties": {
        "id": "osm-1216893890",
        "lat": 21.2642704,
        "lon": -157.7908909,
        "name": "",
        "address": "660, Ahakea Street, Waialae-Kahala, K\u0101hala, East Honolulu, Honolulu, Honolulu County, Hawaii, 96816, United States",
        "neighborhood": "unknown",
        "source": "osm",
        "osm_id": 1216893890,
        "osm_type": "way"
      }
    },
    {
      "type": "Feature",
      "geometry": {
        "type": "Point",
        "coordinates": [
          -157.7918067,
          21.2633526
        ]
      },
      "properties": {
        "id": "osm-1216895572",
        "lat": 21.2633526,
        "lon": -157.7918067,
        "name": "",
        "address": "Hakaka Place, Black Point, K\u0101hala, East Honolulu, Honolulu, Honolulu County, Hawaii, 96828, United States",
        "neighborhood": "unknown",
        "source": "osm",
        "osm_id": 1216895572,
        "osm_type": "way"
      }
    },
    {
      "type": "Feature",
      "geometry": {
        "type": "Point",
        "coordinates": [
          -157.7920689,
          21.2630776
        ]
      },
      "properties": {
        "id": "osm-1216895573",
        "lat": 21.2630776,
        "lon": -157.7920689,
        "name": "",
        "address": "651, Hakaka Place, Black Point, K\u0101hala, East Honolulu, Honolulu, Honolulu County, Hawaii, 96816, United States",
        "neighborhood": "unknown",
        "source": "osm",
        "osm_id": 1216895573,
        "osm_type": "way"
      }
    },
    {
      "type": "Feature",
      "geometry": {
        "type": "Point",
        "coordinates": [
          -157.7926106,
          21.2633965
        ]
      },
      "properties": {
        "id": "osm-1216895576",
        "lat": 21.2633965,
        "lon": -157.7926106,
        "name": "",
        "address": "Hakaka Place, Black Point, K\u0101hala, East Honolulu, Honolulu, Honolulu County, Hawaii, 96828, United States",
        "neighborhood": "unknown",
        "source": "osm",
        "osm_id": 1216895576,
        "osm_type": "way"
      }
    },
    {
      "type": "Feature",
      "geometry": {
        "type": "Point",
        "coordinates": [
          -157.7928861,
          21.2639562
        ]
      },
      "properties": {
        "id": "osm-1216895577",
        "lat": 21.2639562,
        "lon": -157.7928861,
        "name": "",
        "address": "Hakaka Place, Black Point, K\u0101hala, East Honolulu, Honolulu, Honolulu County, Hawaii, 96828, United States",
        "neighborhood": "unknown",
        "source": "osm",
        "osm_id": 1216895577,
        "osm_type": "way"
      }
    },
    {
      "type": "Feature",
      "geometry": {
        "type": "Point",
        "coordinates": [
          -157.7937043,
          21.2641787
        ]
      },
      "properties": {
        "id": "osm-1216895578",
        "lat": 21.2641787,
        "lon": -157.7937043,
        "name": "",
        "address": "701, Palekaua Place, K\u0101hala, East Honolulu, Honolulu, Honolulu County, Hawaii, 96816, United States",
        "neighborhood": "unknown",
        "source": "osm",
        "osm_id": 1216895578,
        "osm_type": "way"
      }
    },
    {
      "type": "Feature",
      "geometry": {
        "type": "Point",
        "coordinates": [
          -157.7942853,
          21.2638746
        ]
      },
      "properties": {
        "id": "osm-1216895579",
        "lat": 21.2638746,
        "lon": -157.7942853,
        "name": "",
        "address": "Palekaua Street, Black Point, K\u0101hala, East Honolulu, Honolulu, Honolulu County, Hawaii, 96828, United States",
        "neighborhood": "unknown",
        "source": "osm",
        "osm_id": 1216895579,
        "osm_type": "way"
      }
    },
    {
      "type": "Feature",
      "geometry": {
        "type": "Point",
        "coordinates": [
          -157.7937334,
          21.263684
        ]
      },
      "properties": {
        "id": "osm-1216895580",
        "lat": 21.263684,
        "lon": -157.7937334,
        "name": "",
        "address": "Palekaua Place, Black Point, K\u0101hala, East Honolulu, Honolulu, Honolulu County, Hawaii, 96828, United States",
        "neighborhood": "unknown",
        "source": "osm",
        "osm_id": 1216895580,
        "osm_type": "way"
      }
    },
    {
      "type": "Feature",
      "geometry": {
        "type": "Point",
        "coordinates": [
          -157.7934934,
          21.2636485
        ]
      },
      "properties": {
        "id": "osm-1216895581",
        "lat": 21.2636485,
        "lon": -157.7934934,
        "name": "",
        "address": "Hakaka Place, Black Point, K\u0101hala, East Honolulu, Honolulu, Honolulu County, Hawaii, 96828, United States",
        "neighborhood": "unknown",
        "source": "osm",
        "osm_id": 1216895581,
        "osm_type": "way"
      }
    },
    {
      "type": "Feature",
      "geometry": {
        "type": "Point",
        "coordinates": [
          -157.7934401,
          21.2633574
        ]
      },
      "properties": {
        "id": "osm-1216895582",
        "lat": 21.2633574,
        "lon": -157.7934401,
        "name": "",
        "address": "Hakaka Place, Black Point, K\u0101hala, East Honolulu, Honolulu, Honolulu County, Hawaii, 96828, United States",
        "neighborhood": "unknown",
        "source": "osm",
        "osm_id": 1216895582,
        "osm_type": "way"
      }
    },
    {
      "type": "Feature",
      "geometry": {
        "type": "Point",
        "coordinates": [
          -157.7939601,
          21.2633567
        ]
      },
      "properties": {
        "id": "osm-1216895583",
        "lat": 21.2633567,
        "lon": -157.7939601,
        "name": "",
        "address": "Hakaka Street, Black Point, K\u0101hala, East Honolulu, Honolulu, Honolulu County, Hawaii, 96828, United States",
        "neighborhood": "unknown",
        "source": "osm",
        "osm_id": 1216895583,
        "osm_type": "way"
      }
    },
    {
      "type": "Feature",
      "geometry": {
        "type": "Point",
        "coordinates": [
          -157.7932737,
          21.2628426
        ]
      },
      "properties": {
        "id": "osm-1216895584",
        "lat": 21.2628426,
        "lon": -157.7932737,
        "name": "",
        "address": "Hakaka Street, Black Point, K\u0101hala, East Honolulu, Honolulu, Honolulu County, Hawaii, 96828, United States",
        "neighborhood": "unknown",
        "source": "osm",
        "osm_id": 1216895584,
        "osm_type": "way"
      }
    },
    {
      "type": "Feature",
      "geometry": {
        "type": "Point",
        "coordinates": [
          -157.7925485,
          21.2624664
        ]
      },
      "properties": {
        "id": "osm-1216914353",
        "lat": 21.2624664,
        "lon": -157.7925485,
        "name": "",
        "address": "Hakaka Street, Black Point, K\u0101hala, East Honolulu, Honolulu, Honolulu County, Hawaii, 96828, United States",
        "neighborhood": "unknown",
        "source": "osm",
        "osm_id": 1216914353,
        "osm_type": "way"
      }
    },
    {
      "type": "Feature",
      "geometry": {
        "type": "Point",
        "coordinates": [
          -157.7927443,
          21.2629185
        ]
      },
      "properties": {
        "id": "osm-1216914354",
        "lat": 21.2629185,
        "lon": -157.7927443,
        "name": "",
        "address": "672, Hakaka Place, Black Point, K\u0101hala, East Honolulu, Honolulu, Honolulu County, Hawaii, 96816, United States",
        "neighborhood": "unknown",
        "source": "osm",
        "osm_id": 1216914354,
        "osm_type": "way"
      }
    },
    {
      "type": "Feature",
      "geometry": {
        "type": "Point",
        "coordinates": [
          -157.7934288,
          21.2632576
        ]
      },
      "properties": {
        "id": "osm-1216914355",
        "lat": 21.2632576,
        "lon": -157.7934288,
        "name": "",
        "address": "Hakaka Street, Black Point, K\u0101hala, East Honolulu, Honolulu, Honolulu County, Hawaii, 96828, United States",
        "neighborhood": "unknown",
        "source": "osm",
        "osm_id": 1216914355,
        "osm_type": "way"
      }
    },
    {
      "type": "Feature",
      "geometry": {
        "type": "Point",
        "coordinates": [
          -157.7941822,
          21.2635973
        ]
      },
      "properties": {
        "id": "osm-1216921767",
        "lat": 21.2635973,
        "lon": -157.7941822,
        "name": "",
        "address": "687, Hakaka Street, Black Point, K\u0101hala, East Honolulu, Honolulu, Honolulu County, Hawaii, 96816, United States",
        "neighborhood": "unknown",
        "source": "osm",
        "osm_id": 1216921767,
        "osm_type": "way"
      }
    },
    {
      "type": "Feature",
      "geometry": {
        "type": "Point",
        "coordinates": [
          -157.7933203,
          21.263879
        ]
      },
      "properties": {
        "id": "osm-1216922840",
        "lat": 21.263879,
        "lon": -157.7933203,
        "name": "",
        "address": "Hakaka Place, Black Point, K\u0101hala, East Honolulu, Honolulu, Honolulu County, Hawaii, 96828, United States",
        "neighborhood": "unknown",
        "source": "osm",
        "osm_id": 1216922840,
        "osm_type": "way"
      }
    },
    {
      "type": "Feature",
      "geometry": {
        "type": "Point",
        "coordinates": [
          -157.7932961,
          21.2642856
        ]
      },
      "properties": {
        "id": "osm-1216922841",
        "lat": 21.2642856,
        "lon": -157.7932961,
        "name": "",
        "address": "Panini Loop, Black Point, K\u0101hala, East Honolulu, Honolulu, Honolulu County, Hawaii, 96828, United States",
        "neighborhood": "unknown",
        "source": "osm",
        "osm_id": 1216922841,
        "osm_type": "way"
      }
    },
    {
      "type": "Feature",
      "geometry": {
        "type": "Point",
        "coordinates": [
          -157.7933894,
          21.2641522
        ]
      },
      "properties": {
        "id": "osm-1216922842",
        "lat": 21.2641522,
        "lon": -157.7933894,
        "name": "",
        "address": "Panini Loop, K\u0101hala, East Honolulu, Honolulu, Honolulu County, Hawaii, 96828, United States",
        "neighborhood": "unknown",
        "source": "osm",
        "osm_id": 1216922842,
        "osm_type": "way"
      }
    },
    {
      "type": "Feature",
      "geometry": {
        "type": "Point",
        "coordinates": [
          -157.7940627,
          21.2644451
        ]
      },
      "properties": {
        "id": "osm-1216924806",
        "lat": 21.2644451,
        "lon": -157.7940627,
        "name": "",
        "address": "Palekaua Street, Black Point, K\u0101hala, East Honolulu, Honolulu, Honolulu County, Hawaii, 96828, United States",
        "neighborhood": "unknown",
        "source": "osm",
        "osm_id": 1216924806,
        "osm_type": "way"
      }
    },
    {
      "type": "Feature",
      "geometry": {
        "type": "Point",
        "coordinates": [
          -157.7929609,
          21.2638947
        ]
      },
      "properties": {
        "id": "osm-1216924810",
        "lat": 21.2638947,
        "lon": -157.7929609,
        "name": "",
        "address": "Hakaka Place, Black Point, K\u0101hala, East Honolulu, Honolulu, Honolulu County, Hawaii, 96828, United States",
        "neighborhood": "unknown",
        "source": "osm",
        "osm_id": 1216924810,
        "osm_type": "way"
      }
    },
    {
      "type": "Feature",
      "geometry": {
        "type": "Point",
        "coordinates": [
          -157.7914493,
          21.2643884
        ]
      },
      "properties": {
        "id": "osm-1216947382",
        "lat": 21.2643884,
        "lon": -157.7914493,
        "name": "",
        "address": "Hopeloa Place, Black Point, K\u0101hala, East Honolulu, Honolulu, Honolulu County, Hawaii, 96828, United States",
        "neighborhood": "unknown",
        "source": "osm",
        "osm_id": 1216947382,
        "osm_type": "way"
      }
    },
    {
      "type": "Feature",
      "geometry": {
        "type": "Point",
        "coordinates": [
          -157.7915184,
          21.2641739
        ]
      },
      "properties": {
        "id": "osm-1216947383",
        "lat": 21.2641739,
        "lon": -157.7915184,
        "name": "",
        "address": "Hopeloa Place, Black Point, K\u0101hala, East Honolulu, Honolulu, Honolulu County, Hawaii, 96828, United States",
        "neighborhood": "unknown",
        "source": "osm",
        "osm_id": 1216947383,
        "osm_type": "way"
      }
    },
    {
      "type": "Feature",
      "geometry": {
        "type": "Point",
        "coordinates": [
          -157.7922209,
          21.2645404
        ]
      },
      "properties": {
        "id": "osm-1216947384",
        "lat": 21.2645404,
        "lon": -157.7922209,
        "name": "",
        "address": "4357, Panini Loop, K\u0101hala, East Honolulu, Honolulu, Honolulu County, Hawaii, 96816, United States",
        "neighborhood": "unknown",
        "source": "osm",
        "osm_id": 1216947384,
        "osm_type": "way"
      }
    },
    {
      "type": "Feature",
      "geometry": {
        "type": "Point",
        "coordinates": [
          -157.7925064,
          21.264459
        ]
      },
      "properties": {
        "id": "osm-1216947385",
        "lat": 21.264459,
        "lon": -157.7925064,
        "name": "",
        "address": "Panini Loop, Black Point, K\u0101hala, East Honolulu, Honolulu, Honolulu County, Hawaii, 96828, United States",
        "neighborhood": "unknown",
        "source": "osm",
        "osm_id": 1216947385,
        "osm_type": "way"
      }
    },
    {
      "type": "Feature",
      "geometry": {
        "type": "Point",
        "coordinates": [
          -157.7907435,
          21.2653858
        ]
      },
      "properties": {
        "id": "osm-1216947510",
        "lat": 21.2653858,
        "lon": -157.7907435,
        "name": "",
        "address": "Elepaio Street, Waialae-Kahala, Black Point, K\u0101hala, East Honolulu, Honolulu, Honolulu County, Hawaii, 96828, United States",
        "neighborhood": "unknown",
        "source": "osm",
        "osm_id": 1216947510,
        "osm_type": "way"
      }
    },
    {
      "type": "Feature",
      "geometry": {
        "type": "Point",
        "coordinates": [
          -157.7907296,
          21.2656398
        ]
      },
      "properties": {
        "id": "osm-1216947628",
        "lat": 21.2656398,
        "lon": -157.7907296,
        "name": "",
        "address": "692, Elepaio Street, Waialae-Kahala, K\u0101hala, East Honolulu, Honolulu, Honolulu County, Hawaii, 96816, United States",
        "neighborhood": "unknown",
        "source": "osm",
        "osm_id": 1216947628,
        "osm_type": "way"
      }
    },
    {
      "type": "Feature",
      "geometry": {
        "type": "Point",
        "coordinates": [
          -157.793207,
          21.265487
        ]
      },
      "properties": {
        "id": "osm-1216947629",
        "lat": 21.265487,
        "lon": -157.793207,
        "name": "",
        "address": "Huanui Place, K\u0101hala, East Honolulu, Honolulu, Honolulu County, Hawaii, 96828, United States",
        "neighborhood": "unknown",
        "source": "osm",
        "osm_id": 1216947629,
        "osm_type": "way"
      }
    },
    {
      "type": "Feature",
      "geometry": {
        "type": "Point",
        "coordinates": [
          -157.790964,
          21.2645327
        ]
      },
      "properties": {
        "id": "osm-1217180445",
        "lat": 21.2645327,
        "lon": -157.790964,
        "name": "",
        "address": "4399, Hopeloa Place, K\u0101hala, East Honolulu, Honolulu, Honolulu County, Hawaii, 96816, United States",
        "neighborhood": "unknown",
        "source": "osm",
        "osm_id": 1217180445,
        "osm_type": "way"
      }
    },
    {
      "type": "Feature",
      "geometry": {
        "type": "Point",
        "coordinates": [
          -157.791859,
          21.2647044
        ]
      },
      "properties": {
        "id": "osm-1217182844",
        "lat": 21.2647044,
        "lon": -157.791859,
        "name": "",
        "address": "Hopeloa Place, Black Point, K\u0101hala, East Honolulu, Honolulu, Honolulu County, Hawaii, 96828, United States",
        "neighborhood": "unknown",
        "source": "osm",
        "osm_id": 1217182844,
        "osm_type": "way"
      }
    },
    {
      "type": "Feature",
      "geometry": {
        "type": "Point",
        "coordinates": [
          -157.7922304,
          21.2648771
        ]
      },
      "properties": {
        "id": "osm-1217182847",
        "lat": 21.2648771,
        "lon": -157.7922304,
        "name": "",
        "address": "Panini Loop, Black Point, K\u0101hala, East Honolulu, Honolulu, Honolulu County, Hawaii, 96828, United States",
        "neighborhood": "unknown",
        "source": "osm",
        "osm_id": 1217182847,
        "osm_type": "way"
      }
    },
    {
      "type": "Feature",
      "geometry": {
        "type": "Point",
        "coordinates": [
          -157.7936448,
          21.2644323
        ]
      },
      "properties": {
        "id": "osm-1217185138",
        "lat": 21.2644323,
        "lon": -157.7936448,
        "name": "",
        "address": "Puu Panini Avenue, Black Point, K\u0101hala, East Honolulu, Honolulu, Honolulu County, Hawaii, 96828, United States",
        "neighborhood": "unknown",
        "source": "osm",
        "osm_id": 1217185138,
        "osm_type": "way"
      }
    },
    {
      "type": "Feature",
      "geometry": {
        "type": "Point",
        "coordinates": [
          -157.7948118,
          21.2631617
        ]
      },
      "properties": {
        "id": "osm-1217186238",
        "lat": 21.2631617,
        "lon": -157.7948118,
        "name": "",
        "address": "Hakaka Street, Black Point, K\u0101hala, East Honolulu, Honolulu, Honolulu County, Hawaii, 96828, United States",
        "neighborhood": "unknown",
        "source": "osm",
        "osm_id": 1217186238,
        "osm_type": "way"
      }
    },
    {
      "type": "Feature",
      "geometry": {
        "type": "Point",
        "coordinates": [
          -157.7949887,
          21.2631286
        ]
      },
      "properties": {
        "id": "osm-1217186239",
        "lat": 21.2631286,
        "lon": -157.7949887,
        "name": "",
        "address": "Hakaka Street, Black Point, K\u0101hala, East Honolulu, Honolulu, Honolulu County, Hawaii, 96828, United States",
        "neighborhood": "unknown",
        "source": "osm",
        "osm_id": 1217186239,
        "osm_type": "way"
      }
    },
    {
      "type": "Feature",
      "geometry": {
        "type": "Point",
        "coordinates": [
          -157.7940312,
          21.2627261
        ]
      },
      "properties": {
        "id": "osm-1217186242",
        "lat": 21.2627261,
        "lon": -157.7940312,
        "name": "",
        "address": "652, Hakaka Street, Black Point, K\u0101hala, East Honolulu, Honolulu, Honolulu County, Hawaii, 96816, United States",
        "neighborhood": "unknown",
        "source": "osm",
        "osm_id": 1217186242,
        "osm_type": "way"
      }
    },
    {
      "type": "Feature",
      "geometry": {
        "type": "Point",
        "coordinates": [
          -157.7935174,
          21.262493
        ]
      },
      "properties": {
        "id": "osm-1217186243",
        "lat": 21.262493,
        "lon": -157.7935174,
        "name": "",
        "address": "Hakaka Street, Black Point, K\u0101hala, East Honolulu, Honolulu, Honolulu County, Hawaii, 96828, United States",
        "neighborhood": "unknown",
        "source": "osm",
        "osm_id": 1217186243,
        "osm_type": "way"
      }
    },
    {
      "type": "Feature",
      "geometry": {
        "type": "Point",
        "coordinates": [
          -157.7935974,
          21.2621545
        ]
      },
      "properties": {
        "id": "osm-1217186692",
        "lat": 21.2621545,
        "lon": -157.7935974,
        "name": "",
        "address": "Kaimanahila Street, Black Point, K\u0101hala, East Honolulu, Honolulu, Honolulu County, Hawaii, 96828, United States",
        "neighborhood": "unknown",
        "source": "osm",
        "osm_id": 1217186692,
        "osm_type": "way"
      }
    },
    {
      "type": "Feature",
      "geometry": {
        "type": "Point",
        "coordinates": [
          -157.7936629,
          21.2620165
        ]
      },
      "properties": {
        "id": "osm-1217186693",
        "lat": 21.2620165,
        "lon": -157.7936629,
        "name": "",
        "address": "Kaimanahila Street, Black Point, K\u0101hala, East Honolulu, Honolulu, Honolulu County, Hawaii, 96828, United States",
        "neighborhood": "unknown",
        "source": "osm",
        "osm_id": 1217186693,
        "osm_type": "way"
      }
    },
    {
      "type": "Feature",
      "geometry": {
        "type": "Point",
        "coordinates": [
          -157.7937706,
          21.2617962
        ]
      },
      "properties": {
        "id": "osm-1217186694",
        "lat": 21.2617962,
        "lon": -157.7937706,
        "name": "",
        "address": "Kaimanahila Street, Black Point, K\u0101hala, East Honolulu, Honolulu, Honolulu County, Hawaii, 96828, United States",
        "neighborhood": "unknown",
        "source": "osm",
        "osm_id": 1217186694,
        "osm_type": "way"
      }
    },
    {
      "type": "Feature",
      "geometry": {
        "type": "Point",
        "coordinates": [
          -157.7940356,
          21.2616287
        ]
      },
      "properties": {
        "id": "osm-1217186695",
        "lat": 21.2616287,
        "lon": -157.7940356,
        "name": "",
        "address": "Kaimanahila Street, Black Point, K\u0101hala, East Honolulu, Honolulu, Honolulu County, Hawaii, 96828, United States",
        "neighborhood": "unknown",
        "source": "osm",
        "osm_id": 1217186695,
        "osm_type": "way"
      }
    },
    {
      "type": "Feature",
      "geometry": {
        "type": "Point",
        "coordinates": [
          -157.7941158,
          21.2612276
        ]
      },
      "properties": {
        "id": "osm-1217186696",
        "lat": 21.2612276,
        "lon": -157.7941158,
        "name": "",
        "address": "Kaimanahila Street, Black Point, K\u0101hala, East Honolulu, Honolulu, Honolulu County, Hawaii, 96828, United States",
        "neighborhood": "unknown",
        "source": "osm",
        "osm_id": 1217186696,
        "osm_type": "way"
      }
    },
    {
      "type": "Feature",
      "geometry": {
        "type": "Point",
        "coordinates": [
          -157.7943216,
          21.2609846
        ]
      },
      "properties": {
        "id": "osm-1217186697",
        "lat": 21.2609846,
        "lon": -157.7943216,
        "name": "",
        "address": "Kaimanahila Street, Black Point, K\u0101hala, East Honolulu, Honolulu, Honolulu County, Hawaii, 96828, United States",
        "neighborhood": "unknown",
        "source": "osm",
        "osm_id": 1217186697,
        "osm_type": "way"
      }
    },
    {
      "type": "Feature",
      "geometry": {
        "type": "Point",
        "coordinates": [
          -157.7946515,
          21.2607966
        ]
      },
      "properties": {
        "id": "osm-1217186698",
        "lat": 21.2607966,
        "lon": -157.7946515,
        "name": "",
        "address": "4172, Kaimanahila Street, Black Point, K\u0101hala, East Honolulu, Honolulu, Honolulu County, Hawaii, 96816, United States",
        "neighborhood": "unknown",
        "source": "osm",
        "osm_id": 1217186698,
        "osm_type": "way"
      }
    },
    {
      "type": "Feature",
      "geometry": {
        "type": "Point",
        "coordinates": [
          -157.794865,
          21.2607072
        ]
      },
      "properties": {
        "id": "osm-1217186699",
        "lat": 21.2607072,
        "lon": -157.794865,
        "name": "",
        "address": "4160, Kaimanahila Street, Black Point, K\u0101hala, East Honolulu, Honolulu, Honolulu County, Hawaii, 96816, United States",
        "neighborhood": "unknown",
        "source": "osm",
        "osm_id": 1217186699,
        "osm_type": "way"
      }
    },
    {
      "type": "Feature",
      "geometry": {
        "type": "Point",
        "coordinates": [
          -157.7959352,
          21.2602274
        ]
      },
      "properties": {
        "id": "osm-1217186700",
        "lat": 21.2602274,
        "lon": -157.7959352,
        "name": "",
        "address": "Paikau Street, Black Point, K\u0101hala, East Honolulu, Honolulu, Honolulu County, Hawaii, 96828, United States",
        "neighborhood": "unknown",
        "source": "osm",
        "osm_id": 1217186700,
        "osm_type": "way"
      }
    },
    {
      "type": "Feature",
      "geometry": {
        "type": "Point",
        "coordinates": [
          -157.7901778,
          21.2682663
        ]
      },
      "properties": {
        "id": "osm-1217191063",
        "lat": 21.2682663,
        "lon": -157.7901778,
        "name": "",
        "address": "Elepaio Street, Waialae-Kahala, Black Point, K\u0101hala, East Honolulu, Honolulu, Honolulu County, Hawaii, 96828, United States",
        "neighborhood": "unknown",
        "source": "osm",
        "osm_id": 1217191063,
        "osm_type": "way"
      }
    },
    {
      "type": "Feature",
      "geometry": {
        "type": "Point",
        "coordinates": [
          -157.7902315,
          21.2680603
        ]
      },
      "properties": {
        "id": "osm-1217191064",
        "lat": 21.2680603,
        "lon": -157.7902315,
        "name": "",
        "address": "Elepaio Street, Waialae-Kahala, Black Point, K\u0101hala, East Honolulu, Honolulu, Honolulu County, Hawaii, 96828, United States",
        "neighborhood": "unknown",
        "source": "osm",
        "osm_id": 1217191064,
        "osm_type": "way"
      }
    },
    {
      "type": "Feature",
      "geometry": {
        "type": "Point",
        "coordinates": [
          -157.7905961,
          21.2675816
        ]
      },
      "properties": {
        "id": "osm-1217191065",
        "lat": 21.2675816,
        "lon": -157.7905961,
        "name": "",
        "address": "Puu Panini Avenue, K\u0101hala, East Honolulu, Honolulu, Honolulu County, Hawaii, 96828, United States",
        "neighborhood": "unknown",
        "source": "osm",
        "osm_id": 1217191065,
        "osm_type": "way"
      }
    },
    {
      "type": "Feature",
      "geometry": {
        "type": "Point",
        "coordinates": [
          -157.7906316,
          21.2658294
        ]
      },
      "properties": {
        "id": "osm-1217191067",
        "lat": 21.2658294,
        "lon": -157.7906316,
        "name": "",
        "address": "Elepaio Street, Waialae-Kahala, Black Point, K\u0101hala, East Honolulu, Honolulu, Honolulu County, Hawaii, 96828, United States",
        "neighborhood": "unknown",
        "source": "osm",
        "osm_id": 1217191067,
        "osm_type": "way"
      }
    },
    {
      "type": "Feature",
      "geometry": {
        "type": "Point",
        "coordinates": [
          -157.7905648,
          21.2662296
        ]
      },
      "properties": {
        "id": "osm-1217191068",
        "lat": 21.2662296,
        "lon": -157.7905648,
        "name": "",
        "address": "Elepaio Street, Waialae-Kahala, Black Point, K\u0101hala, East Honolulu, Honolulu, Honolulu County, Hawaii, 96828, United States",
        "neighborhood": "unknown",
        "source": "osm",
        "osm_id": 1217191068,
        "osm_type": "way"
      }
    },
    {
      "type": "Feature",
      "geometry": {
        "type": "Point",
        "coordinates": [
          -157.7905803,
          21.2665625
        ]
      },
      "properties": {
        "id": "osm-1217191069",
        "lat": 21.2665625,
        "lon": -157.7905803,
        "name": "",
        "address": "722, Elepaio Street, Waialae-Kahala, K\u0101hala, East Honolulu, Honolulu, Honolulu County, Hawaii, 96816, United States",
        "neighborhood": "unknown",
        "source": "osm",
        "osm_id": 1217191069,
        "osm_type": "way"
      }
    },
    {
      "type": "Feature",
      "geometry": {
        "type": "Point",
        "coordinates": [
          -157.7902282,
          21.2677768
        ]
      },
      "properties": {
        "id": "osm-1217191070",
        "lat": 21.2677768,
        "lon": -157.7902282,
        "name": "",
        "address": "Elepaio Street, Waialae-Kahala, Black Point, K\u0101hala, East Honolulu, Honolulu, Honolulu County, Hawaii, 96828, United States",
        "neighborhood": "unknown",
        "source": "osm",
        "osm_id": 1217191070,
        "osm_type": "way"
      }
    },
    {
      "type": "Feature",
      "geometry": {
        "type": "Point",
        "coordinates": [
          -157.7904812,
          21.2670224
        ]
      },
      "properties": {
        "id": "osm-1217199968",
        "lat": 21.2670224,
        "lon": -157.7904812,
        "name": "",
        "address": "Elepaio Street, Waialae-Kahala, Black Point, K\u0101hala, East Honolulu, Honolulu, Honolulu County, Hawaii, 96828, United States",
        "neighborhood": "unknown",
        "source": "osm",
        "osm_id": 1217199968,
        "osm_type": "way"
      }
    },
    {
      "type": "Feature",
      "geometry": {
        "type": "Point",
        "coordinates": [
          -157.7798133,
          21.2692705
        ]
      },
      "properties": {
        "id": "osm-1217207800",
        "lat": 21.2692705,
        "lon": -157.7798133,
        "name": "",
        "address": "Pueo Street, Waialae-Kahala, K\u0101hala, East Honolulu, Honolulu, Honolulu County, Hawaii, 96821, United States",
        "neighborhood": "unknown",
        "source": "osm",
        "osm_id": 1217207800,
        "osm_type": "way"
      }
    },
    {
      "type": "Feature",
      "geometry": {
        "type": "Point",
        "coordinates": [
          -157.779855,
          21.2691696
        ]
      },
      "properties": {
        "id": "osm-1217207801",
        "lat": 21.2691696,
        "lon": -157.779855,
        "name": "",
        "address": "Pueo Street, Waialae-Kahala, Wailupe, K\u0101hala, East Honolulu, Honolulu, Honolulu County, Hawaii, 96821, United States",
        "neighborhood": "unknown",
        "source": "osm",
        "osm_id": 1217207801,
        "osm_type": "way"
      }
    },
    {
      "type": "Feature",
      "geometry": {
        "type": "Point",
        "coordinates": [
          -157.7795277,
          21.268946
        ]
      },
      "properties": {
        "id": "osm-1217207802",
        "lat": 21.268946,
        "lon": -157.7795277,
        "name": "",
        "address": "Kahala Avenue, Waialae-Kahala, K\u0101hala, East Honolulu, Honolulu, Honolulu County, Hawaii, 96821, United States",
        "neighborhood": "unknown",
        "source": "osm",
        "osm_id": 1217207802,
        "osm_type": "way"
      }
    },
    {
      "type": "Feature",
      "geometry": {
        "type": "Point",
        "coordinates": [
          -157.7794717,
          21.2693375
        ]
      },
      "properties": {
        "id": "osm-1217207803",
        "lat": 21.2693375,
        "lon": -157.7794717,
        "name": "",
        "address": "Kahala Avenue, Waialae-Kahala, Wailupe, K\u0101hala, East Honolulu, Honolulu, Honolulu County, Hawaii, 96821, United States",
        "neighborhood": "unknown",
        "source": "osm",
        "osm_id": 1217207803,
        "osm_type": "way"
      }
    },
    {
      "type": "Feature",
      "geometry": {
        "type": "Point",
        "coordinates": [
          -157.7796412,
          21.2694316
        ]
      },
      "properties": {
        "id": "osm-1217207804",
        "lat": 21.2694316,
        "lon": -157.7796412,
        "name": "",
        "address": "\u02bbAukai Avenue, Waialae-Kahala, K\u0101hala, East Honolulu, Honolulu, Honolulu County, Hawaii, 96821, United States",
        "neighborhood": "unknown",
        "source": "osm",
        "osm_id": 1217207804,
        "osm_type": "way"
      }
    },
    {
      "type": "Feature",
      "geometry": {
        "type": "Point",
        "coordinates": [
          -157.7794537,
          21.2695074
        ]
      },
      "properties": {
        "id": "osm-1217207805",
        "lat": 21.2695074,
        "lon": -157.7794537,
        "name": "",
        "address": "Kahala Avenue, Waialae-Kahala, K\u0101hala, East Honolulu, Honolulu, Honolulu County, Hawaii, 96821, United States",
        "neighborhood": "unknown",
        "source": "osm",
        "osm_id": 1217207805,
        "osm_type": "way"
      }
    },
    {
      "type": "Feature",
      "geometry": {
        "type": "Point",
        "coordinates": [
          -157.779447,
          21.2699543
        ]
      },
      "properties": {
        "id": "osm-1217207807",
        "lat": 21.2699543,
        "lon": -157.779447,
        "name": "",
        "address": "\u02bbAukai Avenue, Waialae-Kahala, K\u0101hala, East Honolulu, Honolulu, Honolulu County, Hawaii, 96821, United States",
        "neighborhood": "unknown",
        "source": "osm",
        "osm_id": 1217207807,
        "osm_type": "way"
      }
    },
    {
      "type": "Feature",
      "geometry": {
        "type": "Point",
        "coordinates": [
          -157.7797992,
          21.2697899
        ]
      },
      "properties": {
        "id": "osm-1217207808",
        "lat": 21.2697899,
        "lon": -157.7797992,
        "name": "",
        "address": "\u02bbAukai Avenue, Waialae-Kahala, K\u0101hala, East Honolulu, Honolulu, Honolulu County, Hawaii, 96821, United States",
        "neighborhood": "unknown",
        "source": "osm",
        "osm_id": 1217207808,
        "osm_type": "way"
      }
    },
    {
      "type": "Feature",
      "geometry": {
        "type": "Point",
        "coordinates": [
          -157.7792048,
          21.2697916
        ]
      },
      "properties": {
        "id": "osm-1217218076",
        "lat": 21.2697916,
        "lon": -157.7792048,
        "name": "",
        "address": "Kealaolu Avenue, Waialae-Kahala, K\u0101hala, East Honolulu, Honolulu, Honolulu County, Hawaii, 96821, United States",
        "neighborhood": "unknown",
        "source": "osm",
        "osm_id": 1217218076,
        "osm_type": "way"
      }
    },
    {
      "type": "Feature",
      "geometry": {
        "type": "Point",
        "coordinates": [
          -157.7790241,
          21.2701926
        ]
      },
      "properties": {
        "id": "osm-1217218078",
        "lat": 21.2701926,
        "lon": -157.7790241,
        "name": "",
        "address": "865, Kealaolu Avenue, Waialae-Kahala, Wailupe, K\u0101hala, East Honolulu, Honolulu, Honolulu County, Hawaii, 96816, United States",
        "neighborhood": "kahala",
        "source": "osm",
        "osm_id": 1217218078,
        "osm_type": "way"
      }
    },
    {
      "type": "Feature",
      "geometry": {
        "type": "Point",
        "coordinates": [
          -157.7788515,
          21.2700464
        ]
      },
      "properties": {
        "id": "osm-1217218079",
        "lat": 21.2700464,
        "lon": -157.7788515,
        "name": "",
        "address": "Kealaolu Avenue, Waialae-Kahala, K\u0101hala, East Honolulu, Honolulu, Honolulu County, Hawaii, 96821, United States",
        "neighborhood": "kahala",
        "source": "osm",
        "osm_id": 1217218079,
        "osm_type": "way"
      }
    },
    {
      "type": "Feature",
      "geometry": {
        "type": "Point",
        "coordinates": [
          -157.7784304,
          21.2703732
        ]
      },
      "properties": {
        "id": "osm-1217218080",
        "lat": 21.2703732,
        "lon": -157.7784304,
        "name": "",
        "address": "Kahala Avenue, Waialae-Kahala, K\u0101hala, East Honolulu, Honolulu, Honolulu County, Hawaii, 96821, United States",
        "neighborhood": "kahala",
        "source": "osm",
        "osm_id": 1217218080,
        "osm_type": "way"
      }
    },
    {
      "type": "Feature",
      "geometry": {
        "type": "Point",
        "coordinates": [
          -157.78127,
          21.2700629
        ]
      },
      "properties": {
        "id": "osm-1217218089",
        "lat": 21.2700629,
        "lon": -157.78127,
        "name": "",
        "address": "Pueo Street, Waialae-Kahala, K\u0101hala, East Honolulu, Honolulu, Honolulu County, Hawaii, 96821, United States",
        "neighborhood": "unknown",
        "source": "osm",
        "osm_id": 1217218089,
        "osm_type": "way"
      }
    },
    {
      "type": "Feature",
      "geometry": {
        "type": "Point",
        "coordinates": [
          -157.7811143,
          21.2702453
        ]
      },
      "properties": {
        "id": "osm-1217218090",
        "lat": 21.2702453,
        "lon": -157.7811143,
        "name": "",
        "address": "912, Makaiwa Street, Waialae-Kahala, Wailupe, K\u0101hala, East Honolulu, Honolulu, Honolulu County, Hawaii, 96816, United States",
        "neighborhood": "unknown",
        "source": "osm",
        "osm_id": 1217218090,
        "osm_type": "way"
      }
    },
    {
      "type": "Feature",
      "geometry": {
        "type": "Point",
        "coordinates": [
          -157.7814395,
          21.2703361
        ]
      },
      "properties": {
        "id": "osm-1217218092",
        "lat": 21.2703361,
        "lon": -157.7814395,
        "name": "",
        "address": "Waiohinu Drive, Waialae-Kahala, K\u0101hala, East Honolulu, Honolulu, Honolulu County, Hawaii, 96821, United States",
        "neighborhood": "unknown",
        "source": "osm",
        "osm_id": 1217218092,
        "osm_type": "way"
      }
    },
    {
      "type": "Feature",
      "geometry": {
        "type": "Point",
        "coordinates": [
          -157.7815528,
          21.2702583
        ]
      },
      "properties": {
        "id": "osm-1217218094",
        "lat": 21.2702583,
        "lon": -157.7815528,
        "name": "",
        "address": "Pueo Street, Waialae-Kahala, Wailupe, K\u0101hala, East Honolulu, Honolulu, Honolulu County, Hawaii, 96821, United States",
        "neighborhood": "unknown",
        "source": "osm",
        "osm_id": 1217218094,
        "osm_type": "way"
      }
    },
    {
      "type": "Feature",
      "geometry": {
        "type": "Point",
        "coordinates": [
          -157.7816929,
          21.2705749
        ]
      },
      "properties": {
        "id": "osm-1217218095",
        "lat": 21.2705749,
        "lon": -157.7816929,
        "name": "",
        "address": "Waiohinu Drive, Waialae-Kahala, K\u0101hala, East Honolulu, Honolulu, Honolulu County, Hawaii, 96821, United States",
        "neighborhood": "unknown",
        "source": "osm",
        "osm_id": 1217218095,
        "osm_type": "way"
      }
    },
    {
      "type": "Feature",
      "geometry": {
        "type": "Point",
        "coordinates": [
          -157.782058,
          21.2705891
        ]
      },
      "properties": {
        "id": "osm-1217218096",
        "lat": 21.2705891,
        "lon": -157.782058,
        "name": "",
        "address": "Pueo Street, Waialae-Kahala, K\u0101hala, East Honolulu, Honolulu, Honolulu County, Hawaii, 96821, United States",
        "neighborhood": "unknown",
        "source": "osm",
        "osm_id": 1217218096,
        "osm_type": "way"
      }
    },
    {
      "type": "Feature",
      "geometry": {
        "type": "Point",
        "coordinates": [
          -157.7822585,
          21.270699
        ]
      },
      "properties": {
        "id": "osm-1217218097",
        "lat": 21.270699,
        "lon": -157.7822585,
        "name": "",
        "address": "Pueo Street, Waialae-Kahala, K\u0101hala, East Honolulu, Honolulu, Honolulu County, Hawaii, 96821, United States",
        "neighborhood": "unknown",
        "source": "osm",
        "osm_id": 1217218097,
        "osm_type": "way"
      }
    },
    {
      "type": "Feature",
      "geometry": {
        "type": "Point",
        "coordinates": [
          -157.7819885,
          21.2713276
        ]
      },
      "properties": {
        "id": "osm-1217218098",
        "lat": 21.2713276,
        "lon": -157.7819885,
        "name": "",
        "address": "Waiohinu Drive, Waialae-Kahala, K\u0101hala, East Honolulu, Honolulu, Honolulu County, Hawaii, 96821, United States",
        "neighborhood": "unknown",
        "source": "osm",
        "osm_id": 1217218098,
        "osm_type": "way"
      }
    },
    {
      "type": "Feature",
      "geometry": {
        "type": "Point",
        "coordinates": [
          -157.7817874,
          21.2718137
        ]
      },
      "properties": {
        "id": "osm-1217218099",
        "lat": 21.2718137,
        "lon": -157.7817874,
        "name": "",
        "address": "974, Makaiwa Street, Waialae-Kahala, Wailupe, K\u0101hala, East Honolulu, Honolulu, Honolulu County, Hawaii, 96816, United States",
        "neighborhood": "unknown",
        "source": "osm",
        "osm_id": 1217218099,
        "osm_type": "way"
      }
    },
    {
      "type": "Feature",
      "geometry": {
        "type": "Point",
        "coordinates": [
          -157.7808703,
          21.2705272
        ]
      },
      "properties": {
        "id": "osm-1217218100",
        "lat": 21.2705272,
        "lon": -157.7808703,
        "name": "",
        "address": "Makaiwa Street, Waialae-Kahala, K\u0101hala, East Honolulu, Honolulu, Honolulu County, Hawaii, 96821, United States",
        "neighborhood": "unknown",
        "source": "osm",
        "osm_id": 1217218100,
        "osm_type": "way"
      }
    },
    {
      "type": "Feature",
      "geometry": {
        "type": "Point",
        "coordinates": [
          -157.7819065,
          21.2716174
        ]
      },
      "properties": {
        "id": "osm-1217238329",
        "lat": 21.2716174,
        "lon": -157.7819065,
        "name": "",
        "address": "4757, Farmers Road, Waialae-Kahala, Wailupe, K\u0101hala, East Honolulu, Honolulu, Honolulu County, Hawaii, 96816, United States",
        "neighborhood": "unknown",
        "source": "osm",
        "osm_id": 1217238329,
        "osm_type": "way"
      }
    },
    {
      "type": "Feature",
      "geometry": {
        "type": "Point",
        "coordinates": [
          -157.782055,
          21.2713803
        ]
      },
      "properties": {
        "id": "osm-1217238331",
        "lat": 21.2713803,
        "lon": -157.782055,
        "name": "",
        "address": "4751, Farmers Road, Waialae-Kahala, Wailupe, K\u0101hala, East Honolulu, Honolulu, Honolulu County, Hawaii, 96816, United States",
        "neighborhood": "unknown",
        "source": "osm",
        "osm_id": 1217238331,
        "osm_type": "way"
      }
    },
    {
      "type": "Feature",
      "geometry": {
        "type": "Point",
        "coordinates": [
          -157.7827072,
          21.2707067
        ]
      },
      "properties": {
        "id": "osm-1217238339",
        "lat": 21.2707067,
        "lon": -157.7827072,
        "name": "",
        "address": "Pueo Street, Waialae-Kahala, K\u0101hala, East Honolulu, Honolulu, Honolulu County, Hawaii, 96821, United States",
        "neighborhood": "unknown",
        "source": "osm",
        "osm_id": 1217238339,
        "osm_type": "way"
      }
    },
    {
      "type": "Feature",
      "geometry": {
        "type": "Point",
        "coordinates": [
          -157.7807122,
          21.2698551
        ]
      },
      "properties": {
        "id": "osm-1217242660",
        "lat": 21.2698551,
        "lon": -157.7807122,
        "name": "",
        "address": "Makaiwa Street, Waialae-Kahala, K\u0101hala, East Honolulu, Honolulu, Honolulu County, Hawaii, 96821, United States",
        "neighborhood": "unknown",
        "source": "osm",
        "osm_id": 1217242660,
        "osm_type": "way"
      }
    },
    {
      "type": "Feature",
      "geometry": {
        "type": "Point",
        "coordinates": [
          -157.7804202,
          21.2698488
        ]
      },
      "properties": {
        "id": "osm-1217242661",
        "lat": 21.2698488,
        "lon": -157.7804202,
        "name": "",
        "address": "\u02bbAukai Avenue, Waialae-Kahala, K\u0101hala, East Honolulu, Honolulu, Honolulu County, Hawaii, 96821, United States",
        "neighborhood": "unknown",
        "source": "osm",
        "osm_id": 1217242661,
        "osm_type": "way"
      }
    },
    {
      "type": "Feature",
      "geometry": {
        "type": "Point",
        "coordinates": [
          -157.7805017,
          21.2697744
        ]
      },
      "properties": {
        "id": "osm-1217242662",
        "lat": 21.2697744,
        "lon": -157.7805017,
        "name": "",
        "address": "\u02bbAukai Avenue, Waialae-Kahala, K\u0101hala, East Honolulu, Honolulu, Honolulu County, Hawaii, 96821, United States",
        "neighborhood": "unknown",
        "source": "osm",
        "osm_id": 1217242662,
        "osm_type": "way"
      }
    },
    {
      "type": "Feature",
      "geometry": {
        "type": "Point",
        "coordinates": [
          -157.7802547,
          21.2700615
        ]
      },
      "properties": {
        "id": "osm-1217242663",
        "lat": 21.2700615,
        "lon": -157.7802547,
        "name": "",
        "address": "\u02bbAukai Avenue, Waialae-Kahala, K\u0101hala, East Honolulu, Honolulu, Honolulu County, Hawaii, 96821, United States",
        "neighborhood": "unknown",
        "source": "osm",
        "osm_id": 1217242663,
        "osm_type": "way"
      }
    },
    {
      "type": "Feature",
      "geometry": {
        "type": "Point",
        "coordinates": [
          -157.780039,
          21.2707267
        ]
      },
      "properties": {
        "id": "osm-1217242664",
        "lat": 21.2707267,
        "lon": -157.780039,
        "name": "",
        "address": "Kealaolu Avenue, Waialae-Kahala, K\u0101hala, East Honolulu, Honolulu, Honolulu County, Hawaii, 96821, United States",
        "neighborhood": "unknown",
        "source": "osm",
        "osm_id": 1217242664,
        "osm_type": "way"
      }
    },
    {
      "type": "Feature",
      "geometry": {
        "type": "Point",
        "coordinates": [
          -157.7799418,
          21.2705252
        ]
      },
      "properties": {
        "id": "osm-1217242665",
        "lat": 21.2705252,
        "lon": -157.7799418,
        "name": "",
        "address": "Kealaolu Avenue, Waialae-Kahala, K\u0101hala, East Honolulu, Honolulu, Honolulu County, Hawaii, 96821, United States",
        "neighborhood": "kahala",
        "source": "osm",
        "osm_id": 1217242665,
        "osm_type": "way"
      }
    },
    {
      "type": "Feature",
      "geometry": {
        "type": "Point",
        "coordinates": [
          -157.7802535,
          21.2708639
        ]
      },
      "properties": {
        "id": "osm-1217242666",
        "lat": 21.2708639,
        "lon": -157.7802535,
        "name": "",
        "address": "935, Makaiwa Street, Waialae-Kahala, Wailupe, K\u0101hala, East Honolulu, Honolulu, Honolulu County, Hawaii, 96816, United States",
        "neighborhood": "unknown",
        "source": "osm",
        "osm_id": 1217242666,
        "osm_type": "way"
      }
    },
    {
      "type": "Feature",
      "geometry": {
        "type": "Point",
        "coordinates": [
          -157.7801283,
          21.2711761
        ]
      },
      "properties": {
        "id": "osm-1217242667",
        "lat": 21.2711761,
        "lon": -157.7801283,
        "name": "",
        "address": "Kealaolu Avenue, Waialae-Kahala, K\u0101hala, East Honolulu, Honolulu, Honolulu County, Hawaii, 96821, United States",
        "neighborhood": "unknown",
        "source": "osm",
        "osm_id": 1217242667,
        "osm_type": "way"
      }
    },
    {
      "type": "Feature",
      "geometry": {
        "type": "Point",
        "coordinates": [
          -157.7805131,
          21.2711012
        ]
      },
      "properties": {
        "id": "osm-1217242668",
        "lat": 21.2711012,
        "lon": -157.7805131,
        "name": "",
        "address": "Makaiwa Street, Waialae-Kahala, K\u0101hala, East Honolulu, Honolulu, Honolulu County, Hawaii, 96821, United States",
        "neighborhood": "unknown",
        "source": "osm",
        "osm_id": 1217242668,
        "osm_type": "way"
      }
    },
    {
      "type": "Feature",
      "geometry": {
        "type": "Point",
        "coordinates": [
          -157.7806082,
          21.2713744
        ]
      },
      "properties": {
        "id": "osm-1217242669",
        "lat": 21.2713744,
        "lon": -157.7806082,
        "name": "",
        "address": "Kealaolu Avenue, Waialae-Kahala, Wailupe, K\u0101hala, East Honolulu, Honolulu, Honolulu County, Hawaii, 96821, United States",
        "neighborhood": "unknown",
        "source": "osm",
        "osm_id": 1217242669,
        "osm_type": "way"
      }
    },
    {
      "type": "Feature",
      "geometry": {
        "type": "Point",
        "coordinates": [
          -157.7809144,
          21.271905
        ]
      },
      "properties": {
        "id": "osm-1217242670",
        "lat": 21.271905,
        "lon": -157.7809144,
        "name": "",
        "address": "Kealaolu Avenue, Waialae-Kahala, K\u0101hala, East Honolulu, Honolulu, Honolulu County, Hawaii, 96821, United States",
        "neighborhood": "unknown",
        "source": "osm",
        "osm_id": 1217242670,
        "osm_type": "way"
      }
    },
    {
      "type": "Feature",
      "geometry": {
        "type": "Point",
        "coordinates": [
          -157.7808749,
          21.2717755
        ]
      },
      "properties": {
        "id": "osm-1217242671",
        "lat": 21.2717755,
        "lon": -157.7808749,
        "name": "",
        "address": "Kealaolu Avenue, Waialae-Kahala, K\u0101hala, East Honolulu, Honolulu, Honolulu County, Hawaii, 96821, United States",
        "neighborhood": "unknown",
        "source": "osm",
        "osm_id": 1217242671,
        "osm_type": "way"
      }
    },
    {
      "type": "Feature",
      "geometry": {
        "type": "Point",
        "coordinates": [
          -157.7810474,
          21.2717799
        ]
      },
      "properties": {
        "id": "osm-1217242672",
        "lat": 21.2717799,
        "lon": -157.7810474,
        "name": "",
        "address": "Kealaolu Avenue, Waialae-Kahala, Wailupe, K\u0101hala, East Honolulu, Honolulu, Honolulu County, Hawaii, 96821, United States",
        "neighborhood": "unknown",
        "source": "osm",
        "osm_id": 1217242672,
        "osm_type": "way"
      }
    },
    {
      "type": "Feature",
      "geometry": {
        "type": "Point",
        "coordinates": [
          -157.7809596,
          21.2715921
        ]
      },
      "properties": {
        "id": "osm-1217242673",
        "lat": 21.2715921,
        "lon": -157.7809596,
        "name": "",
        "address": "Kealaolu Avenue, Waialae-Kahala, Wailupe, K\u0101hala, East Honolulu, Honolulu, Honolulu County, Hawaii, 96821, United States",
        "neighborhood": "unknown",
        "source": "osm",
        "osm_id": 1217242673,
        "osm_type": "way"
      }
    },
    {
      "type": "Feature",
      "geometry": {
        "type": "Point",
        "coordinates": [
          -157.7807575,
          21.2716081
        ]
      },
      "properties": {
        "id": "osm-1217242674",
        "lat": 21.2716081,
        "lon": -157.7807575,
        "name": "",
        "address": "Kealaolu Avenue, Waialae-Kahala, K\u0101hala, East Honolulu, Honolulu, Honolulu County, Hawaii, 96821, United States",
        "neighborhood": "unknown",
        "source": "osm",
        "osm_id": 1217242674,
        "osm_type": "way"
      }
    },
    {
      "type": "Feature",
      "geometry": {
        "type": "Point",
        "coordinates": [
          -157.7812822,
          21.2721045
        ]
      },
      "properties": {
        "id": "osm-1217242675",
        "lat": 21.2721045,
        "lon": -157.7812822,
        "name": "",
        "address": "Makaiwa Street, Waialae-Kahala, Wailupe, K\u0101hala, East Honolulu, Honolulu, Honolulu County, Hawaii, 96821, United States",
        "neighborhood": "unknown",
        "source": "osm",
        "osm_id": 1217242675,
        "osm_type": "way"
      }
    },
    {
      "type": "Feature",
      "geometry": {
        "type": "Point",
        "coordinates": [
          -157.7814439,
          21.2722466
        ]
      },
      "properties": {
        "id": "osm-1217242676",
        "lat": 21.2722466,
        "lon": -157.7814439,
        "name": "",
        "address": "Makaiwa Street, Waialae-Kahala, K\u0101hala, East Honolulu, Honolulu, Honolulu County, Hawaii, 96821, United States",
        "neighborhood": "unknown",
        "source": "osm",
        "osm_id": 1217242676,
        "osm_type": "way"
      }
    },
    {
      "type": "Feature",
      "geometry": {
        "type": "Point",
        "coordinates": [
          -157.7812522,
          21.2722744
        ]
      },
      "properties": {
        "id": "osm-1217242677",
        "lat": 21.2722744,
        "lon": -157.7812522,
        "name": "",
        "address": "Makaiwa Street, Waialae-Kahala, Wailupe, K\u0101hala, East Honolulu, Honolulu, Honolulu County, Hawaii, 96821, United States",
        "neighborhood": "unknown",
        "source": "osm",
        "osm_id": 1217242677,
        "osm_type": "way"
      }
    },
    {
      "type": "Feature",
      "geometry": {
        "type": "Point",
        "coordinates": [
          -157.7812973,
          21.2724268
        ]
      },
      "properties": {
        "id": "osm-1217242678",
        "lat": 21.2724268,
        "lon": -157.7812973,
        "name": "",
        "address": "Kealaolu Avenue, Waialae-Kahala, K\u0101hala, East Honolulu, Honolulu, Honolulu County, Hawaii, 96821, United States",
        "neighborhood": "unknown",
        "source": "osm",
        "osm_id": 1217242678,
        "osm_type": "way"
      }
    },
    {
      "type": "Feature",
      "geometry": {
        "type": "Point",
        "coordinates": [
          -157.7813804,
          21.2725782
        ]
      },
      "properties": {
        "id": "osm-1217242679",
        "lat": 21.2725782,
        "lon": -157.7813804,
        "name": "",
        "address": "Farmers Road, Waialae-Kahala, K\u0101hala, East Honolulu, Honolulu, Honolulu County, Hawaii, 96821, United States",
        "neighborhood": "unknown",
        "source": "osm",
        "osm_id": 1217242679,
        "osm_type": "way"
      }
    },
    {
      "type": "Feature",
      "geometry": {
        "type": "Point",
        "coordinates": [
          -157.7805623,
          21.2726357
        ]
      },
      "properties": {
        "id": "osm-1217243398",
        "lat": 21.2726357,
        "lon": -157.7805623,
        "name": "",
        "address": "Kealaolu Avenue, Waialae-Kahala, K\u0101hala, East Honolulu, Honolulu, Honolulu County, Hawaii, 96821, United States",
        "neighborhood": "unknown",
        "source": "osm",
        "osm_id": 1217243398,
        "osm_type": "way"
      }
    },
    {
      "type": "Feature",
      "geometry": {
        "type": "Point",
        "coordinates": [
          -157.7800277,
          21.2722251
        ]
      },
      "properties": {
        "id": "osm-1217243399",
        "lat": 21.2722251,
        "lon": -157.7800277,
        "name": "",
        "address": "Kealaolu Avenue, Waialae-Kahala, K\u0101hala, East Honolulu, Honolulu, Honolulu County, Hawaii, 96821, United States",
        "neighborhood": "unknown",
        "source": "osm",
        "osm_id": 1217243399,
        "osm_type": "way"
      }
    },
    {
      "type": "Feature",
      "geometry": {
        "type": "Point",
        "coordinates": [
          -157.7815006,
          21.2725072
        ]
      },
      "properties": {
        "id": "osm-1217243406",
        "lat": 21.2725072,
        "lon": -157.7815006,
        "name": "",
        "address": "Farmers Road, Waialae-Kahala, K\u0101hala, East Honolulu, Honolulu, Honolulu County, Hawaii, 96821, United States",
        "neighborhood": "unknown",
        "source": "osm",
        "osm_id": 1217243406,
        "osm_type": "way"
      }
    },
    {
      "type": "Feature",
      "geometry": {
        "type": "Point",
        "coordinates": [
          -157.7803275,
          21.2705253
        ]
      },
      "properties": {
        "id": "osm-1217461858",
        "lat": 21.2705253,
        "lon": -157.7803275,
        "name": "",
        "address": "Makaiwa Street, Waialae-Kahala, K\u0101hala, East Honolulu, Honolulu, Honolulu County, Hawaii, 96821, United States",
        "neighborhood": "unknown",
        "source": "osm",
        "osm_id": 1217461858,
        "osm_type": "way"
      }
    },
    {
      "type": "Feature",
      "geometry": {
        "type": "Point",
        "coordinates": [
          -157.7832314,
          21.2710237
        ]
      },
      "properties": {
        "id": "osm-1217608169",
        "lat": 21.2710237,
        "lon": -157.7832314,
        "name": "",
        "address": "Pueo Street, Waialae-Kahala, K\u0101hala, East Honolulu, Honolulu, Honolulu County, Hawaii, 96821, United States",
        "neighborhood": "unknown",
        "source": "osm",
        "osm_id": 1217608169,
        "osm_type": "way"
      }
    },
    {
      "type": "Feature",
      "geometry": {
        "type": "Point",
        "coordinates": [
          -157.7833726,
          21.2709832
        ]
      },
      "properties": {
        "id": "osm-1217608170",
        "lat": 21.2709832,
        "lon": -157.7833726,
        "name": "",
        "address": "1065, Pueo Street, Waialae-Kahala, Wailupe, K\u0101hala, East Honolulu, Honolulu, Honolulu County, Hawaii, 96816, United States",
        "neighborhood": "unknown",
        "source": "osm",
        "osm_id": 1217608170,
        "osm_type": "way"
      }
    },
    {
      "type": "Feature",
      "geometry": {
        "type": "Point",
        "coordinates": [
          -157.7831668,
          21.2713142
        ]
      },
      "properties": {
        "id": "osm-1217608171",
        "lat": 21.2713142,
        "lon": -157.7831668,
        "name": "",
        "address": "Moa Street, Waialae-Kahala, K\u0101hala, East Honolulu, Honolulu, Honolulu County, Hawaii, 96821, United States",
        "neighborhood": "unknown",
        "source": "osm",
        "osm_id": 1217608171,
        "osm_type": "way"
      }
    },
    {
      "type": "Feature",
      "geometry": {
        "type": "Point",
        "coordinates": [
          -157.7826391,
          21.2721928
        ]
      },
      "properties": {
        "id": "osm-1217608172",
        "lat": 21.2721928,
        "lon": -157.7826391,
        "name": "",
        "address": "4757, Moa Street, Waialae-Kahala, Wailupe, K\u0101hala, East Honolulu, Honolulu, Honolulu County, Hawaii, 96816, United States",
        "neighborhood": "unknown",
        "source": "osm",
        "osm_id": 1217608172,
        "osm_type": "way"
      }
    },
    {
      "type": "Feature",
      "geometry": {
        "type": "Point",
        "coordinates": [
          -157.7824304,
          21.2724691
        ]
      },
      "properties": {
        "id": "osm-1217608173",
        "lat": 21.2724691,
        "lon": -157.7824304,
        "name": "",
        "address": "Moa Street, Waialae-Kahala, K\u0101hala, East Honolulu, Honolulu, Honolulu County, Hawaii, 96821, United States",
        "neighborhood": "unknown",
        "source": "osm",
        "osm_id": 1217608173,
        "osm_type": "way"
      }
    },
    {
      "type": "Feature",
      "geometry": {
        "type": "Point",
        "coordinates": [
          -157.7822387,
          21.2724936
        ]
      },
      "properties": {
        "id": "osm-1217608174",
        "lat": 21.2724936,
        "lon": -157.7822387,
        "name": "",
        "address": "Makaiwa Street, Waialae-Kahala, K\u0101hala, East Honolulu, Honolulu, Honolulu County, Hawaii, 96821, United States",
        "neighborhood": "unknown",
        "source": "osm",
        "osm_id": 1217608174,
        "osm_type": "way"
      }
    },
    {
      "type": "Feature",
      "geometry": {
        "type": "Point",
        "coordinates": [
          -157.7824407,
          21.2718104
        ]
      },
      "properties": {
        "id": "osm-1217608175",
        "lat": 21.2718104,
        "lon": -157.7824407,
        "name": "",
        "address": "Farmers Road, Waialae-Kahala, K\u0101hala, East Honolulu, Honolulu, Honolulu County, Hawaii, 96821, United States",
        "neighborhood": "unknown",
        "source": "osm",
        "osm_id": 1217608175,
        "osm_type": "way"
      }
    },
    {
      "type": "Feature",
      "geometry": {
        "type": "Point",
        "coordinates": [
          -157.7828161,
          21.2715539
        ]
      },
      "properties": {
        "id": "osm-1217608180",
        "lat": 21.2715539,
        "lon": -157.7828161,
        "name": "",
        "address": "Farmers Road, Waialae-Kahala, K\u0101hala, East Honolulu, Honolulu, Honolulu County, Hawaii, 96821, United States",
        "neighborhood": "unknown",
        "source": "osm",
        "osm_id": 1217608180,
        "osm_type": "way"
      }
    },
    {
      "type": "Feature",
      "geometry": {
        "type": "Point",
        "coordinates": [
          -157.7791393,
          21.2705932
        ]
      },
      "properties": {
        "id": "osm-1217608558",
        "lat": 21.2705932,
        "lon": -157.7791393,
        "name": "",
        "address": "Kealaolu Avenue, Waialae-Kahala, Wailupe, K\u0101hala, East Honolulu, Honolulu, Honolulu County, Hawaii, 96821, United States",
        "neighborhood": "kahala",
        "source": "osm",
        "osm_id": 1217608558,
        "osm_type": "way"
      }
    },
    {
      "type": "Feature",
      "geometry": {
        "type": "Point",
        "coordinates": [
          -157.7795845,
          21.2719488
        ]
      },
      "properties": {
        "id": "osm-1217659392",
        "lat": 21.2719488,
        "lon": -157.7795845,
        "name": "",
        "address": "Keolaolu Place, Waialae-Kahala, K\u0101hala, East Honolulu, Honolulu, Honolulu County, Hawaii, 96821, United States",
        "neighborhood": "kahala",
        "source": "osm",
        "osm_id": 1217659392,
        "osm_type": "way"
      }
    },
    {
      "type": "Feature",
      "geometry": {
        "type": "Point",
        "coordinates": [
          -157.7792659,
          21.2717848
        ]
      },
      "properties": {
        "id": "osm-1217659393",
        "lat": 21.2717848,
        "lon": -157.7792659,
        "name": "",
        "address": "Keolaolu Place, Waialae-Kahala, K\u0101hala, East Honolulu, Honolulu, Honolulu County, Hawaii, 96821, United States",
        "neighborhood": "kahala",
        "source": "osm",
        "osm_id": 1217659393,
        "osm_type": "way"
      }
    },
    {
      "type": "Feature",
      "geometry": {
        "type": "Point",
        "coordinates": [
          -157.7789869,
          21.2716021
        ]
      },
      "properties": {
        "id": "osm-1217659394",
        "lat": 21.2716021,
        "lon": -157.7789869,
        "name": "",
        "address": "Keolaolu Place, Waialae-Kahala, K\u0101hala, East Honolulu, Honolulu, Honolulu County, Hawaii, 96821, United States",
        "neighborhood": "kahala",
        "source": "osm",
        "osm_id": 1217659394,
        "osm_type": "way"
      }
    },
    {
      "type": "Feature",
      "geometry": {
        "type": "Point",
        "coordinates": [
          -157.7789696,
          21.2712623
        ]
      },
      "properties": {
        "id": "osm-1217659395",
        "lat": 21.2712623,
        "lon": -157.7789696,
        "name": "",
        "address": "Keolaolu Place, Waialae-Kahala, K\u0101hala, East Honolulu, Honolulu, Honolulu County, Hawaii, 96821, United States",
        "neighborhood": "kahala",
        "source": "osm",
        "osm_id": 1217659395,
        "osm_type": "way"
      }
    },
    {
      "type": "Feature",
      "geometry": {
        "type": "Point",
        "coordinates": [
          -157.779168,
          21.2710038
        ]
      },
      "properties": {
        "id": "osm-1217659396",
        "lat": 21.2710038,
        "lon": -157.779168,
        "name": "",
        "address": "Keolaolu Place, Waialae-Kahala, K\u0101hala, East Honolulu, Honolulu, Honolulu County, Hawaii, 96821, United States",
        "neighborhood": "kahala",
        "source": "osm",
        "osm_id": 1217659396,
        "osm_type": "way"
      }
    },
    {
      "type": "Feature",
      "geometry": {
        "type": "Point",
        "coordinates": [
          -157.7790437,
          21.2707173
        ]
      },
      "properties": {
        "id": "osm-1217659397",
        "lat": 21.2707173,
        "lon": -157.7790437,
        "name": "",
        "address": "Kealaolu Avenue, Waialae-Kahala, K\u0101hala, East Honolulu, Honolulu, Honolulu County, Hawaii, 96821, United States",
        "neighborhood": "kahala",
        "source": "osm",
        "osm_id": 1217659397,
        "osm_type": "way"
      }
    },
    {
      "type": "Feature",
      "geometry": {
        "type": "Point",
        "coordinates": [
          -157.7797066,
          21.2714513
        ]
      },
      "properties": {
        "id": "osm-1217659398",
        "lat": 21.2714513,
        "lon": -157.7797066,
        "name": "",
        "address": "Kealaolu Avenue, Waialae-Kahala, K\u0101hala, East Honolulu, Honolulu, Honolulu County, Hawaii, 96821, United States",
        "neighborhood": "kahala",
        "source": "osm",
        "osm_id": 1217659398,
        "osm_type": "way"
      }
    },
    {
      "type": "Feature",
      "geometry": {
        "type": "Point",
        "coordinates": [
          -157.7799077,
          21.2717357
        ]
      },
      "properties": {
        "id": "osm-1217659399",
        "lat": 21.2717357,
        "lon": -157.7799077,
        "name": "",
        "address": "Kealaolu Avenue, Waialae-Kahala, K\u0101hala, East Honolulu, Honolulu, Honolulu County, Hawaii, 96821, United States",
        "neighborhood": "kahala",
        "source": "osm",
        "osm_id": 1217659399,
        "osm_type": "way"
      }
    },
    {
      "type": "Feature",
      "geometry": {
        "type": "Point",
        "coordinates": [
          -157.7798801,
          21.2720597
        ]
      },
      "properties": {
        "id": "osm-1217659400",
        "lat": 21.2720597,
        "lon": -157.7798801,
        "name": "",
        "address": "978, Keolaolu Place, Waialae-Kahala, Wailupe, K\u0101hala, East Honolulu, Honolulu, Honolulu County, Hawaii, 96816, United States",
        "neighborhood": "kahala",
        "source": "osm",
        "osm_id": 1217659400,
        "osm_type": "way"
      }
    },
    {
      "type": "Feature",
      "geometry": {
        "type": "Point",
        "coordinates": [
          -157.7802832,
          21.2721988
        ]
      },
      "properties": {
        "id": "osm-1217659401",
        "lat": 21.2721988,
        "lon": -157.7802832,
        "name": "",
        "address": "Kealaolu Avenue, Waialae-Kahala, K\u0101hala, East Honolulu, Honolulu, Honolulu County, Hawaii, 96821, United States",
        "neighborhood": "unknown",
        "source": "osm",
        "osm_id": 1217659401,
        "osm_type": "way"
      }
    },
    {
      "type": "Feature",
      "geometry": {
        "type": "Point",
        "coordinates": [
          -157.7794929,
          21.2713643
        ]
      },
      "properties": {
        "id": "osm-1217848726",
        "lat": 21.2713643,
        "lon": -157.7794929,
        "name": "",
        "address": "Keolaolu Place, Waialae-Kahala, K\u0101hala, East Honolulu, Honolulu, Honolulu County, Hawaii, 96821, United States",
        "neighborhood": "kahala",
        "source": "osm",
        "osm_id": 1217848726,
        "osm_type": "way"
      }
    },
    {
      "type": "Feature",
      "geometry": {
        "type": "Point",
        "coordinates": [
          -157.779373,
          21.2708945
        ]
      },
      "properties": {
        "id": "osm-1217854158",
        "lat": 21.2708945,
        "lon": -157.779373,
        "name": "",
        "address": "Kealaolu Avenue, Waialae-Kahala, Wailupe, K\u0101hala, East Honolulu, Honolulu, Honolulu County, Hawaii, 96821, United States",
        "neighborhood": "kahala",
        "source": "osm",
        "osm_id": 1217854158,
        "osm_type": "way"
      }
    },
    {
      "type": "Feature",
      "geometry": {
        "type": "Point",
        "coordinates": [
          -157.7778081,
          21.2710351
        ]
      },
      "properties": {
        "id": "osm-1217854164",
        "lat": 21.2710351,
        "lon": -157.7778081,
        "name": "",
        "address": "Kahala Avenue, Waialae-Kahala, Wailupe, K\u0101hala, East Honolulu, Honolulu, Honolulu County, Hawaii, 96821, United States",
        "neighborhood": "kahala",
        "source": "osm",
        "osm_id": 1217854164,
        "osm_type": "way"
      }
    },
    {
      "type": "Feature",
      "geometry": {
        "type": "Point",
        "coordinates": [
          -157.778294,
          21.2711381
        ]
      },
      "properties": {
        "id": "osm-1217854166",
        "lat": 21.2711381,
        "lon": -157.778294,
        "name": "",
        "address": "Kahala Avenue, Waialae-Kahala, K\u0101hala, East Honolulu, Honolulu, Honolulu County, Hawaii, 96821, United States",
        "neighborhood": "kahala",
        "source": "osm",
        "osm_id": 1217854166,
        "osm_type": "way"
      }
    },
    {
      "type": "Feature",
      "geometry": {
        "type": "Point",
        "coordinates": [
          -157.7780463,
          21.2706777
        ]
      },
      "properties": {
        "id": "osm-1217854171",
        "lat": 21.2706777,
        "lon": -157.7780463,
        "name": "",
        "address": "Kahala Avenue, Waialae-Kahala, K\u0101hala, East Honolulu, Honolulu, Honolulu County, Hawaii, 96821, United States",
        "neighborhood": "kahala",
        "source": "osm",
        "osm_id": 1217854171,
        "osm_type": "way"
      }
    },
    {
      "type": "Feature",
      "geometry": {
        "type": "Point",
        "coordinates": [
          -157.7827334,
          21.2730151
        ]
      },
      "properties": {
        "id": "osm-1217905252",
        "lat": 21.2730151,
        "lon": -157.7827334,
        "name": "",
        "address": "Moa Street, Waialae-Kahala, K\u0101hala, East Honolulu, Honolulu, Honolulu County, Hawaii, 96821, United States",
        "neighborhood": "unknown",
        "source": "osm",
        "osm_id": 1217905252,
        "osm_type": "way"
      }
    },
    {
      "type": "Feature",
      "geometry": {
        "type": "Point",
        "coordinates": [
          -157.7827878,
          21.2727886
        ]
      },
      "properties": {
        "id": "osm-1217905253",
        "lat": 21.2727886,
        "lon": -157.7827878,
        "name": "",
        "address": "4770, Moa Street, Waialae-Kahala, Wailupe, K\u0101hala, East Honolulu, Honolulu, Honolulu County, Hawaii, 96816, United States",
        "neighborhood": "unknown",
        "source": "osm",
        "osm_id": 1217905253,
        "osm_type": "way"
      }
    },
    {
      "type": "Feature",
      "geometry": {
        "type": "Point",
        "coordinates": [
          -157.7828835,
          21.2730324
        ]
      },
      "properties": {
        "id": "osm-1217905254",
        "lat": 21.2730324,
        "lon": -157.7828835,
        "name": "",
        "address": "Pahoa Avenue, Waialae-Kahala, K\u0101hala, East Honolulu, Honolulu, Honolulu County, Hawaii, 96821, United States",
        "neighborhood": "unknown",
        "source": "osm",
        "osm_id": 1217905254,
        "osm_type": "way"
      }
    },
    {
      "type": "Feature",
      "geometry": {
        "type": "Point",
        "coordinates": [
          -157.7832931,
          21.2733273
        ]
      },
      "properties": {
        "id": "osm-1217905255",
        "lat": 21.2733273,
        "lon": -157.7832931,
        "name": "",
        "address": "Pahoa Avenue, Waialae-Kahala, K\u0101hala, East Honolulu, Honolulu, Honolulu County, Hawaii, 96821, United States",
        "neighborhood": "unknown",
        "source": "osm",
        "osm_id": 1217905255,
        "osm_type": "way"
      }
    },
    {
      "type": "Feature",
      "geometry": {
        "type": "Point",
        "coordinates": [
          -157.7834735,
          21.2743509
        ]
      },
      "properties": {
        "id": "osm-1217905256",
        "lat": 21.2743509,
        "lon": -157.7834735,
        "name": "",
        "address": "1078, Makaiwa Street, Waialae-Kahala, Wailupe, K\u0101hala, East Honolulu, Honolulu, Honolulu County, Hawaii, 96816, United States",
        "neighborhood": "unknown",
        "source": "osm",
        "osm_id": 1217905256,
        "osm_type": "way"
      }
    },
    {
      "type": "Feature",
      "geometry": {
        "type": "Point",
        "coordinates": [
          -157.7834277,
          21.2741982
        ]
      },
      "properties": {
        "id": "osm-1217905257",
        "lat": 21.2741982,
        "lon": -157.7834277,
        "name": "",
        "address": "Makaiwa Street, Waialae-Kahala, K\u0101hala, East Honolulu, Honolulu, Honolulu County, Hawaii, 96821, United States",
        "neighborhood": "unknown",
        "source": "osm",
        "osm_id": 1217905257,
        "osm_type": "way"
      }
    },
    {
      "type": "Feature",
      "geometry": {
        "type": "Point",
        "coordinates": [
          -157.7838716,
          21.274271
        ]
      },
      "properties": {
        "id": "osm-1217905258",
        "lat": 21.274271,
        "lon": -157.7838716,
        "name": "",
        "address": "Pahoa Avenue, Waialae-Kahala, K\u0101hala, East Honolulu, Honolulu, Honolulu County, Hawaii, 96821, United States",
        "neighborhood": "unknown",
        "source": "osm",
        "osm_id": 1217905258,
        "osm_type": "way"
      }
    },
    {
      "type": "Feature",
      "geometry": {
        "type": "Point",
        "coordinates": [
          -157.783417,
          21.2745408
        ]
      },
      "properties": {
        "id": "osm-1217905259",
        "lat": 21.2745408,
        "lon": -157.783417,
        "name": "",
        "address": "Makaiwa Street, Waialae-Kahala, K\u0101hala, East Honolulu, Honolulu, Honolulu County, Hawaii, 96821, United States",
        "neighborhood": "unknown",
        "source": "osm",
        "osm_id": 1217905259,
        "osm_type": "way"
      }
    },
    {
      "type": "Feature",
      "geometry": {
        "type": "Point",
        "coordinates": [
          -157.7835824,
          21.2744753
        ]
      },
      "properties": {
        "id": "osm-1217905260",
        "lat": 21.2744753,
        "lon": -157.7835824,
        "name": "",
        "address": "Makaiwa Street, Waialae-Kahala, K\u0101hala, East Honolulu, Honolulu, Honolulu County, Hawaii, 96821, United States",
        "neighborhood": "unknown",
        "source": "osm",
        "osm_id": 1217905260,
        "osm_type": "way"
      }
    },
    {
      "type": "Feature",
      "geometry": {
        "type": "Point",
        "coordinates": [
          -157.7830637,
          21.2733206
        ]
      },
      "properties": {
        "id": "osm-1217962746",
        "lat": 21.2733206,
        "lon": -157.7830637,
        "name": "",
        "address": "Pahoa Avenue, Waialae-Kahala, K\u0101hala, East Honolulu, Honolulu, Honolulu County, Hawaii, 96821, United States",
        "neighborhood": "unknown",
        "source": "osm",
        "osm_id": 1217962746,
        "osm_type": "way"
      }
    },
    {
      "type": "Feature",
      "geometry": {
        "type": "Point",
        "coordinates": [
          -157.782044,
          21.2728526
        ]
      },
      "properties": {
        "id": "osm-1218342045",
        "lat": 21.2728526,
        "lon": -157.782044,
        "name": "",
        "address": "1020, Makaiwa Street, Waialae-Kahala, Wailupe, K\u0101hala, East Honolulu, Honolulu, Honolulu County, Hawaii, 96816, United States",
        "neighborhood": "unknown",
        "source": "osm",
        "osm_id": 1218342045,
        "osm_type": "way"
      }
    },
    {
      "type": "Feature",
      "geometry": {
        "type": "Point",
        "coordinates": [
          -157.7815537,
          21.2732241
        ]
      },
      "properties": {
        "id": "osm-1218342046",
        "lat": 21.2732241,
        "lon": -157.7815537,
        "name": "",
        "address": "Kealaolu Avenue, Waialae-Kahala, K\u0101hala, East Honolulu, Honolulu, Honolulu County, Hawaii, 96821, United States",
        "neighborhood": "unknown",
        "source": "osm",
        "osm_id": 1218342046,
        "osm_type": "way"
      }
    },
    {
      "type": "Feature",
      "geometry": {
        "type": "Point",
        "coordinates": [
          -157.7820288,
          21.2731643
        ]
      },
      "properties": {
        "id": "osm-1218342047",
        "lat": 21.2731643,
        "lon": -157.7820288,
        "name": "",
        "address": "Makaiwa Street, Waialae-Kahala, Wailupe, K\u0101hala, East Honolulu, Honolulu, Honolulu County, Hawaii, 96821, United States",
        "neighborhood": "unknown",
        "source": "osm",
        "osm_id": 1218342047,
        "osm_type": "way"
      }
    },
    {
      "type": "Feature",
      "geometry": {
        "type": "Point",
        "coordinates": [
          -157.7818778,
          21.2731766
        ]
      },
      "properties": {
        "id": "osm-1218342048",
        "lat": 21.2731766,
        "lon": -157.7818778,
        "name": "",
        "address": "Farmers Road, Waialae-Kahala, K\u0101hala, East Honolulu, Honolulu, Honolulu County, Hawaii, 96821, United States",
        "neighborhood": "unknown",
        "source": "osm",
        "osm_id": 1218342048,
        "osm_type": "way"
      }
    },
    {
      "type": "Feature",
      "geometry": {
        "type": "Point",
        "coordinates": [
          -157.7819849,
          21.2734215
        ]
      },
      "properties": {
        "id": "osm-1218342049",
        "lat": 21.2734215,
        "lon": -157.7819849,
        "name": "",
        "address": "Kealaolu Avenue, Waialae-Kahala, K\u0101hala, East Honolulu, Honolulu, Honolulu County, Hawaii, 96821, United States",
        "neighborhood": "unknown",
        "source": "osm",
        "osm_id": 1218342049,
        "osm_type": "way"
      }
    },
    {
      "type": "Feature",
      "geometry": {
        "type": "Point",
        "coordinates": [
          -157.7820617,
          21.2736048
        ]
      },
      "properties": {
        "id": "osm-1218342050",
        "lat": 21.2736048,
        "lon": -157.7820617,
        "name": "",
        "address": "Kealaolu Avenue, Waialae-Kahala, K\u0101hala, East Honolulu, Honolulu, Honolulu County, Hawaii, 96821, United States",
        "neighborhood": "unknown",
        "source": "osm",
        "osm_id": 1218342050,
        "osm_type": "way"
      }
    },
    {
      "type": "Feature",
      "geometry": {
        "type": "Point",
        "coordinates": [
          -157.7825164,
          21.2738099
        ]
      },
      "properties": {
        "id": "osm-1218342051",
        "lat": 21.2738099,
        "lon": -157.7825164,
        "name": "",
        "address": "Makaiwa Street, Waialae-Kahala, K\u0101hala, East Honolulu, Honolulu, Honolulu County, Hawaii, 96821, United States",
        "neighborhood": "unknown",
        "source": "osm",
        "osm_id": 1218342051,
        "osm_type": "way"
      }
    },
    {
      "type": "Feature",
      "geometry": {
        "type": "Point",
        "coordinates": [
          -157.7822827,
          21.273962
        ]
      },
      "properties": {
        "id": "osm-1218342052",
        "lat": 21.273962,
        "lon": -157.7822827,
        "name": "",
        "address": "Kealaolu Avenue, Waialae-Kahala, K\u0101hala, East Honolulu, Honolulu, Honolulu County, Hawaii, 96821, United States",
        "neighborhood": "unknown",
        "source": "osm",
        "osm_id": 1218342052,
        "osm_type": "way"
      }
    },
    {
      "type": "Feature",
      "geometry": {
        "type": "Point",
        "coordinates": [
          -157.7823274,
          21.274177
        ]
      },
      "properties": {
        "id": "osm-1218342053",
        "lat": 21.274177,
        "lon": -157.7823274,
        "name": "",
        "address": "Kealaolu Avenue, Waialae-Kahala, K\u0101hala, East Honolulu, Honolulu, Honolulu County, Hawaii, 96821, United States",
        "neighborhood": "unknown",
        "source": "osm",
        "osm_id": 1218342053,
        "osm_type": "way"
      }
    },
    {
      "type": "Feature",
      "geometry": {
        "type": "Point",
        "coordinates": [
          -157.7824765,
          21.2743085
        ]
      },
      "properties": {
        "id": "osm-1218342054",
        "lat": 21.2743085,
        "lon": -157.7824765,
        "name": "",
        "address": "Kealaolu Avenue, Waialae-Kahala, K\u0101hala, East Honolulu, Honolulu, Honolulu County, Hawaii, 96821, United States",
        "neighborhood": "unknown",
        "source": "osm",
        "osm_id": 1218342054,
        "osm_type": "way"
      }
    },
    {
      "type": "Feature",
      "geometry": {
        "type": "Point",
        "coordinates": [
          -157.7830796,
          21.2748926
        ]
      },
      "properties": {
        "id": "osm-1218342055",
        "lat": 21.2748926,
        "lon": -157.7830796,
        "name": "",
        "address": "Moho Street, Waialae-Kahala, K\u0101hala, East Honolulu, Honolulu, Honolulu County, Hawaii, 96821, United States",
        "neighborhood": "unknown",
        "source": "osm",
        "osm_id": 1218342055,
        "osm_type": "way"
      }
    },
    {
      "type": "Feature",
      "geometry": {
        "type": "Point",
        "coordinates": [
          -157.7827343,
          21.2750723
        ]
      },
      "properties": {
        "id": "osm-1218342056",
        "lat": 21.2750723,
        "lon": -157.7827343,
        "name": "",
        "address": "4681, Moho Street, Waialae-Kahala, Wailupe, K\u0101hala, East Honolulu, Honolulu, Honolulu County, Hawaii, 96816, United States",
        "neighborhood": "unknown",
        "source": "osm",
        "osm_id": 1218342056,
        "osm_type": "way"
      }
    },
    {
      "type": "Feature",
      "geometry": {
        "type": "Point",
        "coordinates": [
          -157.7839933,
          21.2765131
        ]
      },
      "properties": {
        "id": "osm-1218351434",
        "lat": 21.2765131,
        "lon": -157.7839933,
        "name": "",
        "address": "Makaiwa Street, Waialae-Kahala, K\u0101hala, East Honolulu, Honolulu, Honolulu County, Hawaii, 96821, United States",
        "neighborhood": "unknown",
        "source": "osm",
        "osm_id": 1218351434,
        "osm_type": "way"
      }
    },
    {
      "type": "Feature",
      "geometry": {
        "type": "Point",
        "coordinates": [
          -157.7838339,
          21.2762523
        ]
      },
      "properties": {
        "id": "osm-1218351435",
        "lat": 21.2762523,
        "lon": -157.7838339,
        "name": "",
        "address": "Makaiwa Street, Waialae-Kahala, K\u0101hala, East Honolulu, Honolulu, Honolulu County, Hawaii, 96821, United States",
        "neighborhood": "unknown",
        "source": "osm",
        "osm_id": 1218351435,
        "osm_type": "way"
      }
    },
    {
      "type": "Feature",
      "geometry": {
        "type": "Point",
        "coordinates": [
          -157.783778,
          21.2766424
        ]
      },
      "properties": {
        "id": "osm-1218351436",
        "lat": 21.2766424,
        "lon": -157.783778,
        "name": "",
        "address": "Kealaolu Avenue, Waialae-Kahala, K\u0101hala, East Honolulu, Honolulu, Honolulu County, Hawaii, 96821, United States",
        "neighborhood": "unknown",
        "source": "osm",
        "osm_id": 1218351436,
        "osm_type": "way"
      }
    },
    {
      "type": "Feature",
      "geometry": {
        "type": "Point",
        "coordinates": [
          -157.7838332,
          21.276939
        ]
      },
      "properties": {
        "id": "osm-1218351437",
        "lat": 21.276939,
        "lon": -157.7838332,
        "name": "",
        "address": "Kealaolu Avenue, Waialae-Kahala, K\u0101hala, East Honolulu, Honolulu, Honolulu County, Hawaii, 96821, United States",
        "neighborhood": "unknown",
        "source": "osm",
        "osm_id": 1218351437,
        "osm_type": "way"
      }
    },
    {
      "type": "Feature",
      "geometry": {
        "type": "Point",
        "coordinates": [
          -157.7834015,
          21.2765847
        ]
      },
      "properties": {
        "id": "osm-1218351438",
        "lat": 21.2765847,
        "lon": -157.7834015,
        "name": "",
        "address": "1140, Kealaolu Avenue, Waialae-Kahala, Wailupe, K\u0101hala, East Honolulu, Honolulu, Honolulu County, Hawaii, 96816, United States",
        "neighborhood": "unknown",
        "source": "osm",
        "osm_id": 1218351438,
        "osm_type": "way"
      }
    },
    {
      "type": "Feature",
      "geometry": {
        "type": "Point",
        "coordinates": [
          -157.7835086,
          21.2761323
        ]
      },
      "properties": {
        "id": "osm-1218351439",
        "lat": 21.2761323,
        "lon": -157.7835086,
        "name": "",
        "address": "Kealaolu Avenue, Waialae-Kahala, Wailupe, K\u0101hala, East Honolulu, Honolulu, Honolulu County, Hawaii, 96821, United States",
        "neighborhood": "unknown",
        "source": "osm",
        "osm_id": 1218351439,
        "osm_type": "way"
      }
    },
    {
      "type": "Feature",
      "geometry": {
        "type": "Point",
        "coordinates": [
          -157.7834998,
          21.2758176
        ]
      },
      "properties": {
        "id": "osm-1218351440",
        "lat": 21.2758176,
        "lon": -157.7834998,
        "name": "",
        "address": "Makaiwa Street, Waialae-Kahala, K\u0101hala, East Honolulu, Honolulu, Honolulu County, Hawaii, 96821, United States",
        "neighborhood": "unknown",
        "source": "osm",
        "osm_id": 1218351440,
        "osm_type": "way"
      }
    },
    {
      "type": "Feature",
      "geometry": {
        "type": "Point",
        "coordinates": [
          -157.7834396,
          21.2759358
        ]
      },
      "properties": {
        "id": "osm-1218351441",
        "lat": 21.2759358,
        "lon": -157.7834396,
        "name": "",
        "address": "Makaiwa Street, Waialae-Kahala, K\u0101hala, East Honolulu, Honolulu, Honolulu County, Hawaii, 96821, United States",
        "neighborhood": "unknown",
        "source": "osm",
        "osm_id": 1218351441,
        "osm_type": "way"
      }
    },
    {
      "type": "Feature",
      "geometry": {
        "type": "Point",
        "coordinates": [
          -157.7837235,
          21.2757857
        ]
      },
      "properties": {
        "id": "osm-1218351442",
        "lat": 21.2757857,
        "lon": -157.7837235,
        "name": "",
        "address": "Makaiwa Street, Waialae-Kahala, K\u0101hala, East Honolulu, Honolulu, Honolulu County, Hawaii, 96821, United States",
        "neighborhood": "unknown",
        "source": "osm",
        "osm_id": 1218351442,
        "osm_type": "way"
      }
    },
    {
      "type": "Feature",
      "geometry": {
        "type": "Point",
        "coordinates": [
          -157.7832256,
          21.2753789
        ]
      },
      "properties": {
        "id": "osm-1218351443",
        "lat": 21.2753789,
        "lon": -157.7832256,
        "name": "",
        "address": "Moho Street, Waialae-Kahala, K\u0101hala, East Honolulu, Honolulu, Honolulu County, Hawaii, 96821, United States",
        "neighborhood": "unknown",
        "source": "osm",
        "osm_id": 1218351443,
        "osm_type": "way"
      }
    },
    {
      "type": "Feature",
      "geometry": {
        "type": "Point",
        "coordinates": [
          -157.7846257,
          21.2746822
        ]
      },
      "properties": {
        "id": "osm-1218377244",
        "lat": 21.2746822,
        "lon": -157.7846257,
        "name": "",
        "address": "4411, Pahoa Avenue, Waialae-Kahala, Wailupe, K\u0101hala, East Honolulu, Honolulu, Honolulu County, Hawaii, 96816, United States",
        "neighborhood": "unknown",
        "source": "osm",
        "osm_id": 1218377244,
        "osm_type": "way"
      }
    },
    {
      "type": "Feature",
      "geometry": {
        "type": "Point",
        "coordinates": [
          -157.7842339,
          21.2755152
        ]
      },
      "properties": {
        "id": "osm-1218377245",
        "lat": 21.2755152,
        "lon": -157.7842339,
        "name": "",
        "address": "Makaiwa Street, Waialae-Kahala, K\u0101hala, East Honolulu, Honolulu, Honolulu County, Hawaii, 96821, United States",
        "neighborhood": "unknown",
        "source": "osm",
        "osm_id": 1218377245,
        "osm_type": "way"
      }
    },
    {
      "type": "Feature",
      "geometry": {
        "type": "Point",
        "coordinates": [
          -157.7844204,
          21.2754544
        ]
      },
      "properties": {
        "id": "osm-1218377246",
        "lat": 21.2754544,
        "lon": -157.7844204,
        "name": "",
        "address": "Kilauea Avenue, Waialae-Kahala, K\u0101hala, East Honolulu, Honolulu, Honolulu County, Hawaii, 96821, United States",
        "neighborhood": "unknown",
        "source": "osm",
        "osm_id": 1218377246,
        "osm_type": "way"
      }
    },
    {
      "type": "Feature",
      "geometry": {
        "type": "Point",
        "coordinates": [
          -157.7843915,
          21.2758049
        ]
      },
      "properties": {
        "id": "osm-1218377247",
        "lat": 21.2758049,
        "lon": -157.7843915,
        "name": "",
        "address": "Makaiwa Street, Waialae-Kahala, K\u0101hala, East Honolulu, Honolulu, Honolulu County, Hawaii, 96821, United States",
        "neighborhood": "unknown",
        "source": "osm",
        "osm_id": 1218377247,
        "osm_type": "way"
      }
    },
    {
      "type": "Feature",
      "geometry": {
        "type": "Point",
        "coordinates": [
          -157.7844535,
          21.2756633
        ]
      },
      "properties": {
        "id": "osm-1218377248",
        "lat": 21.2756633,
        "lon": -157.7844535,
        "name": "",
        "address": "Kilauea Avenue, Waialae-Kahala, K\u0101hala, East Honolulu, Honolulu, Honolulu County, Hawaii, 96821, United States",
        "neighborhood": "unknown",
        "source": "osm",
        "osm_id": 1218377248,
        "osm_type": "way"
      }
    },
    {
      "type": "Feature",
      "geometry": {
        "type": "Point",
        "coordinates": [
          -157.784252,
          21.2757553
        ]
      },
      "properties": {
        "id": "osm-1218380058",
        "lat": 21.2757553,
        "lon": -157.784252,
        "name": "",
        "address": "Makaiwa Street, Waialae-Kahala, K\u0101hala, East Honolulu, Honolulu, Honolulu County, Hawaii, 96821, United States",
        "neighborhood": "unknown",
        "source": "osm",
        "osm_id": 1218380058,
        "osm_type": "way"
      }
    },
    {
      "type": "Feature",
      "geometry": {
        "type": "Point",
        "coordinates": [
          -157.7945001,
          21.2584957
        ]
      },
      "properties": {
        "id": "osm-1218593696",
        "lat": 21.2584957,
        "lon": -157.7945001,
        "name": "",
        "address": "Papu Circle, Black Point, K\u0101hala, East Honolulu, Honolulu, Honolulu County, Hawaii, 96828, United States",
        "neighborhood": "unknown",
        "source": "osm",
        "osm_id": 1218593696,
        "osm_type": "way"
      }
    },
    {
      "type": "Feature",
      "geometry": {
        "type": "Point",
        "coordinates": [
          -157.794336,
          21.2584287
        ]
      },
      "properties": {
        "id": "osm-1218593697",
        "lat": 21.2584287,
        "lon": -157.794336,
        "name": "",
        "address": "Papu Circle, Black Point, K\u0101hala, East Honolulu, Honolulu, Honolulu County, Hawaii, 96828, United States",
        "neighborhood": "unknown",
        "source": "osm",
        "osm_id": 1218593697,
        "osm_type": "way"
      }
    },
    {
      "type": "Feature",
      "geometry": {
        "type": "Point",
        "coordinates": [
          -157.7937967,
          21.2578526
        ]
      },
      "properties": {
        "id": "osm-1218593698",
        "lat": 21.2578526,
        "lon": -157.7937967,
        "name": "",
        "address": "Papu Circle, Black Point, K\u0101hala, East Honolulu, Honolulu, Honolulu County, Hawaii, 96828, United States",
        "neighborhood": "unknown",
        "source": "osm",
        "osm_id": 1218593698,
        "osm_type": "way"
      }
    },
    {
      "type": "Feature",
      "geometry": {
        "type": "Point",
        "coordinates": [
          -157.7932902,
          21.2574006
        ]
      },
      "properties": {
        "id": "osm-1218593699",
        "lat": 21.2574006,
        "lon": -157.7932902,
        "name": "",
        "address": "4178, Papu Circle, Black Point, K\u0101hala, East Honolulu, Honolulu, Honolulu County, Hawaii, 96816, United States",
        "neighborhood": "unknown",
        "source": "osm",
        "osm_id": 1218593699,
        "osm_type": "way"
      }
    },
    {
      "type": "Feature",
      "geometry": {
        "type": "Point",
        "coordinates": [
          -157.7932379,
          21.2575791
        ]
      },
      "properties": {
        "id": "osm-1218593700",
        "lat": 21.2575791,
        "lon": -157.7932379,
        "name": "",
        "address": "4242, Papu Circle, Black Point, K\u0101hala, East Honolulu, Honolulu, Honolulu County, Hawaii, 96816, United States",
        "neighborhood": "unknown",
        "source": "osm",
        "osm_id": 1218593700,
        "osm_type": "way"
      }
    },
    {
      "type": "Feature",
      "geometry": {
        "type": "Point",
        "coordinates": [
          -157.7938505,
          21.2582972
        ]
      },
      "properties": {
        "id": "osm-1218593701",
        "lat": 21.2582972,
        "lon": -157.7938505,
        "name": "",
        "address": "Papu Circle, Black Point, K\u0101hala, East Honolulu, Honolulu, Honolulu County, Hawaii, 96828, United States",
        "neighborhood": "unknown",
        "source": "osm",
        "osm_id": 1218593701,
        "osm_type": "way"
      }
    },
    {
      "type": "Feature",
      "geometry": {
        "type": "Point",
        "coordinates": [
          -157.7947283,
          21.2585559
        ]
      },
      "properties": {
        "id": "osm-1218593727",
        "lat": 21.2585559,
        "lon": -157.7947283,
        "name": "",
        "address": "Papu Circle, Black Point, K\u0101hala, East Honolulu, Honolulu, Honolulu County, Hawaii, 96828, United States",
        "neighborhood": "unknown",
        "source": "osm",
        "osm_id": 1218593727,
        "osm_type": "way"
      }
    },
    {
      "type": "Feature",
      "geometry": {
        "type": "Point",
        "coordinates": [
          -157.7804446,
          21.2653826
        ]
      },
      "properties": {
        "id": "osm-1218646413",
        "lat": 21.2653826,
        "lon": -157.7804446,
        "name": "",
        "address": "Kahala Avenue, Waialae-Kahala, Wailupe, K\u0101hala, East Honolulu, Honolulu, Honolulu County, Hawaii, 96821, United States",
        "neighborhood": "unknown",
        "source": "osm",
        "osm_id": 1218646413,
        "osm_type": "way"
      }
    },
    {
      "type": "Feature",
      "geometry": {
        "type": "Point",
        "coordinates": [
          -157.7815584,
          21.2645213
        ]
      },
      "properties": {
        "id": "osm-1218838290",
        "lat": 21.2645213,
        "lon": -157.7815584,
        "name": "",
        "address": "Kahala Avenue, Waialae-Kahala, Wailupe, K\u0101hala, East Honolulu, Honolulu, Honolulu County, Hawaii, 96821, United States",
        "neighborhood": "unknown",
        "source": "osm",
        "osm_id": 1218838290,
        "osm_type": "way"
      }
    },
    {
      "type": "Feature",
      "geometry": {
        "type": "Point",
        "coordinates": [
          -157.7810519,
          21.2652138
        ]
      },
      "properties": {
        "id": "osm-1218841832",
        "lat": 21.2652138,
        "lon": -157.7810519,
        "name": "",
        "address": "Kahala Avenue, Waialae-Kahala, Black Point, K\u0101hala, East Honolulu, Honolulu, Honolulu County, Hawaii, 96821, United States",
        "neighborhood": "unknown",
        "source": "osm",
        "osm_id": 1218841832,
        "osm_type": "way"
      }
    },
    {
      "type": "Feature",
      "geometry": {
        "type": "Point",
        "coordinates": [
          -157.781126,
          21.2656648
        ]
      },
      "properties": {
        "id": "osm-1218841835",
        "lat": 21.2656648,
        "lon": -157.781126,
        "name": "",
        "address": "Kahala Avenue, Waialae-Kahala, Wailupe, K\u0101hala, East Honolulu, Honolulu, Honolulu County, Hawaii, 96821, United States",
        "neighborhood": "unknown",
        "source": "osm",
        "osm_id": 1218841835,
        "osm_type": "way"
      }
    },
    {
      "type": "Feature",
      "geometry": {
        "type": "Point",
        "coordinates": [
          -157.7800727,
          21.2656523
        ]
      },
      "properties": {
        "id": "osm-1218841837",
        "lat": 21.2656523,
        "lon": -157.7800727,
        "name": "",
        "address": "Kahala Avenue, Waialae-Kahala, Black Point, K\u0101hala, East Honolulu, Honolulu, Honolulu County, Hawaii, 96821, United States",
        "neighborhood": "unknown",
        "source": "osm",
        "osm_id": 1218841837,
        "osm_type": "way"
      }
    },
    {
      "type": "Feature",
      "geometry": {
        "type": "Point",
        "coordinates": [
          -157.7801515,
          21.2659237
        ]
      },
      "properties": {
        "id": "osm-1218841838",
        "lat": 21.2659237,
        "lon": -157.7801515,
        "name": "",
        "address": "Kahala Avenue, Waialae-Kahala, Black Point, K\u0101hala, East Honolulu, Honolulu, Honolulu County, Hawaii, 96821, United States",
        "neighborhood": "unknown",
        "source": "osm",
        "osm_id": 1218841838,
        "osm_type": "way"
      }
    },
    {
      "type": "Feature",
      "geometry": {
        "type": "Point",
        "coordinates": [
          -157.78044,
          21.2668607
        ]
      },
      "properties": {
        "id": "osm-1218860342",
        "lat": 21.2668607,
        "lon": -157.78044,
        "name": "",
        "address": "Kahala Avenue, Waialae-Kahala, Black Point, K\u0101hala, East Honolulu, Honolulu, Honolulu County, Hawaii, 96821, United States",
        "neighborhood": "unknown",
        "source": "osm",
        "osm_id": 1218860342,
        "osm_type": "way"
      }
    },
    {
      "type": "Feature",
      "geometry": {
        "type": "Point",
        "coordinates": [
          -157.7797496,
          21.266702
        ]
      },
      "properties": {
        "id": "osm-1218867810",
        "lat": 21.266702,
        "lon": -157.7797496,
        "name": "",
        "address": "Kahala Avenue, Waialae-Kahala, Black Point, K\u0101hala, East Honolulu, Honolulu, Honolulu County, Hawaii, 96821, United States",
        "neighborhood": "unknown",
        "source": "osm",
        "osm_id": 1218867810,
        "osm_type": "way"
      }
    },
    {
      "type": "Feature",
      "geometry": {
        "type": "Point",
        "coordinates": [
          -157.7795351,
          21.2670221
        ]
      },
      "properties": {
        "id": "osm-1218867811",
        "lat": 21.2670221,
        "lon": -157.7795351,
        "name": "",
        "address": "Kahala Avenue, Waialae-Kahala, Black Point, K\u0101hala, East Honolulu, Honolulu, Honolulu County, Hawaii, 96821, United States",
        "neighborhood": "unknown",
        "source": "osm",
        "osm_id": 1218867811,
        "osm_type": "way"
      }
    },
    {
      "type": "Feature",
      "geometry": {
        "type": "Point",
        "coordinates": [
          -157.7801435,
          21.2671254
        ]
      },
      "properties": {
        "id": "osm-1218867814",
        "lat": 21.2671254,
        "lon": -157.7801435,
        "name": "",
        "address": "Kahala Avenue, Waialae-Kahala, Black Point, K\u0101hala, East Honolulu, Honolulu, Honolulu County, Hawaii, 96821, United States",
        "neighborhood": "unknown",
        "source": "osm",
        "osm_id": 1218867814,
        "osm_type": "way"
      }
    },
    {
      "type": "Feature",
      "geometry": {
        "type": "Point",
        "coordinates": [
          -157.7791128,
          21.2677825
        ]
      },
      "properties": {
        "id": "osm-1219098717",
        "lat": 21.2677825,
        "lon": -157.7791128,
        "name": "",
        "address": "Pueo Street, Waialae-Kahala, K\u0101hala, East Honolulu, Honolulu, Honolulu County, Hawaii, 96821, United States",
        "neighborhood": "unknown",
        "source": "osm",
        "osm_id": 1219098717,
        "osm_type": "way"
      }
    },
    {
      "type": "Feature",
      "geometry": {
        "type": "Point",
        "coordinates": [
          -157.7789047,
          21.2680015
        ]
      },
      "properties": {
        "id": "osm-1219098722",
        "lat": 21.2680015,
        "lon": -157.7789047,
        "name": "",
        "address": "Pueo Street, Waialae-Kahala, K\u0101hala, East Honolulu, Honolulu, Honolulu County, Hawaii, 96821, United States",
        "neighborhood": "unknown",
        "source": "osm",
        "osm_id": 1219098722,
        "osm_type": "way"
      }
    },
    {
      "type": "Feature",
      "geometry": {
        "type": "Point",
        "coordinates": [
          -157.7791782,
          21.2683884
        ]
      },
      "properties": {
        "id": "osm-1219098726",
        "lat": 21.2683884,
        "lon": -157.7791782,
        "name": "",
        "address": "Pueo Street, Waialae-Kahala, K\u0101hala, East Honolulu, Honolulu, Honolulu County, Hawaii, 96821, United States",
        "neighborhood": "unknown",
        "source": "osm",
        "osm_id": 1219098726,
        "osm_type": "way"
      }
    },
    {
      "type": "Feature",
      "geometry": {
        "type": "Point",
        "coordinates": [
          -157.7791586,
          21.2686028
        ]
      },
      "properties": {
        "id": "osm-1219098728",
        "lat": 21.2686028,
        "lon": -157.7791586,
        "name": "",
        "address": "Pueo Street, Waialae-Kahala, K\u0101hala, East Honolulu, Honolulu, Honolulu County, Hawaii, 96821, United States",
        "neighborhood": "unknown",
        "source": "osm",
        "osm_id": 1219098728,
        "osm_type": "way"
      }
    },
    {
      "type": "Feature",
      "geometry": {
        "type": "Point",
        "coordinates": [
          -157.7787239,
          21.2685804
        ]
      },
      "properties": {
        "id": "osm-1219098729",
        "lat": 21.2685804,
        "lon": -157.7787239,
        "name": "",
        "address": "Kainapau Place, Waialae-Kahala, K\u0101hala, East Honolulu, Honolulu, Honolulu County, Hawaii, 96821, United States",
        "neighborhood": "unknown",
        "source": "osm",
        "osm_id": 1219098729,
        "osm_type": "way"
      }
    },
    {
      "type": "Feature",
      "geometry": {
        "type": "Point",
        "coordinates": [
          -157.7783106,
          21.2682937
        ]
      },
      "properties": {
        "id": "osm-1219098730",
        "lat": 21.2682937,
        "lon": -157.7783106,
        "name": "",
        "address": "Pueo Street, Waialae-Kahala, K\u0101hala, East Honolulu, Honolulu, Honolulu County, Hawaii, 96821, United States",
        "neighborhood": "unknown",
        "source": "osm",
        "osm_id": 1219098730,
        "osm_type": "way"
      }
    },
    {
      "type": "Feature",
      "geometry": {
        "type": "Point",
        "coordinates": [
          -157.777967,
          21.2686661
        ]
      },
      "properties": {
        "id": "osm-1219098731",
        "lat": 21.2686661,
        "lon": -157.777967,
        "name": "",
        "address": "Kainapau Place, Waialae-Kahala, Wailupe, K\u0101hala, East Honolulu, Honolulu, Honolulu County, Hawaii, 96821, United States",
        "neighborhood": "unknown",
        "source": "osm",
        "osm_id": 1219098731,
        "osm_type": "way"
      }
    },
    {
      "type": "Feature",
      "geometry": {
        "type": "Point",
        "coordinates": [
          -157.7781862,
          21.2690469
        ]
      },
      "properties": {
        "id": "osm-1219099611",
        "lat": 21.2690469,
        "lon": -157.7781862,
        "name": "",
        "address": "Kainapau Place, Waialae-Kahala, K\u0101hala, East Honolulu, Honolulu, Honolulu County, Hawaii, 96821, United States",
        "neighborhood": "unknown",
        "source": "osm",
        "osm_id": 1219099611,
        "osm_type": "way"
      }
    },
    {
      "type": "Feature",
      "geometry": {
        "type": "Point",
        "coordinates": [
          -157.7897496,
          21.2599867
        ]
      },
      "properties": {
        "id": "osm-1219625230",
        "lat": 21.2599867,
        "lon": -157.7897496,
        "name": "",
        "address": "Kahala Avenue, Waialae-Kahala, K\u0101hala, East Honolulu, Honolulu, Honolulu County, Hawaii, 96828, United States",
        "neighborhood": "unknown",
        "source": "osm",
        "osm_id": 1219625230,
        "osm_type": "way"
      }
    },
    {
      "type": "Feature",
      "geometry": {
        "type": "Point",
        "coordinates": [
          -157.789943,
          21.2598712
        ]
      },
      "properties": {
        "id": "osm-1220088843",
        "lat": 21.2598712,
        "lon": -157.789943,
        "name": "",
        "address": "Kahala Avenue, Waialae-Kahala, K\u0101hala, East Honolulu, Honolulu, Honolulu County, Hawaii, 96828, United States",
        "neighborhood": "unknown",
        "source": "osm",
        "osm_id": 1220088843,
        "osm_type": "way"
      }
    },
    {
      "type": "Feature",
      "geometry": {
        "type": "Point",
        "coordinates": [
          -157.7906567,
          21.2592432
        ]
      },
      "properties": {
        "id": "osm-1220096421",
        "lat": 21.2592432,
        "lon": -157.7906567,
        "name": "",
        "address": "Royal Place, Waialae-Kahala, K\u0101hala, East Honolulu, Honolulu, Honolulu County, Hawaii, 96828, United States",
        "neighborhood": "unknown",
        "source": "osm",
        "osm_id": 1220096421,
        "osm_type": "way"
      }
    },
    {
      "type": "Feature",
      "geometry": {
        "type": "Point",
        "coordinates": [
          -157.7913178,
          21.2590443
        ]
      },
      "properties": {
        "id": "osm-1220096428",
        "lat": 21.2590443,
        "lon": -157.7913178,
        "name": "",
        "address": "4301, Royal Circle, Waialae-Kahala, K\u0101hala, East Honolulu, Honolulu, Honolulu County, Hawaii, 96816, United States",
        "neighborhood": "unknown",
        "source": "osm",
        "osm_id": 1220096428,
        "osm_type": "way"
      }
    },
    {
      "type": "Feature",
      "geometry": {
        "type": "Point",
        "coordinates": [
          -157.7915986,
          21.2594068
        ]
      },
      "properties": {
        "id": "osm-1220096429",
        "lat": 21.2594068,
        "lon": -157.7915986,
        "name": "",
        "address": "154, Royal Circle, Waialae-Kahala, K\u0101hala, East Honolulu, Honolulu, Honolulu County, Hawaii, 96816, United States",
        "neighborhood": "unknown",
        "source": "osm",
        "osm_id": 1220096429,
        "osm_type": "way"
      }
    },
    {
      "type": "Feature",
      "geometry": {
        "type": "Point",
        "coordinates": [
          -157.7915253,
          21.2593101
        ]
      },
      "properties": {
        "id": "osm-1220096430",
        "lat": 21.2593101,
        "lon": -157.7915253,
        "name": "",
        "address": "Royal Circle, Waialae-Kahala, K\u0101hala, East Honolulu, Honolulu, Honolulu County, Hawaii, 96828, United States",
        "neighborhood": "unknown",
        "source": "osm",
        "osm_id": 1220096430,
        "osm_type": "way"
      }
    },
    {
      "type": "Feature",
      "geometry": {
        "type": "Point",
        "coordinates": [
          -157.7925581,
          21.2655414
        ]
      },
      "properties": {
        "id": "osm-1220102910",
        "lat": 21.2655414,
        "lon": -157.7925581,
        "name": "",
        "address": "4265, Huanui Street, K\u0101hala, East Honolulu, Honolulu, Honolulu County, Hawaii, 96816, United States",
        "neighborhood": "unknown",
        "source": "osm",
        "osm_id": 1220102910,
        "osm_type": "way"
      }
    },
    {
      "type": "Feature",
      "geometry": {
        "type": "Point",
        "coordinates": [
          -157.7919448,
          21.2656031
        ]
      },
      "properties": {
        "id": "osm-1220102913",
        "lat": 21.2656031,
        "lon": -157.7919448,
        "name": "",
        "address": "Huanui Street, K\u0101hala, East Honolulu, Honolulu, Honolulu County, Hawaii, 96828, United States",
        "neighborhood": "unknown",
        "source": "osm",
        "osm_id": 1220102913,
        "osm_type": "way"
      }
    },
    {
      "type": "Feature",
      "geometry": {
        "type": "Point",
        "coordinates": [
          -157.7921913,
          21.2654863
        ]
      },
      "properties": {
        "id": "osm-1220102916",
        "lat": 21.2654863,
        "lon": -157.7921913,
        "name": "",
        "address": "4299, Huanui Street, K\u0101hala, East Honolulu, Honolulu, Honolulu County, Hawaii, 96816, United States",
        "neighborhood": "unknown",
        "source": "osm",
        "osm_id": 1220102916,
        "osm_type": "way"
      }
    },
    {
      "type": "Feature",
      "geometry": {
        "type": "Point",
        "coordinates": [
          -157.7917834,
          21.2653571
        ]
      },
      "properties": {
        "id": "osm-1220102917",
        "lat": 21.2653571,
        "lon": -157.7917834,
        "name": "",
        "address": "Puu Panini Avenue, Black Point, K\u0101hala, East Honolulu, Honolulu, Honolulu County, Hawaii, 96828, United States",
        "neighborhood": "unknown",
        "source": "osm",
        "osm_id": 1220102917,
        "osm_type": "way"
      }
    },
    {
      "type": "Feature",
      "geometry": {
        "type": "Point",
        "coordinates": [
          -157.7932323,
          21.265096
        ]
      },
      "properties": {
        "id": "osm-1220102924",
        "lat": 21.265096,
        "lon": -157.7932323,
        "name": "",
        "address": "Puu Panini Avenue, Black Point, K\u0101hala, East Honolulu, Honolulu, Honolulu County, Hawaii, 96828, United States",
        "neighborhood": "unknown",
        "source": "osm",
        "osm_id": 1220102924,
        "osm_type": "way"
      }
    },
    {
      "type": "Feature",
      "geometry": {
        "type": "Point",
        "coordinates": [
          -157.7935653,
          21.2649765
        ]
      },
      "properties": {
        "id": "osm-1220102925",
        "lat": 21.2649765,
        "lon": -157.7935653,
        "name": "",
        "address": "Puu Panini Avenue, Black Point, K\u0101hala, East Honolulu, Honolulu, Honolulu County, Hawaii, 96828, United States",
        "neighborhood": "unknown",
        "source": "osm",
        "osm_id": 1220102925,
        "osm_type": "way"
      }
    },
    {
      "type": "Feature",
      "geometry": {
        "type": "Point",
        "coordinates": [
          -157.7934849,
          21.2663268
        ]
      },
      "properties": {
        "id": "osm-1220157999",
        "lat": 21.2663268,
        "lon": -157.7934849,
        "name": "",
        "address": "Huanui Street, K\u0101hala, East Honolulu, Honolulu, Honolulu County, Hawaii, 96828, United States",
        "neighborhood": "unknown",
        "source": "osm",
        "osm_id": 1220157999,
        "osm_type": "way"
      }
    },
    {
      "type": "Feature",
      "geometry": {
        "type": "Point",
        "coordinates": [
          -157.7933547,
          21.2684396
        ]
      },
      "properties": {
        "id": "osm-1220594873",
        "lat": 21.2684396,
        "lon": -157.7933547,
        "name": "",
        "address": "Hunalewa Street, K\u0101hala, East Honolulu, Honolulu, Honolulu County, Hawaii, 96828, United States",
        "neighborhood": "unknown",
        "source": "osm",
        "osm_id": 1220594873,
        "osm_type": "way"
      }
    },
    {
      "type": "Feature",
      "geometry": {
        "type": "Point",
        "coordinates": [
          -157.7929469,
          21.2587915
        ]
      },
      "properties": {
        "id": "osm-1221593723",
        "lat": 21.2587915,
        "lon": -157.7929469,
        "name": "",
        "address": "4039, Black Point Road, Waialae-Kahala, K\u0101hala, East Honolulu, Honolulu, Honolulu County, Hawaii, 96816, United States",
        "neighborhood": "unknown",
        "source": "osm",
        "osm_id": 1221593723,
        "osm_type": "way"
      }
    },
    {
      "type": "Feature",
      "geometry": {
        "type": "Point",
        "coordinates": [
          -157.7940349,
          21.2592645
        ]
      },
      "properties": {
        "id": "osm-1221593724",
        "lat": 21.2592645,
        "lon": -157.7940349,
        "name": "",
        "address": "Kahala Avenue, Waialae-Kahala, K\u0101hala, East Honolulu, Honolulu, Honolulu County, Hawaii, 96828, United States",
        "neighborhood": "unknown",
        "source": "osm",
        "osm_id": 1221593724,
        "osm_type": "way"
      }
    },
    {
      "type": "Feature",
      "geometry": {
        "type": "Point",
        "coordinates": [
          -157.7947061,
          21.2591658
        ]
      },
      "properties": {
        "id": "osm-1221593725",
        "lat": 21.2591658,
        "lon": -157.7947061,
        "name": "",
        "address": "Papu Circle, Black Point, K\u0101hala, East Honolulu, Honolulu, Honolulu County, Hawaii, 96828, United States",
        "neighborhood": "unknown",
        "source": "osm",
        "osm_id": 1221593725,
        "osm_type": "way"
      }
    },
    {
      "type": "Feature",
      "geometry": {
        "type": "Point",
        "coordinates": [
          -157.7941096,
          21.2594383
        ]
      },
      "properties": {
        "id": "osm-1221593726",
        "lat": 21.2594383,
        "lon": -157.7941096,
        "name": "",
        "address": "Kahala Avenue, Waialae-Kahala, K\u0101hala, East Honolulu, Honolulu, Honolulu County, Hawaii, 96828, United States",
        "neighborhood": "unknown",
        "source": "osm",
        "osm_id": 1221593726,
        "osm_type": "way"
      }
    },
    {
      "type": "Feature",
      "geometry": {
        "type": "Point",
        "coordinates": [
          -157.7941748,
          21.2590075
        ]
      },
      "properties": {
        "id": "osm-1221593727",
        "lat": 21.2590075,
        "lon": -157.7941748,
        "name": "",
        "address": "Papu Circle, Black Point, K\u0101hala, East Honolulu, Honolulu, Honolulu County, Hawaii, 96828, United States",
        "neighborhood": "unknown",
        "source": "osm",
        "osm_id": 1221593727,
        "osm_type": "way"
      }
    },
    {
      "type": "Feature",
      "geometry": {
        "type": "Point",
        "coordinates": [
          -157.7938245,
          21.2591666
        ]
      },
      "properties": {
        "id": "osm-1221593728",
        "lat": 21.2591666,
        "lon": -157.7938245,
        "name": "",
        "address": "Black Point Road, Waialae-Kahala, K\u0101hala, East Honolulu, Honolulu, Honolulu County, Hawaii, 96828, United States",
        "neighborhood": "unknown",
        "source": "osm",
        "osm_id": 1221593728,
        "osm_type": "way"
      }
    },
    {
      "type": "Feature",
      "geometry": {
        "type": "Point",
        "coordinates": [
          -157.7934789,
          21.2587775
        ]
      },
      "properties": {
        "id": "osm-1221593729",
        "lat": 21.2587775,
        "lon": -157.7934789,
        "name": "",
        "address": "Papu Circle, Black Point, K\u0101hala, East Honolulu, Honolulu, Honolulu County, Hawaii, 96828, United States",
        "neighborhood": "unknown",
        "source": "osm",
        "osm_id": 1221593729,
        "osm_type": "way"
      }
    },
    {
      "type": "Feature",
      "geometry": {
        "type": "Point",
        "coordinates": [
          -157.7929499,
          21.2579406
        ]
      },
      "properties": {
        "id": "osm-1221593730",
        "lat": 21.2579406,
        "lon": -157.7929499,
        "name": "",
        "address": "Papu Circle, Black Point, K\u0101hala, East Honolulu, Honolulu, Honolulu County, Hawaii, 96828, United States",
        "neighborhood": "unknown",
        "source": "osm",
        "osm_id": 1221593730,
        "osm_type": "way"
      }
    },
    {
      "type": "Feature",
      "geometry": {
        "type": "Point",
        "coordinates": [
          -157.7928033,
          21.2582417
        ]
      },
      "properties": {
        "id": "osm-1221593732",
        "lat": 21.2582417,
        "lon": -157.7928033,
        "name": "",
        "address": "Papu Circle, Black Point, K\u0101hala, East Honolulu, Honolulu, Honolulu County, Hawaii, 96828, United States",
        "neighborhood": "unknown",
        "source": "osm",
        "osm_id": 1221593732,
        "osm_type": "way"
      }
    },
    {
      "type": "Feature",
      "geometry": {
        "type": "Point",
        "coordinates": [
          -157.7924133,
          21.2571907
        ]
      },
      "properties": {
        "id": "osm-1221593733",
        "lat": 21.2571907,
        "lon": -157.7924133,
        "name": "",
        "address": "Akulikuli Terrace, Waialae-Kahala, East Honolulu, Honolulu, Honolulu County, Hawaii, 96828, United States",
        "neighborhood": "unknown",
        "source": "osm",
        "osm_id": 1221593733,
        "osm_type": "way"
      }
    },
    {
      "type": "Feature",
      "geometry": {
        "type": "Point",
        "coordinates": [
          -157.7922981,
          21.256821
        ]
      },
      "properties": {
        "id": "osm-1221593734",
        "lat": 21.256821,
        "lon": -157.7922981,
        "name": "",
        "address": "Black Point Road, Waialae-Kahala, K\u0101hala, East Honolulu, Honolulu, Honolulu County, Hawaii, 96828, United States",
        "neighborhood": "unknown",
        "source": "osm",
        "osm_id": 1221593734,
        "osm_type": "way"
      }
    },
    {
      "type": "Feature",
      "geometry": {
        "type": "Point",
        "coordinates": [
          -157.7919361,
          21.2563437
        ]
      },
      "properties": {
        "id": "osm-1221593735",
        "lat": 21.2563437,
        "lon": -157.7919361,
        "name": "",
        "address": "Black Point Road, Waialae-Kahala, East Honolulu, Honolulu, Honolulu County, Hawaii, 96828, United States",
        "neighborhood": "unknown",
        "source": "osm",
        "osm_id": 1221593735,
        "osm_type": "way"
      }
    },
    {
      "type": "Feature",
      "geometry": {
        "type": "Point",
        "coordinates": [
          -157.7916152,
          21.2567612
        ]
      },
      "properties": {
        "id": "osm-1221593736",
        "lat": 21.2567612,
        "lon": -157.7916152,
        "name": "",
        "address": "Black Point Road, Waialae-Kahala, East Honolulu, Honolulu, Honolulu County, Hawaii, 96828, United States",
        "neighborhood": "unknown",
        "source": "osm",
        "osm_id": 1221593736,
        "osm_type": "way"
      }
    },
    {
      "type": "Feature",
      "geometry": {
        "type": "Point",
        "coordinates": [
          -157.7931387,
          21.2589028
        ]
      },
      "properties": {
        "id": "osm-1221593737",
        "lat": 21.2589028,
        "lon": -157.7931387,
        "name": "",
        "address": "Black Point Road, Waialae-Kahala, K\u0101hala, East Honolulu, Honolulu, Honolulu County, Hawaii, 96828, United States",
        "neighborhood": "unknown",
        "source": "osm",
        "osm_id": 1221593737,
        "osm_type": "way"
      }
    },
    {
      "type": "Feature",
      "geometry": {
        "type": "Point",
        "coordinates": [
          -157.791724,
          21.2589706
        ]
      },
      "properties": {
        "id": "osm-1222100444",
        "lat": 21.2589706,
        "lon": -157.791724,
        "name": "",
        "address": "Royal Circle, Waialae-Kahala, K\u0101hala, East Honolulu, Honolulu, Honolulu County, Hawaii, 96828, United States",
        "neighborhood": "unknown",
        "source": "osm",
        "osm_id": 1222100444,
        "osm_type": "way"
      }
    },
    {
      "type": "Feature",
      "geometry": {
        "type": "Point",
        "coordinates": [
          -157.7917173,
          21.2585629
        ]
      },
      "properties": {
        "id": "osm-1222100447",
        "lat": 21.2585629,
        "lon": -157.7917173,
        "name": "",
        "address": "Royal Circle, Waialae-Kahala, K\u0101hala, East Honolulu, Honolulu, Honolulu County, Hawaii, 96828, United States",
        "neighborhood": "unknown",
        "source": "osm",
        "osm_id": 1222100447,
        "osm_type": "way"
      }
    },
    {
      "type": "Feature",
      "geometry": {
        "type": "Point",
        "coordinates": [
          -157.7917619,
          21.2587697
        ]
      },
      "properties": {
        "id": "osm-1222100448",
        "lat": 21.2587697,
        "lon": -157.7917619,
        "name": "",
        "address": "Royal Circle, Waialae-Kahala, K\u0101hala, East Honolulu, Honolulu, Honolulu County, Hawaii, 96828, United States",
        "neighborhood": "unknown",
        "source": "osm",
        "osm_id": 1222100448,
        "osm_type": "way"
      }
    },
    {
      "type": "Feature",
      "geometry": {
        "type": "Point",
        "coordinates": [
          -157.7912126,
          21.2581315
        ]
      },
      "properties": {
        "id": "osm-1222100455",
        "lat": 21.2581315,
        "lon": -157.7912126,
        "name": "",
        "address": "Pu'ueleele Place, Waialae-Kahala, K\u0101hala, East Honolulu, Honolulu, Honolulu County, Hawaii, 96828, United States",
        "neighborhood": "unknown",
        "source": "osm",
        "osm_id": 1222100455,
        "osm_type": "way"
      }
    },
    {
      "type": "Feature",
      "geometry": {
        "type": "Point",
        "coordinates": [
          -157.792147,
          21.2589729
        ]
      },
      "properties": {
        "id": "osm-1222106134",
        "lat": 21.2589729,
        "lon": -157.792147,
        "name": "",
        "address": "Royal Circle, Waialae-Kahala, K\u0101hala, East Honolulu, Honolulu, Honolulu County, Hawaii, 96828, United States",
        "neighborhood": "unknown",
        "source": "osm",
        "osm_id": 1222106134,
        "osm_type": "way"
      }
    },
    {
      "type": "Feature",
      "geometry": {
        "type": "Point",
        "coordinates": [
          -157.7922077,
          21.2593498
        ]
      },
      "properties": {
        "id": "osm-1222106136",
        "lat": 21.2593498,
        "lon": -157.7922077,
        "name": "",
        "address": "Royal Circle, Waialae-Kahala, K\u0101hala, East Honolulu, Honolulu, Honolulu County, Hawaii, 96828, United States",
        "neighborhood": "unknown",
        "source": "osm",
        "osm_id": 1222106136,
        "osm_type": "way"
      }
    },
    {
      "type": "Feature",
      "geometry": {
        "type": "Point",
        "coordinates": [
          -157.7927282,
          21.2592243
        ]
      },
      "properties": {
        "id": "osm-1222106139",
        "lat": 21.2592243,
        "lon": -157.7927282,
        "name": "",
        "address": "4028, Black Point Road, Waialae-Kahala, K\u0101hala, East Honolulu, Honolulu, Honolulu County, Hawaii, 96816, United States",
        "neighborhood": "unknown",
        "source": "osm",
        "osm_id": 1222106139,
        "osm_type": "way"
      }
    },
    {
      "type": "Feature",
      "geometry": {
        "type": "Point",
        "coordinates": [
          -157.7929567,
          21.2597976
        ]
      },
      "properties": {
        "id": "osm-1222106142",
        "lat": 21.2597976,
        "lon": -157.7929567,
        "name": "",
        "address": "Kahala Avenue, Waialae-Kahala, K\u0101hala, East Honolulu, Honolulu, Honolulu County, Hawaii, 96828, United States",
        "neighborhood": "unknown",
        "source": "osm",
        "osm_id": 1222106142,
        "osm_type": "way"
      }
    },
    {
      "type": "Feature",
      "geometry": {
        "type": "Point",
        "coordinates": [
          -157.7926915,
          21.2597969
        ]
      },
      "properties": {
        "id": "osm-1222106143",
        "lat": 21.2597969,
        "lon": -157.7926915,
        "name": "",
        "address": "4303, Royal Place, Waialae-Kahala, K\u0101hala, East Honolulu, Honolulu, Honolulu County, Hawaii, 96816, United States",
        "neighborhood": "unknown",
        "source": "osm",
        "osm_id": 1222106143,
        "osm_type": "way"
      }
    },
    {
      "type": "Feature",
      "geometry": {
        "type": "Point",
        "coordinates": [
          -157.7924837,
          21.2590888
        ]
      },
      "properties": {
        "id": "osm-1222106147",
        "lat": 21.2590888,
        "lon": -157.7924837,
        "name": "",
        "address": "Royal Circle, Waialae-Kahala, K\u0101hala, East Honolulu, Honolulu, Honolulu County, Hawaii, 96828, United States",
        "neighborhood": "unknown",
        "source": "osm",
        "osm_id": 1222106147,
        "osm_type": "way"
      }
    },
    {
      "type": "Feature",
      "geometry": {
        "type": "Point",
        "coordinates": [
          -157.7931335,
          21.2595915
        ]
      },
      "properties": {
        "id": "osm-1222106150",
        "lat": 21.2595915,
        "lon": -157.7931335,
        "name": "",
        "address": "Black Point Road, Waialae-Kahala, K\u0101hala, East Honolulu, Honolulu, Honolulu County, Hawaii, 96828, United States",
        "neighborhood": "unknown",
        "source": "osm",
        "osm_id": 1222106150,
        "osm_type": "way"
      }
    },
    {
      "type": "Feature",
      "geometry": {
        "type": "Point",
        "coordinates": [
          -157.7917671,
          21.2573594
        ]
      },
      "properties": {
        "id": "osm-1222108999",
        "lat": 21.2573594,
        "lon": -157.7917671,
        "name": "",
        "address": "Black Point Road, Waialae-Kahala, K\u0101hala, East Honolulu, Honolulu, Honolulu County, Hawaii, 96828, United States",
        "neighborhood": "unknown",
        "source": "osm",
        "osm_id": 1222108999,
        "osm_type": "way"
      }
    },
    {
      "type": "Feature",
      "geometry": {
        "type": "Point",
        "coordinates": [
          -157.7912852,
          21.2572688
        ]
      },
      "properties": {
        "id": "osm-1222109001",
        "lat": 21.2572688,
        "lon": -157.7912852,
        "name": "",
        "address": "Black Point Road, Waialae-Kahala, East Honolulu, Honolulu, Honolulu County, Hawaii, 96828, United States",
        "neighborhood": "unknown",
        "source": "osm",
        "osm_id": 1222109001,
        "osm_type": "way"
      }
    },
    {
      "type": "Feature",
      "geometry": {
        "type": "Point",
        "coordinates": [
          -157.7909516,
          21.2574239
        ]
      },
      "properties": {
        "id": "osm-1222115888",
        "lat": 21.2574239,
        "lon": -157.7909516,
        "name": "",
        "address": "Pu'ueleele Place, Waialae-Kahala, K\u0101hala, East Honolulu, Honolulu, Honolulu County, Hawaii, 96828, United States",
        "neighborhood": "unknown",
        "source": "osm",
        "osm_id": 1222115888,
        "osm_type": "way"
      }
    },
    {
      "type": "Feature",
      "geometry": {
        "type": "Point",
        "coordinates": [
          -157.7913815,
          21.2570452
        ]
      },
      "properties": {
        "id": "osm-1222115890",
        "lat": 21.2570452,
        "lon": -157.7913815,
        "name": "",
        "address": "Black Point Road, Waialae-Kahala, East Honolulu, Honolulu, Honolulu County, Hawaii, 96828, United States",
        "neighborhood": "unknown",
        "source": "osm",
        "osm_id": 1222115890,
        "osm_type": "way"
      }
    },
    {
      "type": "Feature",
      "geometry": {
        "type": "Point",
        "coordinates": [
          -157.7912305,
          21.2564222
        ]
      },
      "properties": {
        "id": "osm-1222115904",
        "lat": 21.2564222,
        "lon": -157.7912305,
        "name": "",
        "address": "Black Point Road, Waialae-Kahala, East Honolulu, Honolulu, Honolulu County, Hawaii, 96828, United States",
        "neighborhood": "unknown",
        "source": "osm",
        "osm_id": 1222115904,
        "osm_type": "way"
      }
    },
    {
      "type": "Feature",
      "geometry": {
        "type": "Point",
        "coordinates": [
          -157.7908208,
          21.2563491
        ]
      },
      "properties": {
        "id": "osm-1222115906",
        "lat": 21.2563491,
        "lon": -157.7908208,
        "name": "",
        "address": "4199, Black Point Road, Waialae-Kahala, K\u0101hala, East Honolulu, Honolulu, Honolulu County, Hawaii, 96816, United States",
        "neighborhood": "unknown",
        "source": "osm",
        "osm_id": 1222115906,
        "osm_type": "way"
      }
    },
    {
      "type": "Feature",
      "geometry": {
        "type": "Point",
        "coordinates": [
          -157.7918432,
          21.2554693
        ]
      },
      "properties": {
        "id": "osm-1222115909",
        "lat": 21.2554693,
        "lon": -157.7918432,
        "name": "",
        "address": "Black Point Place, Waialae-Kahala, East Honolulu, Honolulu, Honolulu County, Hawaii, 96828, United States",
        "neighborhood": "unknown",
        "source": "osm",
        "osm_id": 1222115909,
        "osm_type": "way"
      }
    },
    {
      "type": "Feature",
      "geometry": {
        "type": "Point",
        "coordinates": [
          -157.7920555,
          21.2572249
        ]
      },
      "properties": {
        "id": "osm-1222368650",
        "lat": 21.2572249,
        "lon": -157.7920555,
        "name": "",
        "address": "Black Point Road, Waialae-Kahala, K\u0101hala, East Honolulu, Honolulu, Honolulu County, Hawaii, 96828, United States",
        "neighborhood": "unknown",
        "source": "osm",
        "osm_id": 1222368650,
        "osm_type": "way"
      }
    },
    {
      "type": "Feature",
      "geometry": {
        "type": "Point",
        "coordinates": [
          -157.7940694,
          21.2595234
        ]
      },
      "properties": {
        "id": "osm-1222370599",
        "lat": 21.2595234,
        "lon": -157.7940694,
        "name": "",
        "address": "Kahala Avenue + Black Point Road, Kahala Avenue, Waialae-Kahala, K\u0101hala, East Honolulu, Honolulu, Honolulu County, Hawaii, 96828, United States",
        "neighborhood": "unknown",
        "source": "osm",
        "osm_id": 1222370599,
        "osm_type": "way"
      }
    },
    {
      "type": "Feature",
      "geometry": {
        "type": "Point",
        "coordinates": [
          -157.7925937,
          21.2580204
        ]
      },
      "properties": {
        "id": "osm-1222371817",
        "lat": 21.2580204,
        "lon": -157.7925937,
        "name": "",
        "address": "Papu Circle, Black Point, K\u0101hala, East Honolulu, Honolulu, Honolulu County, Hawaii, 96828, United States",
        "neighborhood": "unknown",
        "source": "osm",
        "osm_id": 1222371817,
        "osm_type": "way"
      }
    },
    {
      "type": "Feature",
      "geometry": {
        "type": "Point",
        "coordinates": [
          -157.7923936,
          21.2560223
        ]
      },
      "properties": {
        "id": "osm-1222416381",
        "lat": 21.2560223,
        "lon": -157.7923936,
        "name": "",
        "address": "Kaikoo Place, Black Point, East Honolulu, Honolulu, Honolulu County, Hawaii, 96828, United States",
        "neighborhood": "unknown",
        "source": "osm",
        "osm_id": 1222416381,
        "osm_type": "way"
      }
    },
    {
      "type": "Feature",
      "geometry": {
        "type": "Point",
        "coordinates": [
          -157.7922379,
          21.2562919
        ]
      },
      "properties": {
        "id": "osm-1222416384",
        "lat": 21.2562919,
        "lon": -157.7922379,
        "name": "",
        "address": "Black Point Road, Waialae-Kahala, K\u0101hala, East Honolulu, Honolulu, Honolulu County, Hawaii, 96828, United States",
        "neighborhood": "unknown",
        "source": "osm",
        "osm_id": 1222416384,
        "osm_type": "way"
      }
    },
    {
      "type": "Feature",
      "geometry": {
        "type": "Point",
        "coordinates": [
          -157.7922832,
          21.2559889
        ]
      },
      "properties": {
        "id": "osm-1222416386",
        "lat": 21.2559889,
        "lon": -157.7922832,
        "name": "",
        "address": "Black Point Place, Waialae-Kahala, East Honolulu, Honolulu, Honolulu County, Hawaii, 96828, United States",
        "neighborhood": "unknown",
        "source": "osm",
        "osm_id": 1222416386,
        "osm_type": "way"
      }
    },
    {
      "type": "Feature",
      "geometry": {
        "type": "Point",
        "coordinates": [
          -157.7927132,
          21.2553805
        ]
      },
      "properties": {
        "id": "osm-1222416392",
        "lat": 21.2553805,
        "lon": -157.7927132,
        "name": "",
        "address": "Kaikoo Place, Black Point, East Honolulu, Honolulu, Honolulu County, Hawaii, 96828, United States",
        "neighborhood": "unknown",
        "source": "osm",
        "osm_id": 1222416392,
        "osm_type": "way"
      }
    },
    {
      "type": "Feature",
      "geometry": {
        "type": "Point",
        "coordinates": [
          -157.7931241,
          21.2554033
        ]
      },
      "properties": {
        "id": "osm-1222431301",
        "lat": 21.2554033,
        "lon": -157.7931241,
        "name": "",
        "address": "Kaikoo Place, Black Point, East Honolulu, Honolulu, Honolulu County, Hawaii, 96828, United States",
        "neighborhood": "unknown",
        "source": "osm",
        "osm_id": 1222431301,
        "osm_type": "way"
      }
    },
    {
      "type": "Feature",
      "geometry": {
        "type": "Point",
        "coordinates": [
          -157.7935265,
          21.2555676
        ]
      },
      "properties": {
        "id": "osm-1222431302",
        "lat": 21.2555676,
        "lon": -157.7935265,
        "name": "",
        "address": "Kaikoo Place, Black Point, East Honolulu, Honolulu, Honolulu County, Hawaii, 96828, United States",
        "neighborhood": "unknown",
        "source": "osm",
        "osm_id": 1222431302,
        "osm_type": "way"
      }
    },
    {
      "type": "Feature",
      "geometry": {
        "type": "Point",
        "coordinates": [
          -157.7944126,
          21.2559573
        ]
      },
      "properties": {
        "id": "osm-1222431303",
        "lat": 21.2559573,
        "lon": -157.7944126,
        "name": "",
        "address": "Kaikoo Place, Black Point, East Honolulu, Honolulu, Honolulu County, Hawaii, 96828, United States",
        "neighborhood": "unknown",
        "source": "osm",
        "osm_id": 1222431303,
        "osm_type": "way"
      }
    },
    {
      "type": "Feature",
      "geometry": {
        "type": "Point",
        "coordinates": [
          -157.7928388,
          21.2552645
        ]
      },
      "properties": {
        "id": "osm-1222587515",
        "lat": 21.2552645,
        "lon": -157.7928388,
        "name": "",
        "address": "Kaikoo Place, Black Point, East Honolulu, Honolulu, Honolulu County, Hawaii, 96828, United States",
        "neighborhood": "unknown",
        "source": "osm",
        "osm_id": 1222587515,
        "osm_type": "way"
      }
    },
    {
      "type": "Feature",
      "geometry": {
        "type": "Point",
        "coordinates": [
          -157.792522,
          21.2553854
        ]
      },
      "properties": {
        "id": "osm-1222587520",
        "lat": 21.2553854,
        "lon": -157.792522,
        "name": "",
        "address": "4343, Kaikoo Place, Black Point, K\u0101hala, East Honolulu, Honolulu, Honolulu County, Hawaii, 96816, United States",
        "neighborhood": "unknown",
        "source": "osm",
        "osm_id": 1222587520,
        "osm_type": "way"
      }
    },
    {
      "type": "Feature",
      "geometry": {
        "type": "Point",
        "coordinates": [
          -157.7939944,
          21.2562586
        ]
      },
      "properties": {
        "id": "osm-1222587522",
        "lat": 21.2562586,
        "lon": -157.7939944,
        "name": "",
        "address": "Kaikoo Place, Black Point, East Honolulu, Honolulu, Honolulu County, Hawaii, 96828, United States",
        "neighborhood": "unknown",
        "source": "osm",
        "osm_id": 1222587522,
        "osm_type": "way"
      }
    },
    {
      "type": "Feature",
      "geometry": {
        "type": "Point",
        "coordinates": [
          -157.7937842,
          21.2569383
        ]
      },
      "properties": {
        "id": "osm-1222587634",
        "lat": 21.2569383,
        "lon": -157.7937842,
        "name": "",
        "address": "Papu Circle, Black Point, K\u0101hala, East Honolulu, Honolulu, Honolulu County, Hawaii, 96828, United States",
        "neighborhood": "unknown",
        "source": "osm",
        "osm_id": 1222587634,
        "osm_type": "way"
      }
    },
    {
      "type": "Feature",
      "geometry": {
        "type": "Point",
        "coordinates": [
          -157.793993,
          21.2566632
        ]
      },
      "properties": {
        "id": "osm-1222670078",
        "lat": 21.2566632,
        "lon": -157.793993,
        "name": "",
        "address": "Kaikoo Place, Black Point, East Honolulu, Honolulu, Honolulu County, Hawaii, 96828, United States",
        "neighborhood": "unknown",
        "source": "osm",
        "osm_id": 1222670078,
        "osm_type": "way"
      }
    },
    {
      "type": "Feature",
      "geometry": {
        "type": "Point",
        "coordinates": [
          -157.793642,
          21.2565208
        ]
      },
      "properties": {
        "id": "osm-1222683997",
        "lat": 21.2565208,
        "lon": -157.793642,
        "name": "",
        "address": "4255, Kaikoo Place, Black Point, K\u0101hala, East Honolulu, Honolulu, Honolulu County, Hawaii, 96816, United States",
        "neighborhood": "unknown",
        "source": "osm",
        "osm_id": 1222683997,
        "osm_type": "way"
      }
    },
    {
      "type": "Feature",
      "geometry": {
        "type": "Point",
        "coordinates": [
          -157.7932503,
          21.2561116
        ]
      },
      "properties": {
        "id": "osm-1222683999",
        "lat": 21.2561116,
        "lon": -157.7932503,
        "name": "",
        "address": "Kaikoo Place, Black Point, East Honolulu, Honolulu, Honolulu County, Hawaii, 96828, United States",
        "neighborhood": "unknown",
        "source": "osm",
        "osm_id": 1222683999,
        "osm_type": "way"
      }
    },
    {
      "type": "Feature",
      "geometry": {
        "type": "Point",
        "coordinates": [
          -157.7934614,
          21.2562229
        ]
      },
      "properties": {
        "id": "osm-1222684001",
        "lat": 21.2562229,
        "lon": -157.7934614,
        "name": "",
        "address": "Kaikoo Place, Black Point, East Honolulu, Honolulu, Honolulu County, Hawaii, 96828, United States",
        "neighborhood": "unknown",
        "source": "osm",
        "osm_id": 1222684001,
        "osm_type": "way"
      }
    },
    {
      "type": "Feature",
      "geometry": {
        "type": "Point",
        "coordinates": [
          -157.7931186,
          21.2564357
        ]
      },
      "properties": {
        "id": "osm-1222684003",
        "lat": 21.2564357,
        "lon": -157.7931186,
        "name": "",
        "address": "Kaikoo Place, Black Point, K\u0101hala, East Honolulu, Honolulu, Honolulu County, Hawaii, 96828, United States",
        "neighborhood": "unknown",
        "source": "osm",
        "osm_id": 1222684003,
        "osm_type": "way"
      }
    },
    {
      "type": "Feature",
      "geometry": {
        "type": "Point",
        "coordinates": [
          -157.79282,
          21.2559534
        ]
      },
      "properties": {
        "id": "osm-1222684008",
        "lat": 21.2559534,
        "lon": -157.79282,
        "name": "",
        "address": "Kaikoo Place, Black Point, East Honolulu, Honolulu, Honolulu County, Hawaii, 96828, United States",
        "neighborhood": "unknown",
        "source": "osm",
        "osm_id": 1222684008,
        "osm_type": "way"
      }
    },
    {
      "type": "Feature",
      "geometry": {
        "type": "Point",
        "coordinates": [
          -157.7930381,
          21.2563397
        ]
      },
      "properties": {
        "id": "osm-1222684011",
        "lat": 21.2563397,
        "lon": -157.7930381,
        "name": "",
        "address": "Kaikoo Place, Black Point, East Honolulu, Honolulu, Honolulu County, Hawaii, 96828, United States",
        "neighborhood": "unknown",
        "source": "osm",
        "osm_id": 1222684011,
        "osm_type": "way"
      }
    },
    {
      "type": "Feature",
      "geometry": {
        "type": "Point",
        "coordinates": [
          -157.7930927,
          21.2566277
        ]
      },
      "properties": {
        "id": "osm-1222684012",
        "lat": 21.2566277,
        "lon": -157.7930927,
        "name": "",
        "address": "Kaikoo Place, Black Point, East Honolulu, Honolulu, Honolulu County, Hawaii, 96828, United States",
        "neighborhood": "unknown",
        "source": "osm",
        "osm_id": 1222684012,
        "osm_type": "way"
      }
    },
    {
      "type": "Feature",
      "geometry": {
        "type": "Point",
        "coordinates": [
          -157.7935351,
          21.2568171
        ]
      },
      "properties": {
        "id": "osm-1222684013",
        "lat": 21.2568171,
        "lon": -157.7935351,
        "name": "",
        "address": "Papu Circle, Black Point, K\u0101hala, East Honolulu, Honolulu, Honolulu County, Hawaii, 96828, United States",
        "neighborhood": "unknown",
        "source": "osm",
        "osm_id": 1222684013,
        "osm_type": "way"
      }
    },
    {
      "type": "Feature",
      "geometry": {
        "type": "Point",
        "coordinates": [
          -157.7946117,
          21.2574957
        ]
      },
      "properties": {
        "id": "osm-1222882757",
        "lat": 21.2574957,
        "lon": -157.7946117,
        "name": "",
        "address": "Papu Circle, Black Point, K\u0101hala, East Honolulu, Honolulu, Honolulu County, Hawaii, 96828, United States",
        "neighborhood": "unknown",
        "source": "osm",
        "osm_id": 1222882757,
        "osm_type": "way"
      }
    },
    {
      "type": "Feature",
      "geometry": {
        "type": "Point",
        "coordinates": [
          -157.7947205,
          21.2576504
        ]
      },
      "properties": {
        "id": "osm-1222882759",
        "lat": 21.2576504,
        "lon": -157.7947205,
        "name": "",
        "address": "Shangri La, 4055, Papu Circle, Black Point, K\u0101hala, East Honolulu, Honolulu, Honolulu County, Hawaii, 96816, United States",
        "neighborhood": "unknown",
        "source": "osm",
        "osm_id": 1222882759,
        "osm_type": "way"
      }
    },
    {
      "type": "Feature",
      "geometry": {
        "type": "Point",
        "coordinates": [
          -157.7956979,
          21.2589634
        ]
      },
      "properties": {
        "id": "osm-1222883684",
        "lat": 21.2589634,
        "lon": -157.7956979,
        "name": "",
        "address": "Kulamanu Street, Black Point, K\u0101hala, East Honolulu, Honolulu, Honolulu County, Hawaii, 96828, United States",
        "neighborhood": "unknown",
        "source": "osm",
        "osm_id": 1222883684,
        "osm_type": "way"
      }
    },
    {
      "type": "Feature",
      "geometry": {
        "type": "Point",
        "coordinates": [
          -157.7953629,
          21.2588879
        ]
      },
      "properties": {
        "id": "osm-1222883685",
        "lat": 21.2588879,
        "lon": -157.7953629,
        "name": "",
        "address": "Kulamanu Street, Black Point, K\u0101hala, East Honolulu, Honolulu, Honolulu County, Hawaii, 96828, United States",
        "neighborhood": "unknown",
        "source": "osm",
        "osm_id": 1222883685,
        "osm_type": "way"
      }
    },
    {
      "type": "Feature",
      "geometry": {
        "type": "Point",
        "coordinates": [
          -157.7951746,
          21.2589494
        ]
      },
      "properties": {
        "id": "osm-1222883686",
        "lat": 21.2589494,
        "lon": -157.7951746,
        "name": "",
        "address": "Kulamanu Street, Black Point, K\u0101hala, East Honolulu, Honolulu, Honolulu County, Hawaii, 96828, United States",
        "neighborhood": "unknown",
        "source": "osm",
        "osm_id": 1222883686,
        "osm_type": "way"
      }
    },
    {
      "type": "Feature",
      "geometry": {
        "type": "Point",
        "coordinates": [
          -157.7959607,
          21.2588992
        ]
      },
      "properties": {
        "id": "osm-1222883687",
        "lat": 21.2588992,
        "lon": -157.7959607,
        "name": "",
        "address": "Kulamanu Street, Black Point, K\u0101hala, East Honolulu, Honolulu, Honolulu County, Hawaii, 96828, United States",
        "neighborhood": "unknown",
        "source": "osm",
        "osm_id": 1222883687,
        "osm_type": "way"
      }
    },
    {
      "type": "Feature",
      "geometry": {
        "type": "Point",
        "coordinates": [
          -157.7960872,
          21.2588729
        ]
      },
      "properties": {
        "id": "osm-1222883688",
        "lat": 21.2588729,
        "lon": -157.7960872,
        "name": "",
        "address": "Kulamanu Street, Black Point, K\u0101hala, East Honolulu, Honolulu, Honolulu County, Hawaii, 96828, United States",
        "neighborhood": "unknown",
        "source": "osm",
        "osm_id": 1222883688,
        "osm_type": "way"
      }
    },
    {
      "type": "Feature",
      "geometry": {
        "type": "Point",
        "coordinates": [
          -157.7962963,
          21.258814
        ]
      },
      "properties": {
        "id": "osm-1222883690",
        "lat": 21.258814,
        "lon": -157.7962963,
        "name": "",
        "address": "Kulamanu Street, Black Point, K\u0101hala, East Honolulu, Honolulu, Honolulu County, Hawaii, 96828, United States",
        "neighborhood": "unknown",
        "source": "osm",
        "osm_id": 1222883690,
        "osm_type": "way"
      }
    },
    {
      "type": "Feature",
      "geometry": {
        "type": "Point",
        "coordinates": [
          -157.7970007,
          21.2588358
        ]
      },
      "properties": {
        "id": "osm-1222883691",
        "lat": 21.2588358,
        "lon": -157.7970007,
        "name": "",
        "address": "Kulamanu Street, Black Point, K\u0101hala, East Honolulu, Honolulu, Honolulu County, Hawaii, 96828, United States",
        "neighborhood": "unknown",
        "source": "osm",
        "osm_id": 1222883691,
        "osm_type": "way"
      }
    },
    {
      "type": "Feature",
      "geometry": {
        "type": "Point",
        "coordinates": [
          -157.7971046,
          21.2587691
        ]
      },
      "properties": {
        "id": "osm-1222883692",
        "lat": 21.2587691,
        "lon": -157.7971046,
        "name": "",
        "address": "Kulamanu Street, Black Point, K\u0101hala, East Honolulu, Honolulu, Honolulu County, Hawaii, 96828, United States",
        "neighborhood": "unknown",
        "source": "osm",
        "osm_id": 1222883692,
        "osm_type": "way"
      }
    },
    {
      "type": "Feature",
      "geometry": {
        "type": "Point",
        "coordinates": [
          -157.7973502,
          21.2587865
        ]
      },
      "properties": {
        "id": "osm-1222883693",
        "lat": 21.2587865,
        "lon": -157.7973502,
        "name": "",
        "address": "4000, Kulamanu Street, Black Point, K\u0101hala, East Honolulu, Honolulu, Honolulu County, Hawaii, 96816, United States",
        "neighborhood": "unknown",
        "source": "osm",
        "osm_id": 1222883693,
        "osm_type": "way"
      }
    },
    {
      "type": "Feature",
      "geometry": {
        "type": "Point",
        "coordinates": [
          -157.797035,
          21.2572431
        ]
      },
      "properties": {
        "id": "osm-1222884056",
        "lat": 21.2572431,
        "lon": -157.797035,
        "name": "",
        "address": "101, Kuine Place, Black Point, K\u0101hala, East Honolulu, Honolulu, Honolulu County, Hawaii, 96816, United States",
        "neighborhood": "unknown",
        "source": "osm",
        "osm_id": 1222884056,
        "osm_type": "way"
      }
    },
    {
      "type": "Feature",
      "geometry": {
        "type": "Point",
        "coordinates": [
          -157.7963377,
          21.2574241
        ]
      },
      "properties": {
        "id": "osm-1222884057",
        "lat": 21.2574241,
        "lon": -157.7963377,
        "name": "",
        "address": "Kulamanu Place, Black Point, K\u0101hala, East Honolulu, Honolulu, Honolulu County, Hawaii, 96828, United States",
        "neighborhood": "unknown",
        "source": "osm",
        "osm_id": 1222884057,
        "osm_type": "way"
      }
    },
    {
      "type": "Feature",
      "geometry": {
        "type": "Point",
        "coordinates": [
          -157.7956985,
          21.2582951
        ]
      },
      "properties": {
        "id": "osm-1222884058",
        "lat": 21.2582951,
        "lon": -157.7956985,
        "name": "",
        "address": "4073, Kulamanu Street, Black Point, K\u0101hala, East Honolulu, Honolulu, Honolulu County, Hawaii, 96816, United States",
        "neighborhood": "unknown",
        "source": "osm",
        "osm_id": 1222884058,
        "osm_type": "way"
      }
    },
    {
      "type": "Feature",
      "geometry": {
        "type": "Point",
        "coordinates": [
          -157.7971043,
          21.2581657
        ]
      },
      "properties": {
        "id": "osm-1222884059",
        "lat": 21.2581657,
        "lon": -157.7971043,
        "name": "",
        "address": "155, Kuine Place, Black Point, K\u0101hala, East Honolulu, Honolulu, Honolulu County, Hawaii, 96816, United States",
        "neighborhood": "unknown",
        "source": "osm",
        "osm_id": 1222884059,
        "osm_type": "way"
      }
    },
    {
      "type": "Feature",
      "geometry": {
        "type": "Point",
        "coordinates": [
          -157.7967466,
          21.2579717
        ]
      },
      "properties": {
        "id": "osm-1222884060",
        "lat": 21.2579717,
        "lon": -157.7967466,
        "name": "",
        "address": "Kuine Place, Black Point, K\u0101hala, East Honolulu, Honolulu, Honolulu County, Hawaii, 96828, United States",
        "neighborhood": "unknown",
        "source": "osm",
        "osm_id": 1222884060,
        "osm_type": "way"
      }
    },
    {
      "type": "Feature",
      "geometry": {
        "type": "Point",
        "coordinates": [
          -157.7969726,
          21.2579937
        ]
      },
      "properties": {
        "id": "osm-1222884061",
        "lat": 21.2579937,
        "lon": -157.7969726,
        "name": "",
        "address": "Kuine Place, Black Point, K\u0101hala, East Honolulu, Honolulu, Honolulu County, Hawaii, 96828, United States",
        "neighborhood": "unknown",
        "source": "osm",
        "osm_id": 1222884061,
        "osm_type": "way"
      }
    },
    {
      "type": "Feature",
      "geometry": {
        "type": "Point",
        "coordinates": [
          -157.7954815,
          21.2581777
        ]
      },
      "properties": {
        "id": "osm-1223122098",
        "lat": 21.2581777,
        "lon": -157.7954815,
        "name": "",
        "address": "282, Kaikuono Place, Black Point, K\u0101hala, East Honolulu, Honolulu, Honolulu County, Hawaii, 96816, United States",
        "neighborhood": "unknown",
        "source": "osm",
        "osm_id": 1223122098,
        "osm_type": "way"
      }
    },
    {
      "type": "Feature",
      "geometry": {
        "type": "Point",
        "coordinates": [
          -157.7959552,
          21.2581382
        ]
      },
      "properties": {
        "id": "osm-1223122099",
        "lat": 21.2581382,
        "lon": -157.7959552,
        "name": "",
        "address": "Kulamanu Place, Black Point, K\u0101hala, East Honolulu, Honolulu, Honolulu County, Hawaii, 96828, United States",
        "neighborhood": "unknown",
        "source": "osm",
        "osm_id": 1223122099,
        "osm_type": "way"
      }
    },
    {
      "type": "Feature",
      "geometry": {
        "type": "Point",
        "coordinates": [
          -157.7954287,
          21.2579634
        ]
      },
      "properties": {
        "id": "osm-1223122106",
        "lat": 21.2579634,
        "lon": -157.7954287,
        "name": "",
        "address": "Kaikuono Place, Black Point, K\u0101hala, East Honolulu, Honolulu, Honolulu County, Hawaii, 96828, United States",
        "neighborhood": "unknown",
        "source": "osm",
        "osm_id": 1223122106,
        "osm_type": "way"
      }
    },
    {
      "type": "Feature",
      "geometry": {
        "type": "Point",
        "coordinates": [
          -157.7968267,
          21.2573445
        ]
      },
      "properties": {
        "id": "osm-1223275987",
        "lat": 21.2573445,
        "lon": -157.7968267,
        "name": "",
        "address": "Kulamanu Place, Black Point, K\u0101hala, East Honolulu, Honolulu, Honolulu County, Hawaii, 96828, United States",
        "neighborhood": "unknown",
        "source": "osm",
        "osm_id": 1223275987,
        "osm_type": "way"
      }
    },
    {
      "type": "Feature",
      "geometry": {
        "type": "Point",
        "coordinates": [
          -157.7972963,
          21.2580062
        ]
      },
      "properties": {
        "id": "osm-1223275991",
        "lat": 21.2580062,
        "lon": -157.7972963,
        "name": "",
        "address": "Kaimanawai Place, Black Point, K\u0101hala, East Honolulu, Honolulu, Honolulu County, Hawaii, 96828, United States",
        "neighborhood": "unknown",
        "source": "osm",
        "osm_id": 1223275991,
        "osm_type": "way"
      }
    },
    {
      "type": "Feature",
      "geometry": {
        "type": "Point",
        "coordinates": [
          -157.7973225,
          21.2583268
        ]
      },
      "properties": {
        "id": "osm-1223275992",
        "lat": 21.2583268,
        "lon": -157.7973225,
        "name": "",
        "address": "Kaimanawai Place, Black Point, K\u0101hala, East Honolulu, Honolulu, Honolulu County, Hawaii, 96828, United States",
        "neighborhood": "unknown",
        "source": "osm",
        "osm_id": 1223275992,
        "osm_type": "way"
      }
    },
    {
      "type": "Feature",
      "geometry": {
        "type": "Point",
        "coordinates": [
          -157.7975833,
          21.2574006
        ]
      },
      "properties": {
        "id": "osm-1223275995",
        "lat": 21.2574006,
        "lon": -157.7975833,
        "name": "",
        "address": "Kuine Place, Black Point, K\u0101hala, East Honolulu, Honolulu, Honolulu County, Hawaii, 96828, United States",
        "neighborhood": "unknown",
        "source": "osm",
        "osm_id": 1223275995,
        "osm_type": "way"
      }
    },
    {
      "type": "Feature",
      "geometry": {
        "type": "Point",
        "coordinates": [
          -157.7975829,
          21.2576813
        ]
      },
      "properties": {
        "id": "osm-1223275996",
        "lat": 21.2576813,
        "lon": -157.7975829,
        "name": "",
        "address": "Kaimanawai Place, Black Point, K\u0101hala, East Honolulu, Honolulu, Honolulu County, Hawaii, 96828, United States",
        "neighborhood": "unknown",
        "source": "osm",
        "osm_id": 1223275996,
        "osm_type": "way"
      }
    },
    {
      "type": "Feature",
      "geometry": {
        "type": "Point",
        "coordinates": [
          -157.7976461,
          21.2576712
        ]
      },
      "properties": {
        "id": "osm-1223275997",
        "lat": 21.2576712,
        "lon": -157.7976461,
        "name": "",
        "address": "Kaimanawai Place, Black Point, K\u0101hala, East Honolulu, Honolulu, Honolulu County, Hawaii, 96828, United States",
        "neighborhood": "unknown",
        "source": "osm",
        "osm_id": 1223275997,
        "osm_type": "way"
      }
    },
    {
      "type": "Feature",
      "geometry": {
        "type": "Point",
        "coordinates": [
          -157.7976963,
          21.2574514
        ]
      },
      "properties": {
        "id": "osm-1223275998",
        "lat": 21.2574514,
        "lon": -157.7976963,
        "name": "",
        "address": "Kaalawai Place, Black Point, K\u0101hala, East Honolulu, Honolulu, Honolulu County, Hawaii, 96828, United States",
        "neighborhood": "unknown",
        "source": "osm",
        "osm_id": 1223275998,
        "osm_type": "way"
      }
    },
    {
      "type": "Feature",
      "geometry": {
        "type": "Point",
        "coordinates": [
          -157.7977406,
          21.2573016
        ]
      },
      "properties": {
        "id": "osm-1223275999",
        "lat": 21.2573016,
        "lon": -157.7977406,
        "name": "",
        "address": "Kaalawai Place, Black Point, K\u0101hala, East Honolulu, Honolulu, Honolulu County, Hawaii, 96828, United States",
        "neighborhood": "unknown",
        "source": "osm",
        "osm_id": 1223275999,
        "osm_type": "way"
      }
    },
    {
      "type": "Feature",
      "geometry": {
        "type": "Point",
        "coordinates": [
          -157.7978232,
          21.2584614
        ]
      },
      "properties": {
        "id": "osm-1224018485",
        "lat": 21.2584614,
        "lon": -157.7978232,
        "name": "",
        "address": "Kulamanu Street, Black Point, K\u0101hala, East Honolulu, Honolulu, Honolulu County, Hawaii, 96828, United States",
        "neighborhood": "unknown",
        "source": "osm",
        "osm_id": 1224018485,
        "osm_type": "way"
      }
    },
    {
      "type": "Feature",
      "geometry": {
        "type": "Point",
        "coordinates": [
          -157.7980788,
          21.2571779
        ]
      },
      "properties": {
        "id": "osm-1224018497",
        "lat": 21.2571779,
        "lon": -157.7980788,
        "name": "",
        "address": "Kaalawai Place, Black Point, K\u0101hala, East Honolulu, Honolulu, Honolulu County, Hawaii, 96828, United States",
        "neighborhood": "unknown",
        "source": "osm",
        "osm_id": 1224018497,
        "osm_type": "way"
      }
    },
    {
      "type": "Feature",
      "geometry": {
        "type": "Point",
        "coordinates": [
          -157.7951465,
          21.2626216
        ]
      },
      "properties": {
        "id": "osm-1224019385",
        "lat": 21.2626216,
        "lon": -157.7951465,
        "name": "",
        "address": "Hakaka Street, Black Point, K\u0101hala, East Honolulu, Honolulu, Honolulu County, Hawaii, 96828, United States",
        "neighborhood": "unknown",
        "source": "osm",
        "osm_id": 1224019385,
        "osm_type": "way"
      }
    },
    {
      "type": "Feature",
      "geometry": {
        "type": "Point",
        "coordinates": [
          -157.7984934,
          21.2571165
        ]
      },
      "properties": {
        "id": "osm-1224021468",
        "lat": 21.2571165,
        "lon": -157.7984934,
        "name": "",
        "address": "Kaalawai Place, Black Point, K\u0101hala, East Honolulu, Honolulu, Honolulu County, Hawaii, 96828, United States",
        "neighborhood": "unknown",
        "source": "osm",
        "osm_id": 1224021468,
        "osm_type": "way"
      }
    },
    {
      "type": "Feature",
      "geometry": {
        "type": "Point",
        "coordinates": [
          -157.7983587,
          21.2571589
        ]
      },
      "properties": {
        "id": "osm-1224021469",
        "lat": 21.2571589,
        "lon": -157.7983587,
        "name": "",
        "address": "200, Kaalawai Place, K\u0101hala, East Honolulu, Honolulu, Honolulu County, Hawaii, 96816, United States",
        "neighborhood": "unknown",
        "source": "osm",
        "osm_id": 1224021469,
        "osm_type": "way"
      }
    },
    {
      "type": "Feature",
      "geometry": {
        "type": "Point",
        "coordinates": [
          -157.7984461,
          21.258177
        ]
      },
      "properties": {
        "id": "osm-1224021470",
        "lat": 21.258177,
        "lon": -157.7984461,
        "name": "",
        "address": "Kaalawai Place, Black Point, K\u0101hala, East Honolulu, Honolulu, Honolulu County, Hawaii, 96828, United States",
        "neighborhood": "unknown",
        "source": "osm",
        "osm_id": 1224021470,
        "osm_type": "way"
      }
    },
    {
      "type": "Feature",
      "geometry": {
        "type": "Point",
        "coordinates": [
          -157.7992659,
          21.2573099
        ]
      },
      "properties": {
        "id": "osm-1224022000",
        "lat": 21.2573099,
        "lon": -157.7992659,
        "name": "",
        "address": "Palaoa Place, Black Point, K\u0101hala, East Honolulu, Honolulu, Honolulu County, Hawaii, 96828, United States",
        "neighborhood": "unknown",
        "source": "osm",
        "osm_id": 1224022000,
        "osm_type": "way"
      }
    },
    {
      "type": "Feature",
      "geometry": {
        "type": "Point",
        "coordinates": [
          -157.7991421,
          21.258057
        ]
      },
      "properties": {
        "id": "osm-1224022006",
        "lat": 21.258057,
        "lon": -157.7991421,
        "name": "",
        "address": "232, Palaoa Place, K\u0101hala, East Honolulu, Honolulu, Honolulu County, Hawaii, 96816, United States",
        "neighborhood": "unknown",
        "source": "osm",
        "osm_id": 1224022006,
        "osm_type": "way"
      }
    },
    {
      "type": "Feature",
      "geometry": {
        "type": "Point",
        "coordinates": [
          -157.7988912,
          21.2579912
        ]
      },
      "properties": {
        "id": "osm-1224022009",
        "lat": 21.2579912,
        "lon": -157.7988912,
        "name": "",
        "address": "Palaoa Place, Black Point, K\u0101hala, East Honolulu, Honolulu, Honolulu County, Hawaii, 96828, United States",
        "neighborhood": "unknown",
        "source": "osm",
        "osm_id": 1224022009,
        "osm_type": "way"
      }
    },
    {
      "type": "Feature",
      "geometry": {
        "type": "Point",
        "coordinates": [
          -157.7989512,
          21.2583652
        ]
      },
      "properties": {
        "id": "osm-1224022010",
        "lat": 21.2583652,
        "lon": -157.7989512,
        "name": "",
        "address": "Palaoa Place, Black Point, K\u0101hala, East Honolulu, Honolulu, Honolulu County, Hawaii, 96828, United States",
        "neighborhood": "unknown",
        "source": "osm",
        "osm_id": 1224022010,
        "osm_type": "way"
      }
    },
    {
      "type": "Feature",
      "geometry": {
        "type": "Point",
        "coordinates": [
          -157.7988465,
          21.2584966
        ]
      },
      "properties": {
        "id": "osm-1224023372",
        "lat": 21.2584966,
        "lon": -157.7988465,
        "name": "",
        "address": "267, Palaoa Place, K\u0101hala, East Honolulu, Honolulu, Honolulu County, Hawaii, 96816, United States",
        "neighborhood": "unknown",
        "source": "osm",
        "osm_id": 1224023372,
        "osm_type": "way"
      }
    },
    {
      "type": "Feature",
      "geometry": {
        "type": "Point",
        "coordinates": [
          -157.7984697,
          21.2585144
        ]
      },
      "properties": {
        "id": "osm-1224023375",
        "lat": 21.2585144,
        "lon": -157.7984697,
        "name": "",
        "address": "Kaalawai Place, Black Point, K\u0101hala, East Honolulu, Honolulu, Honolulu County, Hawaii, 96828, United States",
        "neighborhood": "unknown",
        "source": "osm",
        "osm_id": 1224023375,
        "osm_type": "way"
      }
    },
    {
      "type": "Feature",
      "geometry": {
        "type": "Point",
        "coordinates": [
          -157.8006505,
          21.2564312
        ]
      },
      "properties": {
        "id": "osm-1224690360",
        "lat": 21.2564312,
        "lon": -157.8006505,
        "name": "",
        "address": "Diamond Head Road, Black Point, K\u0101hala, East Honolulu, Honolulu, Honolulu County, Hawaii, 96828, United States",
        "neighborhood": "unknown",
        "source": "osm",
        "osm_id": 1224690360,
        "osm_type": "way"
      }
    },
    {
      "type": "Feature",
      "geometry": {
        "type": "Point",
        "coordinates": [
          -157.8012301,
          21.2578951
        ]
      },
      "properties": {
        "id": "osm-1224714808",
        "lat": 21.2578951,
        "lon": -157.8012301,
        "name": "",
        "address": "Diamond Head Road, Black Point, K\u0101hala, East Honolulu, Honolulu, Honolulu County, Hawaii, 96828, United States",
        "neighborhood": "unknown",
        "source": "osm",
        "osm_id": 1224714808,
        "osm_type": "way"
      }
    },
    {
      "type": "Feature",
      "geometry": {
        "type": "Point",
        "coordinates": [
          -157.8008457,
          21.2581206
        ]
      },
      "properties": {
        "id": "osm-1224714809",
        "lat": 21.2581206,
        "lon": -157.8008457,
        "name": "",
        "address": "Poka Place, Black Point, K\u0101hala, East Honolulu, Honolulu, Honolulu County, Hawaii, 96828, United States",
        "neighborhood": "unknown",
        "source": "osm",
        "osm_id": 1224714809,
        "osm_type": "way"
      }
    },
    {
      "type": "Feature",
      "geometry": {
        "type": "Point",
        "coordinates": [
          -157.7999252,
          21.2587653
        ]
      },
      "properties": {
        "id": "osm-1224714810",
        "lat": 21.2587653,
        "lon": -157.7999252,
        "name": "",
        "address": "Poka Place, Black Point, K\u0101hala, East Honolulu, Honolulu, Honolulu County, Hawaii, 96828, United States",
        "neighborhood": "unknown",
        "source": "osm",
        "osm_id": 1224714810,
        "osm_type": "way"
      }
    },
    {
      "type": "Feature",
      "geometry": {
        "type": "Point",
        "coordinates": [
          -157.7994863,
          21.2589193
        ]
      },
      "properties": {
        "id": "osm-1224714811",
        "lat": 21.2589193,
        "lon": -157.7994863,
        "name": "",
        "address": "Poka Street, Black Point, K\u0101hala, East Honolulu, Honolulu, Honolulu County, Hawaii, 96828, United States",
        "neighborhood": "unknown",
        "source": "osm",
        "osm_id": 1224714811,
        "osm_type": "way"
      }
    },
    {
      "type": "Feature",
      "geometry": {
        "type": "Point",
        "coordinates": [
          -157.8014735,
          21.2577493
        ]
      },
      "properties": {
        "id": "osm-1224714812",
        "lat": 21.2577493,
        "lon": -157.8014735,
        "name": "",
        "address": "Diamond Head Road, Black Point, K\u0101hala, East Honolulu, Honolulu, Honolulu County, Hawaii, 96828, United States",
        "neighborhood": "unknown",
        "source": "osm",
        "osm_id": 1224714812,
        "osm_type": "way"
      }
    },
    {
      "type": "Feature",
      "geometry": {
        "type": "Point",
        "coordinates": [
          -157.8000088,
          21.2578075
        ]
      },
      "properties": {
        "id": "osm-1225127106",
        "lat": 21.2578075,
        "lon": -157.8000088,
        "name": "",
        "address": "Diamond Head Road, Black Point, K\u0101hala, East Honolulu, Honolulu, Honolulu County, Hawaii, 96828, United States",
        "neighborhood": "unknown",
        "source": "osm",
        "osm_id": 1225127106,
        "osm_type": "way"
      }
    },
    {
      "type": "Feature",
      "geometry": {
        "type": "Point",
        "coordinates": [
          -157.7997631,
          21.2579053
        ]
      },
      "properties": {
        "id": "osm-1225127107",
        "lat": 21.2579053,
        "lon": -157.7997631,
        "name": "",
        "address": "Diamond Head Road, Black Point, K\u0101hala, East Honolulu, Honolulu, Honolulu County, Hawaii, 96828, United States",
        "neighborhood": "unknown",
        "source": "osm",
        "osm_id": 1225127107,
        "osm_type": "way"
      }
    },
    {
      "type": "Feature",
      "geometry": {
        "type": "Point",
        "coordinates": [
          -157.8008247,
          21.2571019
        ]
      },
      "properties": {
        "id": "osm-1225127114",
        "lat": 21.2571019,
        "lon": -157.8008247,
        "name": "",
        "address": "Diamond Head Road, Black Point, K\u0101hala, East Honolulu, Honolulu, Honolulu County, Hawaii, 96828, United States",
        "neighborhood": "unknown",
        "source": "osm",
        "osm_id": 1225127114,
        "osm_type": "way"
      }
    },
    {
      "type": "Feature",
      "geometry": {
        "type": "Point",
        "coordinates": [
          -157.8016043,
          21.2571667
        ]
      },
      "properties": {
        "id": "osm-1225128045",
        "lat": 21.2571667,
        "lon": -157.8016043,
        "name": "",
        "address": "Diamond Head Road, Black Point, K\u0101hala, East Honolulu, Honolulu, Honolulu County, Hawaii, 96828, United States",
        "neighborhood": "unknown",
        "source": "osm",
        "osm_id": 1225128045,
        "osm_type": "way"
      }
    },
    {
      "type": "Feature",
      "geometry": {
        "type": "Point",
        "coordinates": [
          -157.8004717,
          21.2569611
        ]
      },
      "properties": {
        "id": "osm-1225136055",
        "lat": 21.2569611,
        "lon": -157.8004717,
        "name": "",
        "address": "Diamond Head Road, Black Point, K\u0101hala, East Honolulu, Honolulu, Honolulu County, Hawaii, 96828, United States",
        "neighborhood": "unknown",
        "source": "osm",
        "osm_id": 1225136055,
        "osm_type": "way"
      }
    },
    {
      "type": "Feature",
      "geometry": {
        "type": "Point",
        "coordinates": [
          -157.8019519,
          21.2569447
        ]
      },
      "properties": {
        "id": "osm-1225136057",
        "lat": 21.2569447,
        "lon": -157.8019519,
        "name": "",
        "address": "Diamond Head Road, K\u0101hala, East Honolulu, Honolulu, Honolulu County, Hawaii, 96828, United States",
        "neighborhood": "unknown",
        "source": "osm",
        "osm_id": 1225136057,
        "osm_type": "way"
      }
    },
    {
      "type": "Feature",
      "geometry": {
        "type": "Point",
        "coordinates": [
          -157.8021039,
          21.2567318
        ]
      },
      "properties": {
        "id": "osm-1225136060",
        "lat": 21.2567318,
        "lon": -157.8021039,
        "name": "",
        "address": "Diamond Head Road, K\u0101hala, East Honolulu, Honolulu, Honolulu County, Hawaii, 96828, United States",
        "neighborhood": "unknown",
        "source": "osm",
        "osm_id": 1225136060,
        "osm_type": "way"
      }
    },
    {
      "type": "Feature",
      "geometry": {
        "type": "Point",
        "coordinates": [
          -157.8024065,
          21.2566882
        ]
      },
      "properties": {
        "id": "osm-1225136061",
        "lat": 21.2566882,
        "lon": -157.8024065,
        "name": "",
        "address": "Diamond Head Road, East Honolulu, Honolulu, Honolulu County, Hawaii, 96828, United States",
        "neighborhood": "unknown",
        "source": "osm",
        "osm_id": 1225136061,
        "osm_type": "way"
      }
    },
    {
      "type": "Feature",
      "geometry": {
        "type": "Point",
        "coordinates": [
          -157.8029547,
          21.2566454
        ]
      },
      "properties": {
        "id": "osm-1225136065",
        "lat": 21.2566454,
        "lon": -157.8029547,
        "name": "",
        "address": "Diamond Head Road, East Honolulu, Honolulu, Honolulu County, Hawaii, 96828, United States",
        "neighborhood": "unknown",
        "source": "osm",
        "osm_id": 1225136065,
        "osm_type": "way"
      }
    },
    {
      "type": "Feature",
      "geometry": {
        "type": "Point",
        "coordinates": [
          -157.8022645,
          21.2562353
        ]
      },
      "properties": {
        "id": "osm-1225136067",
        "lat": 21.2562353,
        "lon": -157.8022645,
        "name": "",
        "address": "Diamond Head Road, East Honolulu, Honolulu, Honolulu County, Hawaii, 96828, United States",
        "neighborhood": "unknown",
        "source": "osm",
        "osm_id": 1225136067,
        "osm_type": "way"
      }
    },
    {
      "type": "Feature",
      "geometry": {
        "type": "Point",
        "coordinates": [
          -157.8031813,
          21.2564794
        ]
      },
      "properties": {
        "id": "osm-1225136068",
        "lat": 21.2564794,
        "lon": -157.8031813,
        "name": "",
        "address": "Diamond Head Road, East Honolulu, Honolulu, Honolulu County, Hawaii, 96828, United States",
        "neighborhood": "unknown",
        "source": "osm",
        "osm_id": 1225136068,
        "osm_type": "way"
      }
    },
    {
      "type": "Feature",
      "geometry": {
        "type": "Point",
        "coordinates": [
          -157.8033565,
          21.2564479
        ]
      },
      "properties": {
        "id": "osm-1225136069",
        "lat": 21.2564479,
        "lon": -157.8033565,
        "name": "",
        "address": "Diamond Head Road, East Honolulu, Honolulu, Honolulu County, Hawaii, 96828, United States",
        "neighborhood": "unknown",
        "source": "osm",
        "osm_id": 1225136069,
        "osm_type": "way"
      }
    },
    {
      "type": "Feature",
      "geometry": {
        "type": "Point",
        "coordinates": [
          -157.8031525,
          21.2561568
        ]
      },
      "properties": {
        "id": "osm-1225136071",
        "lat": 21.2561568,
        "lon": -157.8031525,
        "name": "",
        "address": "Diamond Head Road, East Honolulu, Honolulu, Honolulu County, Hawaii, 96828, United States",
        "neighborhood": "unknown",
        "source": "osm",
        "osm_id": 1225136071,
        "osm_type": "way"
      }
    },
    {
      "type": "Feature",
      "geometry": {
        "type": "Point",
        "coordinates": [
          -157.7977688,
          21.2635171
        ]
      },
      "properties": {
        "id": "osm-1225139432",
        "lat": 21.2635171,
        "lon": -157.7977688,
        "name": "",
        "address": "22nd Avenue, Black Point, K\u0101hala, East Honolulu, Honolulu, Honolulu County, Hawaii, 96828, United States",
        "neighborhood": "unknown",
        "source": "osm",
        "osm_id": 1225139432,
        "osm_type": "way"
      }
    },
    {
      "type": "Feature",
      "geometry": {
        "type": "Point",
        "coordinates": [
          -157.7983127,
          21.2626989
        ]
      },
      "properties": {
        "id": "osm-1225139438",
        "lat": 21.2626989,
        "lon": -157.7983127,
        "name": "",
        "address": "22nd Avenue, Black Point, K\u0101hala, East Honolulu, Honolulu, Honolulu County, Hawaii, 96828, United States",
        "neighborhood": "unknown",
        "source": "osm",
        "osm_id": 1225139438,
        "osm_type": "way"
      }
    },
    {
      "type": "Feature",
      "geometry": {
        "type": "Point",
        "coordinates": [
          -157.7982559,
          21.2628675
        ]
      },
      "properties": {
        "id": "osm-1225139439",
        "lat": 21.2628675,
        "lon": -157.7982559,
        "name": "",
        "address": "22nd Avenue, Black Point, K\u0101hala, East Honolulu, Honolulu, Honolulu County, Hawaii, 96828, United States",
        "neighborhood": "unknown",
        "source": "osm",
        "osm_id": 1225139439,
        "osm_type": "way"
      }
    },
    {
      "type": "Feature",
      "geometry": {
        "type": "Point",
        "coordinates": [
          -157.7980854,
          21.2619625
        ]
      },
      "properties": {
        "id": "osm-1225139443",
        "lat": 21.2619625,
        "lon": -157.7980854,
        "name": "",
        "address": "Pana Place, Black Point, K\u0101hala, East Honolulu, Honolulu, Honolulu County, Hawaii, 96828, United States",
        "neighborhood": "unknown",
        "source": "osm",
        "osm_id": 1225139443,
        "osm_type": "way"
      }
    },
    {
      "type": "Feature",
      "geometry": {
        "type": "Point",
        "coordinates": [
          -157.7985608,
          21.2619863
        ]
      },
      "properties": {
        "id": "osm-1225139447",
        "lat": 21.2619863,
        "lon": -157.7985608,
        "name": "",
        "address": "Pana Place, Black Point, K\u0101hala, East Honolulu, Honolulu, Honolulu County, Hawaii, 96828, United States",
        "neighborhood": "unknown",
        "source": "osm",
        "osm_id": 1225139447,
        "osm_type": "way"
      }
    },
    {
      "type": "Feature",
      "geometry": {
        "type": "Point",
        "coordinates": [
          -157.7988004,
          21.2615231
        ]
      },
      "properties": {
        "id": "osm-1225139448",
        "lat": 21.2615231,
        "lon": -157.7988004,
        "name": "",
        "address": "Pokapahu Place, Black Point, K\u0101hala, East Honolulu, Honolulu, Honolulu County, Hawaii, 96828, United States",
        "neighborhood": "unknown",
        "source": "osm",
        "osm_id": 1225139448,
        "osm_type": "way"
      }
    },
    {
      "type": "Feature",
      "geometry": {
        "type": "Point",
        "coordinates": [
          -157.7988788,
          21.2610643
        ]
      },
      "properties": {
        "id": "osm-1225139453",
        "lat": 21.2610643,
        "lon": -157.7988788,
        "name": "",
        "address": "Pokapahu Place, Black Point, K\u0101hala, East Honolulu, Honolulu, Honolulu County, Hawaii, 96828, United States",
        "neighborhood": "unknown",
        "source": "osm",
        "osm_id": 1225139453,
        "osm_type": "way"
      }
    },
    {
      "type": "Feature",
      "geometry": {
        "type": "Point",
        "coordinates": [
          -157.7988769,
          21.2607998
        ]
      },
      "properties": {
        "id": "osm-1225139776",
        "lat": 21.2607998,
        "lon": -157.7988769,
        "name": "",
        "address": "3842, Pokapahu Place, Black Point, K\u0101hala, East Honolulu, Honolulu, Honolulu County, Hawaii, 96816, United States",
        "neighborhood": "unknown",
        "source": "osm",
        "osm_id": 1225139776,
        "osm_type": "way"
      }
    },
    {
      "type": "Feature",
      "geometry": {
        "type": "Point",
        "coordinates": [
          -157.7981876,
          21.2609273
        ]
      },
      "properties": {
        "id": "osm-1225266210",
        "lat": 21.2609273,
        "lon": -157.7981876,
        "name": "",
        "address": "596, Paikau Street, Black Point, K\u0101hala, East Honolulu, Honolulu, Honolulu County, Hawaii, 96816, United States",
        "neighborhood": "unknown",
        "source": "osm",
        "osm_id": 1225266210,
        "osm_type": "way"
      }
    },
    {
      "type": "Feature",
      "geometry": {
        "type": "Point",
        "coordinates": [
          -157.7988542,
          21.2602304
        ]
      },
      "properties": {
        "id": "osm-1225266211",
        "lat": 21.2602304,
        "lon": -157.7988542,
        "name": "",
        "address": "Pokapahu Place, Black Point, K\u0101hala, East Honolulu, Honolulu, Honolulu County, Hawaii, 96828, United States",
        "neighborhood": "unknown",
        "source": "osm",
        "osm_id": 1225266211,
        "osm_type": "way"
      }
    },
    {
      "type": "Feature",
      "geometry": {
        "type": "Point",
        "coordinates": [
          -157.7989487,
          21.2599301
        ]
      },
      "properties": {
        "id": "osm-1225266212",
        "lat": 21.2599301,
        "lon": -157.7989487,
        "name": "",
        "address": "Poka Street, Black Point, K\u0101hala, East Honolulu, Honolulu, Honolulu County, Hawaii, 96828, United States",
        "neighborhood": "unknown",
        "source": "osm",
        "osm_id": 1225266212,
        "osm_type": "way"
      }
    },
    {
      "type": "Feature",
      "geometry": {
        "type": "Point",
        "coordinates": [
          -157.7984735,
          21.2604074
        ]
      },
      "properties": {
        "id": "osm-1225266213",
        "lat": 21.2604074,
        "lon": -157.7984735,
        "name": "",
        "address": "Poka Street, Black Point, K\u0101hala, East Honolulu, Honolulu, Honolulu County, Hawaii, 96828, United States",
        "neighborhood": "unknown",
        "source": "osm",
        "osm_id": 1225266213,
        "osm_type": "way"
      }
    },
    {
      "type": "Feature",
      "geometry": {
        "type": "Point",
        "coordinates": [
          -157.79799,
          21.2605531
        ]
      },
      "properties": {
        "id": "osm-1225266214",
        "lat": 21.2605531,
        "lon": -157.79799,
        "name": "",
        "address": "Poka Street, Black Point, K\u0101hala, East Honolulu, Honolulu, Honolulu County, Hawaii, 96828, United States",
        "neighborhood": "unknown",
        "source": "osm",
        "osm_id": 1225266214,
        "osm_type": "way"
      }
    },
    {
      "type": "Feature",
      "geometry": {
        "type": "Point",
        "coordinates": [
          -157.7986782,
          21.2595641
        ]
      },
      "properties": {
        "id": "osm-1225367139",
        "lat": 21.2595641,
        "lon": -157.7986782,
        "name": "",
        "address": "Poka Street, Black Point, K\u0101hala, East Honolulu, Honolulu, Honolulu County, Hawaii, 96828, United States",
        "neighborhood": "unknown",
        "source": "osm",
        "osm_id": 1225367139,
        "osm_type": "way"
      }
    },
    {
      "type": "Feature",
      "geometry": {
        "type": "Point",
        "coordinates": [
          -157.7989563,
          21.2592108
        ]
      },
      "properties": {
        "id": "osm-1225367140",
        "lat": 21.2592108,
        "lon": -157.7989563,
        "name": "",
        "address": "Poka Street, Black Point, K\u0101hala, East Honolulu, Honolulu, Honolulu County, Hawaii, 96828, United States",
        "neighborhood": "unknown",
        "source": "osm",
        "osm_id": 1225367140,
        "osm_type": "way"
      }
    },
    {
      "type": "Feature",
      "geometry": {
        "type": "Point",
        "coordinates": [
          -157.7980802,
          21.2592947
        ]
      },
      "properties": {
        "id": "osm-1225367141",
        "lat": 21.2592947,
        "lon": -157.7980802,
        "name": "",
        "address": "Diamond Head Road, Black Point, K\u0101hala, East Honolulu, Honolulu, Honolulu County, Hawaii, 96828, United States",
        "neighborhood": "unknown",
        "source": "osm",
        "osm_id": 1225367141,
        "osm_type": "way"
      }
    },
    {
      "type": "Feature",
      "geometry": {
        "type": "Point",
        "coordinates": [
          -157.7981659,
          21.2597434
        ]
      },
      "properties": {
        "id": "osm-1225367142",
        "lat": 21.2597434,
        "lon": -157.7981659,
        "name": "",
        "address": "Poka Street, Black Point, K\u0101hala, East Honolulu, Honolulu, Honolulu County, Hawaii, 96828, United States",
        "neighborhood": "unknown",
        "source": "osm",
        "osm_id": 1225367142,
        "osm_type": "way"
      }
    },
    {
      "type": "Feature",
      "geometry": {
        "type": "Point",
        "coordinates": [
          -157.7973421,
          21.2605167
        ]
      },
      "properties": {
        "id": "osm-1225367143",
        "lat": 21.2605167,
        "lon": -157.7973421,
        "name": "",
        "address": "Paikau Street, Black Point, K\u0101hala, East Honolulu, Honolulu, Honolulu County, Hawaii, 96828, United States",
        "neighborhood": "unknown",
        "source": "osm",
        "osm_id": 1225367143,
        "osm_type": "way"
      }
    },
    {
      "type": "Feature",
      "geometry": {
        "type": "Point",
        "coordinates": [
          -157.7976266,
          21.2630612
        ]
      },
      "properties": {
        "id": "osm-1225369822",
        "lat": 21.2630612,
        "lon": -157.7976266,
        "name": "",
        "address": "22nd Avenue, Black Point, K\u0101hala, East Honolulu, Honolulu, Honolulu County, Hawaii, 96828, United States",
        "neighborhood": "unknown",
        "source": "osm",
        "osm_id": 1225369822,
        "osm_type": "way"
      }
    },
    {
      "type": "Feature",
      "geometry": {
        "type": "Point",
        "coordinates": [
          -157.7974757,
          21.2631141
        ]
      },
      "properties": {
        "id": "osm-1225369823",
        "lat": 21.2631141,
        "lon": -157.7974757,
        "name": "",
        "address": "22nd Avenue, Black Point, K\u0101hala, East Honolulu, Honolulu, Honolulu County, Hawaii, 96828, United States",
        "neighborhood": "unknown",
        "source": "osm",
        "osm_id": 1225369823,
        "osm_type": "way"
      }
    },
    {
      "type": "Feature",
      "geometry": {
        "type": "Point",
        "coordinates": [
          -157.7974106,
          21.2615471
        ]
      },
      "properties": {
        "id": "osm-1225494795",
        "lat": 21.2615471,
        "lon": -157.7974106,
        "name": "",
        "address": "Kaualio Place, Black Point, K\u0101hala, East Honolulu, Honolulu, Honolulu County, Hawaii, 96828, United States",
        "neighborhood": "unknown",
        "source": "osm",
        "osm_id": 1225494795,
        "osm_type": "way"
      }
    },
    {
      "type": "Feature",
      "geometry": {
        "type": "Point",
        "coordinates": [
          -157.7976166,
          21.2628227
        ]
      },
      "properties": {
        "id": "osm-1225494804",
        "lat": 21.2628227,
        "lon": -157.7976166,
        "name": "",
        "address": "Paikau Street, Black Point, K\u0101hala, East Honolulu, Honolulu, Honolulu County, Hawaii, 96828, United States",
        "neighborhood": "unknown",
        "source": "osm",
        "osm_id": 1225494804,
        "osm_type": "way"
      }
    },
    {
      "type": "Feature",
      "geometry": {
        "type": "Point",
        "coordinates": [
          -157.7966875,
          21.2633027
        ]
      },
      "properties": {
        "id": "osm-1225505233",
        "lat": 21.2633027,
        "lon": -157.7966875,
        "name": "",
        "address": "Diamond Head Road, Black Point, Kaimuk\u012b, East Honolulu, Honolulu, Honolulu County, Hawaii, 96828, United States",
        "neighborhood": "unknown",
        "source": "osm",
        "osm_id": 1225505233,
        "osm_type": "way"
      }
    },
    {
      "type": "Feature",
      "geometry": {
        "type": "Point",
        "coordinates": [
          -157.796512,
          21.2625422
        ]
      },
      "properties": {
        "id": "osm-1225505236",
        "lat": 21.2625422,
        "lon": -157.796512,
        "name": "",
        "address": "4012, Diamond Head Road, Black Point, Kaimuk\u012b, East Honolulu, Honolulu, Honolulu County, Hawaii, 96816, United States",
        "neighborhood": "unknown",
        "source": "osm",
        "osm_id": 1225505236,
        "osm_type": "way"
      }
    },
    {
      "type": "Feature",
      "geometry": {
        "type": "Point",
        "coordinates": [
          -157.7965906,
          21.2617255
        ]
      },
      "properties": {
        "id": "osm-1225505239",
        "lat": 21.2617255,
        "lon": -157.7965906,
        "name": "",
        "address": "Diamond Head Road, Black Point, Kaimuk\u012b, East Honolulu, Honolulu, Honolulu County, Hawaii, 96828, United States",
        "neighborhood": "unknown",
        "source": "osm",
        "osm_id": 1225505239,
        "osm_type": "way"
      }
    },
    {
      "type": "Feature",
      "geometry": {
        "type": "Point",
        "coordinates": [
          -157.9611034,
          21.4220843
        ]
      },
      "properties": {
        "id": "osm-1225837834",
        "lat": 21.4220843,
        "lon": -157.9611034,
        "name": "",
        "address": "Pacific Palisades Community Center, 2106, Aamanu Street, Pacific Palisades, Pearl City, Honolulu County, Hawaii, 96782, United States",
        "neighborhood": "unknown",
        "source": "osm",
        "osm_id": 1225837834,
        "osm_type": "way"
      }
    },
    {
      "type": "Feature",
      "geometry": {
        "type": "Point",
        "coordinates": [
          -157.7840775,
          21.266013
        ]
      },
      "properties": {
        "id": "osm-1226579938",
        "lat": 21.266013,
        "lon": -157.7840775,
        "name": "",
        "address": "Kolohala Street, Waialae-Kahala, K\u0101hala, East Honolulu, Honolulu, Honolulu County, Hawaii, 96821, United States",
        "neighborhood": "unknown",
        "source": "osm",
        "osm_id": 1226579938,
        "osm_type": "way"
      }
    },
    {
      "type": "Feature",
      "geometry": {
        "type": "Point",
        "coordinates": [
          -157.7849395,
          21.2653787
        ]
      },
      "properties": {
        "id": "osm-1226579939",
        "lat": 21.2653787,
        "lon": -157.7849395,
        "name": "",
        "address": "Kolohala Street, Waialae-Kahala, K\u0101hala, East Honolulu, Honolulu, Honolulu County, Hawaii, 96821, United States",
        "neighborhood": "unknown",
        "source": "osm",
        "osm_id": 1226579939,
        "osm_type": "way"
      }
    },
    {
      "type": "Feature",
      "geometry": {
        "type": "Point",
        "coordinates": [
          -157.7848918,
          21.2652226
        ]
      },
      "properties": {
        "id": "osm-1226579941",
        "lat": 21.2652226,
        "lon": -157.7848918,
        "name": "",
        "address": "\u02bbAukai Avenue, Waialae-Kahala, K\u0101hala, East Honolulu, Honolulu, Honolulu County, Hawaii, 96821, United States",
        "neighborhood": "unknown",
        "source": "osm",
        "osm_id": 1226579941,
        "osm_type": "way"
      }
    },
    {
      "type": "Feature",
      "geometry": {
        "type": "Point",
        "coordinates": [
          -157.7875327,
          21.2691433
        ]
      },
      "properties": {
        "id": "osm-1226580932",
        "lat": 21.2691433,
        "lon": -157.7875327,
        "name": "",
        "address": "Koloa Street, Waialae-Kahala, K\u0101hala, East Honolulu, Honolulu, Honolulu County, Hawaii, 96821, United States",
        "neighborhood": "unknown",
        "source": "osm",
        "osm_id": 1226580932,
        "osm_type": "way"
      }
    },
    {
      "type": "Feature",
      "geometry": {
        "type": "Point",
        "coordinates": [
          -157.7863263,
          21.2633585
        ]
      },
      "properties": {
        "id": "osm-1226660033",
        "lat": 21.2633585,
        "lon": -157.7863263,
        "name": "",
        "address": "Ulili Street, Waialae-Kahala, K\u0101hala, East Honolulu, Honolulu, Honolulu County, Hawaii, 96821, United States",
        "neighborhood": "unknown",
        "source": "osm",
        "osm_id": 1226660033,
        "osm_type": "way"
      }
    },
    {
      "type": "Feature",
      "geometry": {
        "type": "Point",
        "coordinates": [
          -157.786397,
          21.2632387
        ]
      },
      "properties": {
        "id": "osm-1226660034",
        "lat": 21.2632387,
        "lon": -157.786397,
        "name": "",
        "address": "468, Ulili Street, Waialae-Kahala, K\u0101hala, East Honolulu, Honolulu, Honolulu County, Hawaii, 96816, United States",
        "neighborhood": "unknown",
        "source": "osm",
        "osm_id": 1226660034,
        "osm_type": "way"
      }
    },
    {
      "type": "Feature",
      "geometry": {
        "type": "Point",
        "coordinates": [
          -157.7876032,
          21.2629494
        ]
      },
      "properties": {
        "id": "osm-1226660035",
        "lat": 21.2629494,
        "lon": -157.7876032,
        "name": "",
        "address": "4501, \u02bbAukai Avenue, Waialae-Kahala, Wailupe, K\u0101hala, East Honolulu, Honolulu, Honolulu County, Hawaii, 96816, United States",
        "neighborhood": "unknown",
        "source": "osm",
        "osm_id": 1226660035,
        "osm_type": "way"
      }
    },
    {
      "type": "Feature",
      "geometry": {
        "type": "Point",
        "coordinates": [
          -157.7848517,
          21.264106
        ]
      },
      "properties": {
        "id": "osm-1226660036",
        "lat": 21.264106,
        "lon": -157.7848517,
        "name": "",
        "address": "Hunakai Street, Waialae-Kahala, K\u0101hala, East Honolulu, Honolulu, Honolulu County, Hawaii, 96821, United States",
        "neighborhood": "unknown",
        "source": "osm",
        "osm_id": 1226660036,
        "osm_type": "way"
      }
    },
    {
      "type": "Feature",
      "geometry": {
        "type": "Point",
        "coordinates": [
          -157.7860666,
          21.2643786
        ]
      },
      "properties": {
        "id": "osm-1226660390",
        "lat": 21.2643786,
        "lon": -157.7860666,
        "name": "",
        "address": "\u02bbAukai Avenue, Waialae-Kahala, K\u0101hala, East Honolulu, Honolulu, Honolulu County, Hawaii, 96821, United States",
        "neighborhood": "unknown",
        "source": "osm",
        "osm_id": 1226660390,
        "osm_type": "way"
      }
    },
    {
      "type": "Feature",
      "geometry": {
        "type": "Point",
        "coordinates": [
          -157.7864442,
          21.2643201
        ]
      },
      "properties": {
        "id": "osm-1226660391",
        "lat": 21.2643201,
        "lon": -157.7864442,
        "name": "",
        "address": "561, Ulili Street, Waialae-Kahala, K\u0101hala, East Honolulu, Honolulu, Honolulu County, Hawaii, 96816, United States",
        "neighborhood": "unknown",
        "source": "osm",
        "osm_id": 1226660391,
        "osm_type": "way"
      }
    },
    {
      "type": "Feature",
      "geometry": {
        "type": "Point",
        "coordinates": [
          -157.7858069,
          21.2646568
        ]
      },
      "properties": {
        "id": "osm-1226660392",
        "lat": 21.2646568,
        "lon": -157.7858069,
        "name": "",
        "address": "Kolohala Street, Waialae-Kahala, K\u0101hala, East Honolulu, Honolulu, Honolulu County, Hawaii, 96821, United States",
        "neighborhood": "unknown",
        "source": "osm",
        "osm_id": 1226660392,
        "osm_type": "way"
      }
    },
    {
      "type": "Feature",
      "geometry": {
        "type": "Point",
        "coordinates": [
          -157.7857623,
          21.2649517
        ]
      },
      "properties": {
        "id": "osm-1226660393",
        "lat": 21.2649517,
        "lon": -157.7857623,
        "name": "",
        "address": "Kolohala Street, Waialae-Kahala, K\u0101hala, East Honolulu, Honolulu, Honolulu County, Hawaii, 96821, United States",
        "neighborhood": "unknown",
        "source": "osm",
        "osm_id": 1226660393,
        "osm_type": "way"
      }
    },
    {
      "type": "Feature",
      "geometry": {
        "type": "Point",
        "coordinates": [
          -157.7855304,
          21.264801
        ]
      },
      "properties": {
        "id": "osm-1226661023",
        "lat": 21.264801,
        "lon": -157.7855304,
        "name": "",
        "address": "600, Hunakai Street, Waialae-Kahala, K\u0101hala, East Honolulu, Honolulu, Honolulu County, Hawaii, 96816, United States",
        "neighborhood": "unknown",
        "source": "osm",
        "osm_id": 1226661023,
        "osm_type": "way"
      }
    },
    {
      "type": "Feature",
      "geometry": {
        "type": "Point",
        "coordinates": [
          -157.7869035,
          21.2639353
        ]
      },
      "properties": {
        "id": "osm-1226661025",
        "lat": 21.2639353,
        "lon": -157.7869035,
        "name": "",
        "address": "Ulili Street, Waialae-Kahala, K\u0101hala, East Honolulu, Honolulu, Honolulu County, Hawaii, 96821, United States",
        "neighborhood": "unknown",
        "source": "osm",
        "osm_id": 1226661025,
        "osm_type": "way"
      }
    },
    {
      "type": "Feature",
      "geometry": {
        "type": "Point",
        "coordinates": [
          -157.7870388,
          21.2639676
        ]
      },
      "properties": {
        "id": "osm-1226661026",
        "lat": 21.2639676,
        "lon": -157.7870388,
        "name": "",
        "address": "Kolohala Street, Waialae-Kahala, K\u0101hala, East Honolulu, Honolulu, Honolulu County, Hawaii, 96821, United States",
        "neighborhood": "unknown",
        "source": "osm",
        "osm_id": 1226661026,
        "osm_type": "way"
      }
    },
    {
      "type": "Feature",
      "geometry": {
        "type": "Point",
        "coordinates": [
          -157.7875166,
          21.2634553
        ]
      },
      "properties": {
        "id": "osm-1226661027",
        "lat": 21.2634553,
        "lon": -157.7875166,
        "name": "",
        "address": "\u02bbAukai Avenue, Waialae-Kahala, K\u0101hala, East Honolulu, Honolulu, Honolulu County, Hawaii, 96821, United States",
        "neighborhood": "unknown",
        "source": "osm",
        "osm_id": 1226661027,
        "osm_type": "way"
      }
    },
    {
      "type": "Feature",
      "geometry": {
        "type": "Point",
        "coordinates": [
          -157.7890415,
          21.2628182
        ]
      },
      "properties": {
        "id": "osm-1226661028",
        "lat": 21.2628182,
        "lon": -157.7890415,
        "name": "",
        "address": "4448, \u02bbAukai Avenue, Waialae-Kahala, Wailupe, K\u0101hala, East Honolulu, Honolulu, Honolulu County, Hawaii, 96816, United States",
        "neighborhood": "unknown",
        "source": "osm",
        "osm_id": 1226661028,
        "osm_type": "way"
      }
    },
    {
      "type": "Feature",
      "geometry": {
        "type": "Point",
        "coordinates": [
          -157.7888593,
          21.2631426
        ]
      },
      "properties": {
        "id": "osm-1226661029",
        "lat": 21.2631426,
        "lon": -157.7888593,
        "name": "",
        "address": "Kolohala Street, Waialae-Kahala, K\u0101hala, East Honolulu, Honolulu, Honolulu County, Hawaii, 96821, United States",
        "neighborhood": "unknown",
        "source": "osm",
        "osm_id": 1226661029,
        "osm_type": "way"
      }
    },
    {
      "type": "Feature",
      "geometry": {
        "type": "Point",
        "coordinates": [
          -157.7854481,
          21.265943
        ]
      },
      "properties": {
        "id": "osm-1226661624",
        "lat": 21.265943,
        "lon": -157.7854481,
        "name": "",
        "address": "619, Ulumaika Street, Waialae-Kahala, K\u0101hala, East Honolulu, Honolulu, Honolulu County, Hawaii, 96816, United States",
        "neighborhood": "unknown",
        "source": "osm",
        "osm_id": 1226661624,
        "osm_type": "way"
      }
    },
    {
      "type": "Feature",
      "geometry": {
        "type": "Point",
        "coordinates": [
          -157.7849066,
          21.266123
        ]
      },
      "properties": {
        "id": "osm-1226661625",
        "lat": 21.266123,
        "lon": -157.7849066,
        "name": "",
        "address": "Kolohala Street, Waialae-Kahala, K\u0101hala, East Honolulu, Honolulu, Honolulu County, Hawaii, 96821, United States",
        "neighborhood": "unknown",
        "source": "osm",
        "osm_id": 1226661625,
        "osm_type": "way"
      }
    },
    {
      "type": "Feature",
      "geometry": {
        "type": "Point",
        "coordinates": [
          -157.7847253,
          21.2663955
        ]
      },
      "properties": {
        "id": "osm-1226661626",
        "lat": 21.2663955,
        "lon": -157.7847253,
        "name": "",
        "address": "Kolohala Street, Waialae-Kahala, K\u0101hala, East Honolulu, Honolulu, Honolulu County, Hawaii, 96821, United States",
        "neighborhood": "unknown",
        "source": "osm",
        "osm_id": 1226661626,
        "osm_type": "way"
      }
    },
    {
      "type": "Feature",
      "geometry": {
        "type": "Point",
        "coordinates": [
          -157.7844691,
          21.2668684
        ]
      },
      "properties": {
        "id": "osm-1226661627",
        "lat": 21.2668684,
        "lon": -157.7844691,
        "name": "",
        "address": "936, Iiwi Street, Waialae-Kahala, Wailupe, K\u0101hala, East Honolulu, Honolulu, Honolulu County, Hawaii, 96816, United States",
        "neighborhood": "unknown",
        "source": "osm",
        "osm_id": 1226661627,
        "osm_type": "way"
      }
    },
    {
      "type": "Feature",
      "geometry": {
        "type": "Point",
        "coordinates": [
          -157.7850149,
          21.2674519
        ]
      },
      "properties": {
        "id": "osm-1226661628",
        "lat": 21.2674519,
        "lon": -157.7850149,
        "name": "",
        "address": "Farmers Road, Waialae-Kahala, K\u0101hala, East Honolulu, Honolulu, Honolulu County, Hawaii, 96821, United States",
        "neighborhood": "unknown",
        "source": "osm",
        "osm_id": 1226661628,
        "osm_type": "way"
      }
    },
    {
      "type": "Feature",
      "geometry": {
        "type": "Point",
        "coordinates": [
          -157.7872373,
          21.2665306
        ]
      },
      "properties": {
        "id": "osm-1226662641",
        "lat": 21.2665306,
        "lon": -157.7872373,
        "name": "",
        "address": "Honua Street, Waialae-Kahala, K\u0101hala, East Honolulu, Honolulu, Honolulu County, Hawaii, 96821, United States",
        "neighborhood": "unknown",
        "source": "osm",
        "osm_id": 1226662641,
        "osm_type": "way"
      }
    },
    {
      "type": "Feature",
      "geometry": {
        "type": "Point",
        "coordinates": [
          -157.787356,
          21.2666595
        ]
      },
      "properties": {
        "id": "osm-1226662642",
        "lat": 21.2666595,
        "lon": -157.787356,
        "name": "",
        "address": "Honua Street, Waialae-Kahala, K\u0101hala, East Honolulu, Honolulu, Honolulu County, Hawaii, 96821, United States",
        "neighborhood": "unknown",
        "source": "osm",
        "osm_id": 1226662642,
        "osm_type": "way"
      }
    },
    {
      "type": "Feature",
      "geometry": {
        "type": "Point",
        "coordinates": [
          -157.788096,
          21.2669347
        ]
      },
      "properties": {
        "id": "osm-1226662643",
        "lat": 21.2669347,
        "lon": -157.788096,
        "name": "",
        "address": "785, Honua Street, Waialae-Kahala, K\u0101hala, East Honolulu, Honolulu, Honolulu County, Hawaii, 96816, United States",
        "neighborhood": "unknown",
        "source": "osm",
        "osm_id": 1226662643,
        "osm_type": "way"
      }
    },
    {
      "type": "Feature",
      "geometry": {
        "type": "Point",
        "coordinates": [
          -157.7877739,
          21.2669966
        ]
      },
      "properties": {
        "id": "osm-1226662644",
        "lat": 21.2669966,
        "lon": -157.7877739,
        "name": "",
        "address": "Honua Street, Waialae-Kahala, K\u0101hala, East Honolulu, Honolulu, Honolulu County, Hawaii, 96821, United States",
        "neighborhood": "unknown",
        "source": "osm",
        "osm_id": 1226662644,
        "osm_type": "way"
      }
    },
    {
      "type": "Feature",
      "geometry": {
        "type": "Point",
        "coordinates": [
          -157.7854366,
          21.2623056
        ]
      },
      "properties": {
        "id": "osm-1227841045",
        "lat": 21.2623056,
        "lon": -157.7854366,
        "name": "",
        "address": "4545, Kahala Avenue, Waialae-Kahala, Black Point, K\u0101hala, East Honolulu, Honolulu, Honolulu County, Hawaii, 96816, United States",
        "neighborhood": "unknown",
        "source": "osm",
        "osm_id": 1227841045,
        "osm_type": "way"
      }
    },
    {
      "type": "Feature",
      "geometry": {
        "type": "Point",
        "coordinates": [
          -157.7842586,
          21.2628403
        ]
      },
      "properties": {
        "id": "osm-1227844391",
        "lat": 21.2628403,
        "lon": -157.7842586,
        "name": "",
        "address": "Kahala Avenue, Waialae-Kahala, Black Point, K\u0101hala, East Honolulu, Honolulu, Honolulu County, Hawaii, 96821, United States",
        "neighborhood": "unknown",
        "source": "osm",
        "osm_id": 1227844391,
        "osm_type": "way"
      }
    },
    {
      "type": "Feature",
      "geometry": {
        "type": "Point",
        "coordinates": [
          -157.9535954,
          21.3937084
        ]
      },
      "properties": {
        "id": "osm-1229836990",
        "lat": 21.3937084,
        "lon": -157.9535954,
        "name": "",
        "address": "Waiau Gardens Kai B, Waimalu, Waipahu, Honolulu County, Hawaii, 96782, United States",
        "neighborhood": "pearl-city",
        "source": "osm",
        "osm_id": 1229836990,
        "osm_type": "way"
      }
    },
    {
      "type": "Feature",
      "geometry": {
        "type": "Point",
        "coordinates": [
          -157.9555303,
          21.3938656
        ]
      },
      "properties": {
        "id": "osm-1229836992",
        "lat": 21.3938656,
        "lon": -157.9555303,
        "name": "",
        "address": "Waiau Garden Villa, Waimalu, Waipahu, Honolulu County, Hawaii, 96782, United States",
        "neighborhood": "pearl-city",
        "source": "osm",
        "osm_id": 1229836992,
        "osm_type": "way"
      }
    },
    {
      "type": "Feature",
      "geometry": {
        "type": "Point",
        "coordinates": [
          -157.9580562,
          21.3959002
        ]
      },
      "properties": {
        "id": "osm-1229836994",
        "lat": 21.3959002,
        "lon": -157.9580562,
        "name": "",
        "address": "Waiau Gardens Kai E, Waimalu, Waipahu, Honolulu County, Hawaii, 96782, United States",
        "neighborhood": "pearl-city",
        "source": "osm",
        "osm_id": 1229836994,
        "osm_type": "way"
      }
    },
    {
      "type": "Feature",
      "geometry": {
        "type": "Point",
        "coordinates": [
          -157.9564715,
          21.3978664
        ]
      },
      "properties": {
        "id": "osm-1229836996",
        "lat": 21.3978664,
        "lon": -157.9564715,
        "name": "",
        "address": "Waiau Gardens Kai D, Waimalu, Pearl City, Honolulu County, Hawaii, 96782, United States",
        "neighborhood": "pearl-city",
        "source": "osm",
        "osm_id": 1229836996,
        "osm_type": "way"
      }
    },
    {
      "type": "Feature",
      "geometry": {
        "type": "Point",
        "coordinates": [
          -157.9530731,
          21.3966638
        ]
      },
      "properties": {
        "id": "osm-1229836998",
        "lat": 21.3966638,
        "lon": -157.9530731,
        "name": "",
        "address": "Waiau Gardens Kai A, Waimalu, Pearl City, Honolulu County, Hawaii, 96782, United States",
        "neighborhood": "pearl-city",
        "source": "osm",
        "osm_id": 1229836998,
        "osm_type": "way"
      }
    },
    {
      "type": "Feature",
      "geometry": {
        "type": "Point",
        "coordinates": [
          -157.9432345,
          21.4118616
        ]
      },
      "properties": {
        "id": "osm-1231010723",
        "lat": 21.4118616,
        "lon": -157.9432345,
        "name": "",
        "address": "Heights at Wailuna, Waimalu, Waipahu, Honolulu County, Hawaii, 96782, United States",
        "neighborhood": "pearl-city",
        "source": "osm",
        "osm_id": 1231010723,
        "osm_type": "way"
      }
    },
    {
      "type": "Feature",
      "geometry": {
        "type": "Point",
        "coordinates": [
          -157.9712938,
          21.3926837
        ]
      },
      "properties": {
        "id": "osm-1231316295",
        "lat": 21.3926837,
        "lon": -157.9712938,
        "name": "",
        "address": "Lehua Nani, Pearl City, Honolulu County, Hawaii, 96782, United States",
        "neighborhood": "pearl-city",
        "source": "osm",
        "osm_id": 1231316295,
        "osm_type": "way"
      }
    },
    {
      "type": "Feature",
      "geometry": {
        "type": "Point",
        "coordinates": [
          -158.0811037,
          21.3582075
        ]
      },
      "properties": {
        "id": "osm-1233440915",
        "lat": 21.3582075,
        "lon": -158.0811037,
        "name": "",
        "address": "Panana Street, Upper Makakilo, Kapolei, Honolulu County, Hawaii, 96707, United States",
        "neighborhood": "kapolei",
        "source": "osm",
        "osm_id": 1233440915,
        "osm_type": "way"
      }
    },
    {
      "type": "Feature",
      "geometry": {
        "type": "Point",
        "coordinates": [
          -158.0834506,
          21.3554455
        ]
      },
      "properties": {
        "id": "osm-1233445007",
        "lat": 21.3554455,
        "lon": -158.0834506,
        "name": "",
        "address": "Welo Street, Makakilo Hale II, Upper Makakilo, Kapolei, Honolulu County, Hawaii, 96707, United States",
        "neighborhood": "kapolei",
        "source": "osm",
        "osm_id": 1233445007,
        "osm_type": "way"
      }
    },
    {
      "type": "Feature",
      "geometry": {
        "type": "Point",
        "coordinates": [
          -158.0869846,
          21.3504726
        ]
      },
      "properties": {
        "id": "osm-1233974553",
        "lat": 21.3504726,
        "lon": -158.0869846,
        "name": "",
        "address": "Makakilo Drive, Makakilo City, Kapolei, Honolulu County, Hawaii, 96707, United States",
        "neighborhood": "kapolei",
        "source": "osm",
        "osm_id": 1233974553,
        "osm_type": "way"
      }
    },
    {
      "type": "Feature",
      "geometry": {
        "type": "Point",
        "coordinates": [
          -158.0862394,
          21.3499037
        ]
      },
      "properties": {
        "id": "osm-1233975333",
        "lat": 21.3499037,
        "lon": -158.0862394,
        "name": "",
        "address": "Makakilo Drive, Makakilo City, Kapolei, Honolulu County, Hawaii, 96707, United States",
        "neighborhood": "kapolei",
        "source": "osm",
        "osm_id": 1233975333,
        "osm_type": "way"
      }
    },
    {
      "type": "Feature",
      "geometry": {
        "type": "Point",
        "coordinates": [
          -157.9552127,
          21.340839
        ]
      },
      "properties": {
        "id": "osm-1237470925",
        "lat": 21.340839,
        "lon": -157.9552127,
        "name": "",
        "address": "Vickers Avenue + Opposite G Street, Vickers Avenue, Hickam, Waipahu, Honolulu County, Hawaii, 96853, United States",
        "neighborhood": "hickam-housing",
        "source": "osm",
        "osm_id": 1237470925,
        "osm_type": "way"
      }
    },
    {
      "type": "Feature",
      "geometry": {
        "type": "Point",
        "coordinates": [
          -157.9458666,
          21.386005
        ]
      },
      "properties": {
        "id": "osm-1239819741",
        "lat": 21.386005,
        "lon": -157.9458666,
        "name": "",
        "address": "Kaonohi Street, Waimalu, Waipahu, Honolulu County, Hawaii, 96701, United States",
        "neighborhood": "pearl-city",
        "source": "osm",
        "osm_id": 1239819741,
        "osm_type": "way"
      }
    },
    {
      "type": "Feature",
      "geometry": {
        "type": "Point",
        "coordinates": [
          -157.9464509,
          21.3873527
        ]
      },
      "properties": {
        "id": "osm-1239819757",
        "lat": 21.3873527,
        "lon": -157.9464509,
        "name": "",
        "address": "Moanalua Road, Waimalu, Waipahu, Honolulu County, Hawaii, 96701, United States",
        "neighborhood": "pearl-city",
        "source": "osm",
        "osm_id": 1239819757,
        "osm_type": "way"
      }
    },
    {
      "type": "Feature",
      "geometry": {
        "type": "Point",
        "coordinates": [
          -157.9424389,
          21.3869854
        ]
      },
      "properties": {
        "id": "osm-1240358716",
        "lat": 21.3869854,
        "lon": -157.9424389,
        "name": "",
        "address": "Lele Pono, 98-099, Uao Place, Waimalu, Aiea, Honolulu County, Hawaii, 96701, United States",
        "neighborhood": "pearl-city",
        "source": "osm",
        "osm_id": 1240358716,
        "osm_type": "way"
      }
    },
    {
      "type": "Feature",
      "geometry": {
        "type": "Point",
        "coordinates": [
          -157.9336747,
          21.3947692
        ]
      },
      "properties": {
        "id": "osm-1240678807",
        "lat": 21.3947692,
        "lon": -157.9336747,
        "name": "",
        "address": "Kaonohi Street, Waimalu, Waipahu, Honolulu County, Hawaii, 96701, United States",
        "neighborhood": "pearl-city",
        "source": "osm",
        "osm_id": 1240678807,
        "osm_type": "way"
      }
    },
    {
      "type": "Feature",
      "geometry": {
        "type": "Point",
        "coordinates": [
          -157.9294133,
          21.3964718
        ]
      },
      "properties": {
        "id": "osm-1240678809",
        "lat": 21.3964718,
        "lon": -157.9294133,
        "name": "",
        "address": "Kaonohi Street, Waimalu, Waipahu, Honolulu County, Hawaii, 96701, United States",
        "neighborhood": "aiea",
        "source": "osm",
        "osm_id": 1240678809,
        "osm_type": "way"
      }
    },
    {
      "type": "Feature",
      "geometry": {
        "type": "Point",
        "coordinates": [
          -157.9290913,
          21.3960545
        ]
      },
      "properties": {
        "id": "osm-1240678811",
        "lat": 21.3960545,
        "lon": -157.9290913,
        "name": "",
        "address": "Kaonohi Street, Waimalu, Waipahu, Honolulu County, Hawaii, 96701, United States",
        "neighborhood": "aiea",
        "source": "osm",
        "osm_id": 1240678811,
        "osm_type": "way"
      }
    },
    {
      "type": "Feature",
      "geometry": {
        "type": "Point",
        "coordinates": [
          -157.926709,
          21.3954275
        ]
      },
      "properties": {
        "id": "osm-1240678814",
        "lat": 21.3954275,
        "lon": -157.926709,
        "name": "",
        "address": "Kaonohi Street, Waimalu, Waipahu, Honolulu County, Hawaii, 96701, United States",
        "neighborhood": "aiea",
        "source": "osm",
        "osm_id": 1240678814,
        "osm_type": "way"
      }
    },
    {
      "type": "Feature",
      "geometry": {
        "type": "Point",
        "coordinates": [
          -157.9280121,
          21.3936237
        ]
      },
      "properties": {
        "id": "osm-1240678815",
        "lat": 21.3936237,
        "lon": -157.9280121,
        "name": "",
        "address": "Iho Place, Waimalu, Waipahu, Honolulu County, Hawaii, 96701, United States",
        "neighborhood": "aiea",
        "source": "osm",
        "osm_id": 1240678815,
        "osm_type": "way"
      }
    },
    {
      "type": "Feature",
      "geometry": {
        "type": "Point",
        "coordinates": [
          -157.9262587,
          21.3934661
        ]
      },
      "properties": {
        "id": "osm-1240678817",
        "lat": 21.3934661,
        "lon": -157.9262587,
        "name": "",
        "address": "Iho Place, Waimalu, Waipahu, Honolulu County, Hawaii, 96701, United States",
        "neighborhood": "aiea",
        "source": "osm",
        "osm_id": 1240678817,
        "osm_type": "way"
      }
    },
    {
      "type": "Feature",
      "geometry": {
        "type": "Point",
        "coordinates": [
          -157.9309098,
          21.3915344
        ]
      },
      "properties": {
        "id": "osm-1240937215",
        "lat": 21.3915344,
        "lon": -157.9309098,
        "name": "",
        "address": "Iho Place, Waimalu, Aiea, Honolulu County, Hawaii, 96701, United States",
        "neighborhood": "pearl-city",
        "source": "osm",
        "osm_id": 1240937215,
        "osm_type": "way"
      }
    },
    {
      "type": "Feature",
      "geometry": {
        "type": "Point",
        "coordinates": [
          -157.9392151,
          21.3870347
        ]
      },
      "properties": {
        "id": "osm-1241249061",
        "lat": 21.3870347,
        "lon": -157.9392151,
        "name": "",
        "address": "Queen Lili\u02bbuokalani Freeway, Waimalu, Waipahu, Honolulu County, Hawaii, 96701, United States",
        "neighborhood": "pearl-city",
        "source": "osm",
        "osm_id": 1241249061,
        "osm_type": "way"
      }
    },
    {
      "type": "Feature",
      "geometry": {
        "type": "Point",
        "coordinates": [
          -157.9353003,
          21.3844379
        ]
      },
      "properties": {
        "id": "osm-1241272549",
        "lat": 21.3844379,
        "lon": -157.9353003,
        "name": "",
        "address": "Koauka Loop, Waimalu, Waipahu, Honolulu County, Hawaii, 96701, United States",
        "neighborhood": "pearl-city",
        "source": "osm",
        "osm_id": 1241272549,
        "osm_type": "way"
      }
    },
    {
      "type": "Feature",
      "geometry": {
        "type": "Point",
        "coordinates": [
          -157.9455255,
          21.3812968
        ]
      },
      "properties": {
        "id": "osm-1241563821",
        "lat": 21.3812968,
        "lon": -157.9455255,
        "name": "",
        "address": "Pearl Harbor Bike Path, Waimalu, Waipahu, Honolulu County, Hawaii, 96701, United States",
        "neighborhood": "pearl-city",
        "source": "osm",
        "osm_id": 1241563821,
        "osm_type": "way"
      }
    },
    {
      "type": "Feature",
      "geometry": {
        "type": "Point",
        "coordinates": [
          -157.9456275,
          21.381341
        ]
      },
      "properties": {
        "id": "osm-1241563822",
        "lat": 21.381341,
        "lon": -157.9456275,
        "name": "",
        "address": "Pearl Harbor Bike Path, Waimalu, Aiea, Honolulu County, Hawaii, 96701, United States",
        "neighborhood": "pearl-city",
        "source": "osm",
        "osm_id": 1241563822,
        "osm_type": "way"
      }
    },
    {
      "type": "Feature",
      "geometry": {
        "type": "Point",
        "coordinates": [
          -157.944271,
          21.3813066
        ]
      },
      "properties": {
        "id": "osm-1241563824",
        "lat": 21.3813066,
        "lon": -157.944271,
        "name": "",
        "address": "Lipoa Place, Waimalu, Waipahu, Honolulu County, Hawaii, 96701, United States",
        "neighborhood": "pearl-city",
        "source": "osm",
        "osm_id": 1241563824,
        "osm_type": "way"
      }
    },
    {
      "type": "Feature",
      "geometry": {
        "type": "Point",
        "coordinates": [
          -157.9451669,
          21.3810545
        ]
      },
      "properties": {
        "id": "osm-1241563860",
        "lat": 21.3810545,
        "lon": -157.9451669,
        "name": "",
        "address": "Lipoa Place, Waimalu, Aiea, Honolulu County, Hawaii, 96701, United States",
        "neighborhood": "pearl-city",
        "source": "osm",
        "osm_id": 1241563860,
        "osm_type": "way"
      }
    },
    {
      "type": "Feature",
      "geometry": {
        "type": "Point",
        "coordinates": [
          -157.9454432,
          21.3817979
        ]
      },
      "properties": {
        "id": "osm-1241563876",
        "lat": 21.3817979,
        "lon": -157.9454432,
        "name": "",
        "address": "98-130, Lipoa Place, Waimalu, Aiea, Honolulu County, Hawaii, 96701, United States",
        "neighborhood": "pearl-city",
        "source": "osm",
        "osm_id": 1241563876,
        "osm_type": "way"
      }
    },
    {
      "type": "Feature",
      "geometry": {
        "type": "Point",
        "coordinates": [
          -157.9460852,
          21.3821833
        ]
      },
      "properties": {
        "id": "osm-1241563877",
        "lat": 21.3821833,
        "lon": -157.9460852,
        "name": "",
        "address": "Lipoa Place, Waimalu, Waipahu, Honolulu County, Hawaii, 96701, United States",
        "neighborhood": "pearl-city",
        "source": "osm",
        "osm_id": 1241563877,
        "osm_type": "way"
      }
    },
    {
      "type": "Feature",
      "geometry": {
        "type": "Point",
        "coordinates": [
          -157.9403353,
          21.3778228
        ]
      },
      "properties": {
        "id": "osm-1241845280",
        "lat": 21.3778228,
        "lon": -157.9403353,
        "name": "",
        "address": "McGrew Loop, Aiea, Honolulu County, Hawaii, 96701, United States",
        "neighborhood": "pearl-harbor",
        "source": "osm",
        "osm_id": 1241845280,
        "osm_type": "way"
      }
    },
    {
      "type": "Feature",
      "geometry": {
        "type": "Point",
        "coordinates": [
          -157.8057662,
          21.4072246
        ]
      },
      "properties": {
        "id": "osm-1241952657",
        "lat": 21.4072246,
        "lon": -157.8057662,
        "name": "",
        "address": "Keneke Street, Kapunahala, Kaneohe, Honolulu County, Hawaii, 96744, United States",
        "neighborhood": "kaneohe",
        "source": "osm",
        "osm_id": 1241952657,
        "osm_type": "way"
      }
    },
    {
      "type": "Feature",
      "geometry": {
        "type": "Point",
        "coordinates": [
          -157.8058245,
          21.4072147
        ]
      },
      "properties": {
        "id": "osm-1241952658",
        "lat": 21.4072147,
        "lon": -157.8058245,
        "name": "",
        "address": "Keneke Street, Kapunahala, Kaneohe, Honolulu County, Hawaii, 96744, United States",
        "neighborhood": "kaneohe",
        "source": "osm",
        "osm_id": 1241952658,
        "osm_type": "way"
      }
    },
    {
      "type": "Feature",
      "geometry": {
        "type": "Point",
        "coordinates": [
          -157.8052631,
          21.4079824
        ]
      },
      "properties": {
        "id": "osm-1241952665",
        "lat": 21.4079824,
        "lon": -157.8052631,
        "name": "",
        "address": "Keneke Street, Kapunahala, Kaneohe, Honolulu County, Hawaii, 96744, United States",
        "neighborhood": "kaneohe",
        "source": "osm",
        "osm_id": 1241952665,
        "osm_type": "way"
      }
    },
    {
      "type": "Feature",
      "geometry": {
        "type": "Point",
        "coordinates": [
          -157.8053578,
          21.4066003
        ]
      },
      "properties": {
        "id": "osm-1241953822",
        "lat": 21.4066003,
        "lon": -157.8053578,
        "name": "",
        "address": "Keneke Street, Kapunahala, Kaneohe, Honolulu County, Hawaii, 96744, United States",
        "neighborhood": "kaneohe",
        "source": "osm",
        "osm_id": 1241953822,
        "osm_type": "way"
      }
    },
    {
      "type": "Feature",
      "geometry": {
        "type": "Point",
        "coordinates": [
          -157.8094498,
          21.4089819
        ]
      },
      "properties": {
        "id": "osm-1242959682",
        "lat": 21.4089819,
        "lon": -157.8094498,
        "name": "",
        "address": "Pookela Street, Kapunahala, Kaneohe, Honolulu County, Hawaii, 96744, United States",
        "neighborhood": "kaneohe",
        "source": "osm",
        "osm_id": 1242959682,
        "osm_type": "way"
      }
    },
    {
      "type": "Feature",
      "geometry": {
        "type": "Point",
        "coordinates": [
          -157.78665,
          21.2721221
        ]
      },
      "properties": {
        "id": "osm-1253723271",
        "lat": 21.2721221,
        "lon": -157.78665,
        "name": "",
        "address": "4470, Kilauea Avenue, Waialae-Kahala, K\u0101hala, East Honolulu, Honolulu, Honolulu County, Hawaii, 96816, United States",
        "neighborhood": "unknown",
        "source": "osm",
        "osm_id": 1253723271,
        "osm_type": "way"
      }
    },
    {
      "type": "Feature",
      "geometry": {
        "type": "Point",
        "coordinates": [
          -157.7862975,
          21.2730856
        ]
      },
      "properties": {
        "id": "osm-1253723272",
        "lat": 21.2730856,
        "lon": -157.7862975,
        "name": "",
        "address": "Pueo Street, Waialae-Kahala, K\u0101hala, East Honolulu, Honolulu, Honolulu County, Hawaii, 96821, United States",
        "neighborhood": "unknown",
        "source": "osm",
        "osm_id": 1253723272,
        "osm_type": "way"
      }
    },
    {
      "type": "Feature",
      "geometry": {
        "type": "Point",
        "coordinates": [
          -157.7858506,
          21.2733019
        ]
      },
      "properties": {
        "id": "osm-1253723273",
        "lat": 21.2733019,
        "lon": -157.7858506,
        "name": "",
        "address": "Kilauea Avenue, Waialae-Kahala, K\u0101hala, East Honolulu, Honolulu, Honolulu County, Hawaii, 96821, United States",
        "neighborhood": "unknown",
        "source": "osm",
        "osm_id": 1253723273,
        "osm_type": "way"
      }
    },
    {
      "type": "Feature",
      "geometry": {
        "type": "Point",
        "coordinates": [
          -157.7858105,
          21.2734784
        ]
      },
      "properties": {
        "id": "osm-1253723274",
        "lat": 21.2734784,
        "lon": -157.7858105,
        "name": "",
        "address": "Kilauea Avenue, Waialae-Kahala, K\u0101hala, East Honolulu, Honolulu, Honolulu County, Hawaii, 96821, United States",
        "neighborhood": "unknown",
        "source": "osm",
        "osm_id": 1253723274,
        "osm_type": "way"
      }
    },
    {
      "type": "Feature",
      "geometry": {
        "type": "Point",
        "coordinates": [
          -157.7863119,
          21.2742231
        ]
      },
      "properties": {
        "id": "osm-1253723275",
        "lat": 21.2742231,
        "lon": -157.7863119,
        "name": "",
        "address": "Ahuli Place, Waialae-Kahala, K\u0101hala, East Honolulu, Honolulu, Honolulu County, Hawaii, 96821, United States",
        "neighborhood": "unknown",
        "source": "osm",
        "osm_id": 1253723275,
        "osm_type": "way"
      }
    },
    {
      "type": "Feature",
      "geometry": {
        "type": "Point",
        "coordinates": [
          -157.7858202,
          21.2742367
        ]
      },
      "properties": {
        "id": "osm-1253723276",
        "lat": 21.2742367,
        "lon": -157.7858202,
        "name": "",
        "address": "United States Post Office, 4353, Pahoa Avenue, Waialae-Kahala, K\u0101hala, East Honolulu, Honolulu, Honolulu County, Hawaii, 96816, United States",
        "neighborhood": "unknown",
        "source": "osm",
        "osm_id": 1253723276,
        "osm_type": "way"
      }
    },
    {
      "type": "Feature",
      "geometry": {
        "type": "Point",
        "coordinates": [
          -157.7868145,
          21.2738412
        ]
      },
      "properties": {
        "id": "osm-1253723278",
        "lat": 21.2738412,
        "lon": -157.7868145,
        "name": "",
        "address": "Pueo Street, Waialae-Kahala, K\u0101hala, East Honolulu, Honolulu, Honolulu County, Hawaii, 96821, United States",
        "neighborhood": "unknown",
        "source": "osm",
        "osm_id": 1253723278,
        "osm_type": "way"
      }
    },
    {
      "type": "Feature",
      "geometry": {
        "type": "Point",
        "coordinates": [
          -157.7864359,
          21.2738392
        ]
      },
      "properties": {
        "id": "osm-1253723279",
        "lat": 21.2738392,
        "lon": -157.7864359,
        "name": "",
        "address": "4500, Ahuli Place, Waialae-Kahala, K\u0101hala, East Honolulu, Honolulu, Honolulu County, Hawaii, 96816, United States",
        "neighborhood": "unknown",
        "source": "osm",
        "osm_id": 1253723279,
        "osm_type": "way"
      }
    },
    {
      "type": "Feature",
      "geometry": {
        "type": "Point",
        "coordinates": [
          -157.7865868,
          21.2740126
        ]
      },
      "properties": {
        "id": "osm-1253723280",
        "lat": 21.2740126,
        "lon": -157.7865868,
        "name": "",
        "address": "Ahuli Place, Waialae-Kahala, K\u0101hala, East Honolulu, Honolulu, Honolulu County, Hawaii, 96821, United States",
        "neighborhood": "unknown",
        "source": "osm",
        "osm_id": 1253723280,
        "osm_type": "way"
      }
    },
    {
      "type": "Feature",
      "geometry": {
        "type": "Point",
        "coordinates": [
          -157.7869937,
          21.2741696
        ]
      },
      "properties": {
        "id": "osm-1253723281",
        "lat": 21.2741696,
        "lon": -157.7869937,
        "name": "",
        "address": "Pahoa Avenue, Waialae-Kahala, K\u0101hala, East Honolulu, Honolulu, Honolulu County, Hawaii, 96821, United States",
        "neighborhood": "unknown",
        "source": "osm",
        "osm_id": 1253723281,
        "osm_type": "way"
      }
    },
    {
      "type": "Feature",
      "geometry": {
        "type": "Point",
        "coordinates": [
          -157.7867738,
          21.2736377
        ]
      },
      "properties": {
        "id": "osm-1253723282",
        "lat": 21.2736377,
        "lon": -157.7867738,
        "name": "",
        "address": "Ahuli Place, Waialae-Kahala, K\u0101hala, East Honolulu, Honolulu, Honolulu County, Hawaii, 96821, United States",
        "neighborhood": "unknown",
        "source": "osm",
        "osm_id": 1253723282,
        "osm_type": "way"
      }
    },
    {
      "type": "Feature",
      "geometry": {
        "type": "Point",
        "coordinates": [
          -158.227431,
          21.4789502
        ]
      },
      "properties": {
        "id": "osm-1254376156",
        "lat": 21.4789502,
        "lon": -158.227431,
        "name": "",
        "address": "84-255, Makau Street, West M\u0101kaha, Makaha, Honolulu County, Hawaii, United States",
        "neighborhood": "makaha",
        "source": "osm",
        "osm_id": 1254376156,
        "osm_type": "way"
      }
    },
    {
      "type": "Feature",
      "geometry": {
        "type": "Point",
        "coordinates": [
          -158.2303599,
          21.4821611
        ]
      },
      "properties": {
        "id": "osm-1254646018",
        "lat": 21.4821611,
        "lon": -158.2303599,
        "name": "",
        "address": "84-101, Makau Street, West M\u0101kaha, Makaha, Honolulu County, Hawaii, United States",
        "neighborhood": "makaha",
        "source": "osm",
        "osm_id": 1254646018,
        "osm_type": "way"
      }
    },
    {
      "type": "Feature",
      "geometry": {
        "type": "Point",
        "coordinates": [
          -158.2292753,
          21.482145
        ]
      },
      "properties": {
        "id": "osm-1254647414",
        "lat": 21.482145,
        "lon": -158.2292753,
        "name": "",
        "address": "84-120, Makau Street, West M\u0101kaha, Makaha, Honolulu County, Hawaii, United States",
        "neighborhood": "makaha",
        "source": "osm",
        "osm_id": 1254647414,
        "osm_type": "way"
      }
    },
    {
      "type": "Feature",
      "geometry": {
        "type": "Point",
        "coordinates": [
          -158.229544,
          21.4813111
        ]
      },
      "properties": {
        "id": "osm-1254647416",
        "lat": 21.4813111,
        "lon": -158.229544,
        "name": "",
        "address": "84-139, Makau Street, West M\u0101kaha, Makaha, Honolulu County, Hawaii, United States",
        "neighborhood": "makaha",
        "source": "osm",
        "osm_id": 1254647416,
        "osm_type": "way"
      }
    },
    {
      "type": "Feature",
      "geometry": {
        "type": "Point",
        "coordinates": [
          -157.9524919,
          21.3661836
        ]
      },
      "properties": {
        "id": "osm-1257082110",
        "lat": 21.3661836,
        "lon": -157.9524919,
        "name": "S195",
        "address": "Lexington Boulevard, Nob Hill, Waipahu, Honolulu County, Hawaii, 96860, United States",
        "neighborhood": "pearl-harbor",
        "source": "osm",
        "osm_id": 1257082110,
        "osm_type": "way"
      }
    },
    {
      "type": "Feature",
      "geometry": {
        "type": "Point",
        "coordinates": [
          -157.9355686,
          21.3696405
        ]
      },
      "properties": {
        "id": "osm-1263194022",
        "lat": 21.3696405,
        "lon": -157.9355686,
        "name": "",
        "address": "Kamehameha Highway, H\u0101lawa, Waipahu, Honolulu County, Hawaii, 96701, United States",
        "neighborhood": "pearl-harbor",
        "source": "osm",
        "osm_id": 1263194022,
        "osm_type": "way"
      }
    },
    {
      "type": "Feature",
      "geometry": {
        "type": "Point",
        "coordinates": [
          -157.9285438,
          21.3839455
        ]
      },
      "properties": {
        "id": "osm-1263628457",
        "lat": 21.3839455,
        "lon": -157.9285438,
        "name": "",
        "address": "Aiea Heights Drive, \u02bbAiea Heights, Aiea, Honolulu County, Hawaii, 96701, United States",
        "neighborhood": "aiea",
        "source": "osm",
        "osm_id": 1263628457,
        "osm_type": "way"
      }
    },
    {
      "type": "Feature",
      "geometry": {
        "type": "Point",
        "coordinates": [
          -157.9284831,
          21.3841071
        ]
      },
      "properties": {
        "id": "osm-1263628458",
        "lat": 21.3841071,
        "lon": -157.9284831,
        "name": "",
        "address": "Aiea Heights Drive, \u02bbAiea Heights, Aiea, Honolulu County, Hawaii, 96701, United States",
        "neighborhood": "aiea",
        "source": "osm",
        "osm_id": 1263628458,
        "osm_type": "way"
      }
    },
    {
      "type": "Feature",
      "geometry": {
        "type": "Point",
        "coordinates": [
          -157.9418857,
          21.3557962
        ]
      },
      "properties": {
        "id": "osm-1266920106",
        "lat": 21.3557962,
        "lon": -157.9418857,
        "name": "S664",
        "address": "Oakley Road, \u0100liamanu, Waipahu, Honolulu County, Hawaii, 96818, United States",
        "neighborhood": "pearl-harbor",
        "source": "osm",
        "osm_id": 1266920106,
        "osm_type": "way"
      }
    },
    {
      "type": "Feature",
      "geometry": {
        "type": "Point",
        "coordinates": [
          -157.9475336,
          21.3512735
        ]
      },
      "properties": {
        "id": "osm-1270458475",
        "lat": 21.3512735,
        "lon": -157.9475336,
        "name": "",
        "address": "Pearl Harbor Boulevard, Hickam, Waipahu, Honolulu County, Hawaii, 96853, United States",
        "neighborhood": "pearl-harbor",
        "source": "osm",
        "osm_id": 1270458475,
        "osm_type": "way"
      }
    },
    {
      "type": "Feature",
      "geometry": {
        "type": "Point",
        "coordinates": [
          -157.7857002,
          21.2744333
        ]
      },
      "properties": {
        "id": "osm-1271284119",
        "lat": 21.2744333,
        "lon": -157.7857002,
        "name": "",
        "address": "United States Post Office, 4353, Pahoa Avenue, Waialae-Kahala, K\u0101hala, East Honolulu, Honolulu, Honolulu County, Hawaii, 96816, United States",
        "neighborhood": "unknown",
        "source": "osm",
        "osm_id": 1271284119,
        "osm_type": "way"
      }
    },
    {
      "type": "Feature",
      "geometry": {
        "type": "Point",
        "coordinates": [
          -157.7864319,
          21.2731949
        ]
      },
      "properties": {
        "id": "osm-1271284137",
        "lat": 21.2731949,
        "lon": -157.7864319,
        "name": "",
        "address": "1307, Pueo Street, Waialae-Kahala, K\u0101hala, East Honolulu, Honolulu, Honolulu County, Hawaii, 96816, United States",
        "neighborhood": "unknown",
        "source": "osm",
        "osm_id": 1271284137,
        "osm_type": "way"
      }
    },
    {
      "type": "Feature",
      "geometry": {
        "type": "Point",
        "coordinates": [
          -157.7866022,
          21.2735671
        ]
      },
      "properties": {
        "id": "osm-1271285837",
        "lat": 21.2735671,
        "lon": -157.7866022,
        "name": "",
        "address": "Ahuli Place, Waialae-Kahala, K\u0101hala, East Honolulu, Honolulu, Honolulu County, Hawaii, 96821, United States",
        "neighborhood": "unknown",
        "source": "osm",
        "osm_id": 1271285837,
        "osm_type": "way"
      }
    },
    {
      "type": "Feature",
      "geometry": {
        "type": "Point",
        "coordinates": [
          -157.7870299,
          21.2727409
        ]
      },
      "properties": {
        "id": "osm-1271518707",
        "lat": 21.2727409,
        "lon": -157.7870299,
        "name": "",
        "address": "Pueo Street, Waialae-Kahala, K\u0101hala, East Honolulu, Honolulu, Honolulu County, Hawaii, 96821, United States",
        "neighborhood": "unknown",
        "source": "osm",
        "osm_id": 1271518707,
        "osm_type": "way"
      }
    },
    {
      "type": "Feature",
      "geometry": {
        "type": "Point",
        "coordinates": [
          -157.7874458,
          21.2724089
        ]
      },
      "properties": {
        "id": "osm-1271518708",
        "lat": 21.2724089,
        "lon": -157.7874458,
        "name": "",
        "address": "Koae Place, Waialae-Kahala, K\u0101hala, East Honolulu, Honolulu, Honolulu County, Hawaii, 96821, United States",
        "neighborhood": "unknown",
        "source": "osm",
        "osm_id": 1271518708,
        "osm_type": "way"
      }
    },
    {
      "type": "Feature",
      "geometry": {
        "type": "Point",
        "coordinates": [
          -157.7873141,
          21.2725305
        ]
      },
      "properties": {
        "id": "osm-1271518709",
        "lat": 21.2725305,
        "lon": -157.7873141,
        "name": "",
        "address": "Koae Place, Waialae-Kahala, K\u0101hala, East Honolulu, Honolulu, Honolulu County, Hawaii, 96821, United States",
        "neighborhood": "unknown",
        "source": "osm",
        "osm_id": 1271518709,
        "osm_type": "way"
      }
    },
    {
      "type": "Feature",
      "geometry": {
        "type": "Point",
        "coordinates": [
          -157.7873601,
          21.2729522
        ]
      },
      "properties": {
        "id": "osm-1271518710",
        "lat": 21.2729522,
        "lon": -157.7873601,
        "name": "",
        "address": "Amau Street, Waialae-Kahala, K\u0101hala, East Honolulu, Honolulu, Honolulu County, Hawaii, 96821, United States",
        "neighborhood": "unknown",
        "source": "osm",
        "osm_id": 1271518710,
        "osm_type": "way"
      }
    },
    {
      "type": "Feature",
      "geometry": {
        "type": "Point",
        "coordinates": [
          -157.7873532,
          21.273133
        ]
      },
      "properties": {
        "id": "osm-1271518711",
        "lat": 21.273133,
        "lon": -157.7873532,
        "name": "",
        "address": "Amau Street, Waialae-Kahala, K\u0101hala, East Honolulu, Honolulu, Honolulu County, Hawaii, 96821, United States",
        "neighborhood": "unknown",
        "source": "osm",
        "osm_id": 1271518711,
        "osm_type": "way"
      }
    },
    {
      "type": "Feature",
      "geometry": {
        "type": "Point",
        "coordinates": [
          -157.7871893,
          21.2728452
        ]
      },
      "properties": {
        "id": "osm-1271518712",
        "lat": 21.2728452,
        "lon": -157.7871893,
        "name": "",
        "address": "Pueo Street, Waialae-Kahala, K\u0101hala, East Honolulu, Honolulu, Honolulu County, Hawaii, 96821, United States",
        "neighborhood": "unknown",
        "source": "osm",
        "osm_id": 1271518712,
        "osm_type": "way"
      }
    },
    {
      "type": "Feature",
      "geometry": {
        "type": "Point",
        "coordinates": [
          -157.7873407,
          21.2727692
        ]
      },
      "properties": {
        "id": "osm-1271518713",
        "lat": 21.2727692,
        "lon": -157.7873407,
        "name": "",
        "address": "Koae Place, Waialae-Kahala, K\u0101hala, East Honolulu, Honolulu, Honolulu County, Hawaii, 96821, United States",
        "neighborhood": "unknown",
        "source": "osm",
        "osm_id": 1271518713,
        "osm_type": "way"
      }
    },
    {
      "type": "Feature",
      "geometry": {
        "type": "Point",
        "coordinates": [
          -157.7873735,
          21.2717758
        ]
      },
      "properties": {
        "id": "osm-1271518714",
        "lat": 21.2717758,
        "lon": -157.7873735,
        "name": "",
        "address": "Koae Street, Waialae-Kahala, K\u0101hala, East Honolulu, Honolulu, Honolulu County, Hawaii, 96821, United States",
        "neighborhood": "unknown",
        "source": "osm",
        "osm_id": 1271518714,
        "osm_type": "way"
      }
    },
    {
      "type": "Feature",
      "geometry": {
        "type": "Point",
        "coordinates": [
          -157.7872198,
          21.271732
        ]
      },
      "properties": {
        "id": "osm-1271518715",
        "lat": 21.271732,
        "lon": -157.7872198,
        "name": "",
        "address": "Kilauea Avenue, Waialae-Kahala, K\u0101hala, East Honolulu, Honolulu, Honolulu County, Hawaii, 96821, United States",
        "neighborhood": "unknown",
        "source": "osm",
        "osm_id": 1271518715,
        "osm_type": "way"
      }
    },
    {
      "type": "Feature",
      "geometry": {
        "type": "Point",
        "coordinates": [
          -157.7875961,
          21.2711834
        ]
      },
      "properties": {
        "id": "osm-1271518716",
        "lat": 21.2711834,
        "lon": -157.7875961,
        "name": "",
        "address": "Kilauea Avenue, Waialae-Kahala, K\u0101hala, East Honolulu, Honolulu, Honolulu County, Hawaii, 96821, United States",
        "neighborhood": "unknown",
        "source": "osm",
        "osm_id": 1271518716,
        "osm_type": "way"
      }
    },
    {
      "type": "Feature",
      "geometry": {
        "type": "Point",
        "coordinates": [
          -157.7890231,
          21.2696876
        ]
      },
      "properties": {
        "id": "osm-1271518717",
        "lat": 21.2696876,
        "lon": -157.7890231,
        "name": "",
        "address": "Kilauea Avenue, Waialae-Kahala, K\u0101hala, East Honolulu, Honolulu, Honolulu County, Hawaii, 96821, United States",
        "neighborhood": "unknown",
        "source": "osm",
        "osm_id": 1271518717,
        "osm_type": "way"
      }
    },
    {
      "type": "Feature",
      "geometry": {
        "type": "Point",
        "coordinates": [
          -157.7892529,
          21.2705928
        ]
      },
      "properties": {
        "id": "osm-1271543812",
        "lat": 21.2705928,
        "lon": -157.7892529,
        "name": "",
        "address": "Hunakai Street, Waialae-Kahala, K\u0101hala, East Honolulu, Honolulu, Honolulu County, Hawaii, 96821, United States",
        "neighborhood": "unknown",
        "source": "osm",
        "osm_id": 1271543812,
        "osm_type": "way"
      }
    },
    {
      "type": "Feature",
      "geometry": {
        "type": "Point",
        "coordinates": [
          -157.7889844,
          21.2704783
        ]
      },
      "properties": {
        "id": "osm-1271543813",
        "lat": 21.2704783,
        "lon": -157.7889844,
        "name": "",
        "address": "Koae Street, Waialae-Kahala, K\u0101hala, East Honolulu, Honolulu, Honolulu County, Hawaii, 96821, United States",
        "neighborhood": "unknown",
        "source": "osm",
        "osm_id": 1271543813,
        "osm_type": "way"
      }
    },
    {
      "type": "Feature",
      "geometry": {
        "type": "Point",
        "coordinates": [
          -157.7885208,
          21.2710082
        ]
      },
      "properties": {
        "id": "osm-1271543814",
        "lat": 21.2710082,
        "lon": -157.7885208,
        "name": "",
        "address": "Koae Street, Waialae-Kahala, K\u0101hala, East Honolulu, Honolulu, Honolulu County, Hawaii, 96821, United States",
        "neighborhood": "unknown",
        "source": "osm",
        "osm_id": 1271543814,
        "osm_type": "way"
      }
    },
    {
      "type": "Feature",
      "geometry": {
        "type": "Point",
        "coordinates": [
          -157.7879821,
          21.2711672
        ]
      },
      "properties": {
        "id": "osm-1271543815",
        "lat": 21.2711672,
        "lon": -157.7879821,
        "name": "",
        "address": "Koae Street, Waialae-Kahala, K\u0101hala, East Honolulu, Honolulu, Honolulu County, Hawaii, 96821, United States",
        "neighborhood": "unknown",
        "source": "osm",
        "osm_id": 1271543815,
        "osm_type": "way"
      }
    },
    {
      "type": "Feature",
      "geometry": {
        "type": "Point",
        "coordinates": [
          -157.7883995,
          21.2711102
        ]
      },
      "properties": {
        "id": "osm-1271543829",
        "lat": 21.2711102,
        "lon": -157.7883995,
        "name": "",
        "address": "Koae Street, Waialae-Kahala, K\u0101hala, East Honolulu, Honolulu, Honolulu County, Hawaii, 96821, United States",
        "neighborhood": "unknown",
        "source": "osm",
        "osm_id": 1271543829,
        "osm_type": "way"
      }
    },
    {
      "type": "Feature",
      "geometry": {
        "type": "Point",
        "coordinates": [
          -157.7886711,
          21.2712608
        ]
      },
      "properties": {
        "id": "osm-1274751036",
        "lat": 21.2712608,
        "lon": -157.7886711,
        "name": "",
        "address": "Koae Street, Waialae-Kahala, K\u0101hala, East Honolulu, Honolulu, Honolulu County, Hawaii, 96821, United States",
        "neighborhood": "unknown",
        "source": "osm",
        "osm_id": 1274751036,
        "osm_type": "way"
      }
    },
    {
      "type": "Feature",
      "geometry": {
        "type": "Point",
        "coordinates": [
          -157.7888294,
          21.2712551
        ]
      },
      "properties": {
        "id": "osm-1274751037",
        "lat": 21.2712551,
        "lon": -157.7888294,
        "name": "",
        "address": "Koae Street, Waialae-Kahala, K\u0101hala, East Honolulu, Honolulu, Honolulu County, Hawaii, 96821, United States",
        "neighborhood": "unknown",
        "source": "osm",
        "osm_id": 1274751037,
        "osm_type": "way"
      }
    },
    {
      "type": "Feature",
      "geometry": {
        "type": "Point",
        "coordinates": [
          -157.7891484,
          21.2710071
        ]
      },
      "properties": {
        "id": "osm-1274751038",
        "lat": 21.2710071,
        "lon": -157.7891484,
        "name": "",
        "address": "900, Koae Street, Waialae-Kahala, K\u0101hala, East Honolulu, Honolulu, Honolulu County, Hawaii, 96816, United States",
        "neighborhood": "unknown",
        "source": "osm",
        "osm_id": 1274751038,
        "osm_type": "way"
      }
    },
    {
      "type": "Feature",
      "geometry": {
        "type": "Point",
        "coordinates": [
          -157.7888453,
          21.2714888
        ]
      },
      "properties": {
        "id": "osm-1274751039",
        "lat": 21.2714888,
        "lon": -157.7888453,
        "name": "",
        "address": "Hunakai Street, Waialae-Kahala, K\u0101hala, East Honolulu, Honolulu, Honolulu County, Hawaii, 96821, United States",
        "neighborhood": "unknown",
        "source": "osm",
        "osm_id": 1274751039,
        "osm_type": "way"
      }
    },
    {
      "type": "Feature",
      "geometry": {
        "type": "Point",
        "coordinates": [
          -157.7883328,
          21.2719521
        ]
      },
      "properties": {
        "id": "osm-1274751040",
        "lat": 21.2719521,
        "lon": -157.7883328,
        "name": "",
        "address": "4299, Puulani Place, Waialae-Kahala, K\u0101hala, East Honolulu, Honolulu, Honolulu County, Hawaii, 96816, United States",
        "neighborhood": "unknown",
        "source": "osm",
        "osm_id": 1274751040,
        "osm_type": "way"
      }
    },
    {
      "type": "Feature",
      "geometry": {
        "type": "Point",
        "coordinates": [
          -157.7882126,
          21.2719332
        ]
      },
      "properties": {
        "id": "osm-1274751041",
        "lat": 21.2719332,
        "lon": -157.7882126,
        "name": "",
        "address": "Koae Street, Waialae-Kahala, K\u0101hala, East Honolulu, Honolulu, Honolulu County, Hawaii, 96821, United States",
        "neighborhood": "unknown",
        "source": "osm",
        "osm_id": 1274751041,
        "osm_type": "way"
      }
    },
    {
      "type": "Feature",
      "geometry": {
        "type": "Point",
        "coordinates": [
          -157.7880248,
          21.2721875
        ]
      },
      "properties": {
        "id": "osm-1274751042",
        "lat": 21.2721875,
        "lon": -157.7880248,
        "name": "",
        "address": "Koae Street, Waialae-Kahala, K\u0101hala, East Honolulu, Honolulu, Honolulu County, Hawaii, 96821, United States",
        "neighborhood": "unknown",
        "source": "osm",
        "osm_id": 1274751042,
        "osm_type": "way"
      }
    },
    {
      "type": "Feature",
      "geometry": {
        "type": "Point",
        "coordinates": [
          -157.78803,
          21.272332
        ]
      },
      "properties": {
        "id": "osm-1274751043",
        "lat": 21.272332,
        "lon": -157.78803,
        "name": "",
        "address": "1000, Koae Street, Waialae-Kahala, K\u0101hala, East Honolulu, Honolulu, Honolulu County, Hawaii, 96816, United States",
        "neighborhood": "unknown",
        "source": "osm",
        "osm_id": 1274751043,
        "osm_type": "way"
      }
    },
    {
      "type": "Feature",
      "geometry": {
        "type": "Point",
        "coordinates": [
          -157.7877625,
          21.2725102
        ]
      },
      "properties": {
        "id": "osm-1274751044",
        "lat": 21.2725102,
        "lon": -157.7877625,
        "name": "",
        "address": "Koae Street, Waialae-Kahala, K\u0101hala, East Honolulu, Honolulu, Honolulu County, Hawaii, 96821, United States",
        "neighborhood": "unknown",
        "source": "osm",
        "osm_id": 1274751044,
        "osm_type": "way"
      }
    },
    {
      "type": "Feature",
      "geometry": {
        "type": "Point",
        "coordinates": [
          -157.7880796,
          21.272632
        ]
      },
      "properties": {
        "id": "osm-1274751045",
        "lat": 21.272632,
        "lon": -157.7880796,
        "name": "",
        "address": "1032, Koae Street, Waialae-Kahala, K\u0101hala, East Honolulu, Honolulu, Honolulu County, Hawaii, 96816, United States",
        "neighborhood": "unknown",
        "source": "osm",
        "osm_id": 1274751045,
        "osm_type": "way"
      }
    },
    {
      "type": "Feature",
      "geometry": {
        "type": "Point",
        "coordinates": [
          -157.7879161,
          21.2730194
        ]
      },
      "properties": {
        "id": "osm-1274751046",
        "lat": 21.2730194,
        "lon": -157.7879161,
        "name": "",
        "address": "Koae Street, Waialae-Kahala, K\u0101hala, East Honolulu, Honolulu, Honolulu County, Hawaii, 96821, United States",
        "neighborhood": "unknown",
        "source": "osm",
        "osm_id": 1274751046,
        "osm_type": "way"
      }
    },
    {
      "type": "Feature",
      "geometry": {
        "type": "Point",
        "coordinates": [
          -157.7882148,
          21.2725874
        ]
      },
      "properties": {
        "id": "osm-1274751047",
        "lat": 21.2725874,
        "lon": -157.7882148,
        "name": "",
        "address": "Puulani Place, Waialae-Kahala, K\u0101hala, East Honolulu, Honolulu, Honolulu County, Hawaii, 96821, United States",
        "neighborhood": "unknown",
        "source": "osm",
        "osm_id": 1274751047,
        "osm_type": "way"
      }
    },
    {
      "type": "Feature",
      "geometry": {
        "type": "Point",
        "coordinates": [
          -157.7881548,
          21.2723958
        ]
      },
      "properties": {
        "id": "osm-1274751048",
        "lat": 21.2723958,
        "lon": -157.7881548,
        "name": "",
        "address": "Puulani Place, Waialae-Kahala, K\u0101hala, East Honolulu, Honolulu, Honolulu County, Hawaii, 96821, United States",
        "neighborhood": "unknown",
        "source": "osm",
        "osm_id": 1274751048,
        "osm_type": "way"
      }
    },
    {
      "type": "Feature",
      "geometry": {
        "type": "Point",
        "coordinates": [
          -157.7886968,
          21.2728833
        ]
      },
      "properties": {
        "id": "osm-1274751049",
        "lat": 21.2728833,
        "lon": -157.7886968,
        "name": "",
        "address": "Hunakai Street, Waialae-Kahala, K\u0101hala, East Honolulu, Honolulu, Honolulu County, Hawaii, 96821, United States",
        "neighborhood": "unknown",
        "source": "osm",
        "osm_id": 1274751049,
        "osm_type": "way"
      }
    },
    {
      "type": "Feature",
      "geometry": {
        "type": "Point",
        "coordinates": [
          -157.7885485,
          21.2716591
        ]
      },
      "properties": {
        "id": "osm-1274751467",
        "lat": 21.2716591,
        "lon": -157.7885485,
        "name": "",
        "address": "Koae Street, Waialae-Kahala, K\u0101hala, East Honolulu, Honolulu, Honolulu County, Hawaii, 96821, United States",
        "neighborhood": "unknown",
        "source": "osm",
        "osm_id": 1274751467,
        "osm_type": "way"
      }
    },
    {
      "type": "Feature",
      "geometry": {
        "type": "Point",
        "coordinates": [
          -157.7887169,
          21.2733502
        ]
      },
      "properties": {
        "id": "osm-1280403401",
        "lat": 21.2733502,
        "lon": -157.7887169,
        "name": "",
        "address": "Hunakai Street, Waialae-Kahala, K\u0101hala, East Honolulu, Honolulu, Honolulu County, Hawaii, 96821, United States",
        "neighborhood": "unknown",
        "source": "osm",
        "osm_id": 1280403401,
        "osm_type": "way"
      }
    },
    {
      "type": "Feature",
      "geometry": {
        "type": "Point",
        "coordinates": [
          -157.7881436,
          21.2732609
        ]
      },
      "properties": {
        "id": "osm-1280403402",
        "lat": 21.2732609,
        "lon": -157.7881436,
        "name": "",
        "address": "4224, Amau Street, Waialae-Kahala, K\u0101hala, East Honolulu, Honolulu, Honolulu County, Hawaii, 96816, United States",
        "neighborhood": "unknown",
        "source": "osm",
        "osm_id": 1280403402,
        "osm_type": "way"
      }
    },
    {
      "type": "Feature",
      "geometry": {
        "type": "Point",
        "coordinates": [
          -157.8358401,
          21.2802594
        ]
      },
      "properties": {
        "id": "osm-1280765369",
        "lat": 21.2802594,
        "lon": -157.8358401,
        "name": "",
        "address": "Paoa Place, Waik\u012bk\u012b, Honolulu, Honolulu County, Hawaii, 96815, United States",
        "neighborhood": "honolulu",
        "source": "osm",
        "osm_id": 1280765369,
        "osm_type": "way"
      }
    },
    {
      "type": "Feature",
      "geometry": {
        "type": "Point",
        "coordinates": [
          -157.8356186,
          21.2801005
        ]
      },
      "properties": {
        "id": "osm-1280765370",
        "lat": 21.2801005,
        "lon": -157.8356186,
        "name": "",
        "address": "Iluma Pool, Paoa Place, Waik\u012bk\u012b, East Honolulu, Honolulu, Honolulu County, Hawaii, 96830, United States",
        "neighborhood": "honolulu",
        "source": "osm",
        "osm_id": 1280765370,
        "osm_type": "way"
      }
    },
    {
      "type": "Feature",
      "geometry": {
        "type": "Point",
        "coordinates": [
          -158.089448,
          21.3520364
        ]
      },
      "properties": {
        "id": "osm-1290580609",
        "lat": 21.3520364,
        "lon": -158.089448,
        "name": "",
        "address": "Kinohi Place, Makakilo City, Kapolei, Honolulu County, Hawaii, 96707, United States",
        "neighborhood": "kapolei",
        "source": "osm",
        "osm_id": 1290580609,
        "osm_type": "way"
      }
    },
    {
      "type": "Feature",
      "geometry": {
        "type": "Point",
        "coordinates": [
          -157.7873388,
          21.2735172
        ]
      },
      "properties": {
        "id": "osm-1295845923",
        "lat": 21.2735172,
        "lon": -157.7873388,
        "name": "",
        "address": "Amau Street, Waialae-Kahala, K\u0101hala, East Honolulu, Honolulu, Honolulu County, Hawaii, 96821, United States",
        "neighborhood": "unknown",
        "source": "osm",
        "osm_id": 1295845923,
        "osm_type": "way"
      }
    },
    {
      "type": "Feature",
      "geometry": {
        "type": "Point",
        "coordinates": [
          -157.7876431,
          21.2738077
        ]
      },
      "properties": {
        "id": "osm-1295845924",
        "lat": 21.2738077,
        "lon": -157.7876431,
        "name": "",
        "address": "Pueo Street, Waialae-Kahala, K\u0101hala, East Honolulu, Honolulu, Honolulu County, Hawaii, 96821, United States",
        "neighborhood": "unknown",
        "source": "osm",
        "osm_id": 1295845924,
        "osm_type": "way"
      }
    },
    {
      "type": "Feature",
      "geometry": {
        "type": "Point",
        "coordinates": [
          -157.7877241,
          21.2736175
        ]
      },
      "properties": {
        "id": "osm-1295845925",
        "lat": 21.2736175,
        "lon": -157.7877241,
        "name": "",
        "address": "Amau Street, Waialae-Kahala, K\u0101hala, East Honolulu, Honolulu, Honolulu County, Hawaii, 96821, United States",
        "neighborhood": "unknown",
        "source": "osm",
        "osm_id": 1295845925,
        "osm_type": "way"
      }
    },
    {
      "type": "Feature",
      "geometry": {
        "type": "Point",
        "coordinates": [
          -157.7878106,
          21.2737196
        ]
      },
      "properties": {
        "id": "osm-1295845926",
        "lat": 21.2737196,
        "lon": -157.7878106,
        "name": "",
        "address": "Pahoa Avenue, Waialae-Kahala, K\u0101hala, East Honolulu, Honolulu, Honolulu County, Hawaii, 96821, United States",
        "neighborhood": "unknown",
        "source": "osm",
        "osm_id": 1295845926,
        "osm_type": "way"
      }
    },
    {
      "type": "Feature",
      "geometry": {
        "type": "Point",
        "coordinates": [
          -157.787879,
          21.2734279
        ]
      },
      "properties": {
        "id": "osm-1295845932",
        "lat": 21.2734279,
        "lon": -157.787879,
        "name": "",
        "address": "4232, Amau Street, Waialae-Kahala, K\u0101hala, East Honolulu, Honolulu, Honolulu County, Hawaii, 96816, United States",
        "neighborhood": "unknown",
        "source": "osm",
        "osm_id": 1295845932,
        "osm_type": "way"
      }
    },
    {
      "type": "Feature",
      "geometry": {
        "type": "Point",
        "coordinates": [
          -157.7878716,
          21.2752425
        ]
      },
      "properties": {
        "id": "osm-1295846163",
        "lat": 21.2752425,
        "lon": -157.7878716,
        "name": "",
        "address": "Pueo Street, Waialae-Kahala, K\u0101hala, East Honolulu, Honolulu, Honolulu County, Hawaii, 96821, United States",
        "neighborhood": "unknown",
        "source": "osm",
        "osm_id": 1295846163,
        "osm_type": "way"
      }
    },
    {
      "type": "Feature",
      "geometry": {
        "type": "Point",
        "coordinates": [
          -157.7879523,
          21.2746744
        ]
      },
      "properties": {
        "id": "osm-1295846164",
        "lat": 21.2746744,
        "lon": -157.7879523,
        "name": "",
        "address": "Pueo Street, Waialae-Kahala, K\u0101hala, East Honolulu, Honolulu, Honolulu County, Hawaii, 96821, United States",
        "neighborhood": "unknown",
        "source": "osm",
        "osm_id": 1295846164,
        "osm_type": "way"
      }
    },
    {
      "type": "Feature",
      "geometry": {
        "type": "Point",
        "coordinates": [
          -157.788113,
          21.2760122
        ]
      },
      "properties": {
        "id": "osm-1296474592",
        "lat": 21.2760122,
        "lon": -157.788113,
        "name": "",
        "address": "Hunakai Street, Waialae-Kahala, K\u0101hala, East Honolulu, Honolulu, Honolulu County, Hawaii, 96821, United States",
        "neighborhood": "unknown",
        "source": "osm",
        "osm_id": 1296474592,
        "osm_type": "way"
      }
    },
    {
      "type": "Feature",
      "geometry": {
        "type": "Point",
        "coordinates": [
          -157.7872916,
          21.2747755
        ]
      },
      "properties": {
        "id": "osm-1296475615",
        "lat": 21.2747755,
        "lon": -157.7872916,
        "name": "",
        "address": "1419, Pueo Street, Waialae-Kahala, K\u0101hala, East Honolulu, Honolulu, Honolulu County, Hawaii, 96816, United States",
        "neighborhood": "unknown",
        "source": "osm",
        "osm_id": 1296475615,
        "osm_type": "way"
      }
    },
    {
      "type": "Feature",
      "geometry": {
        "type": "Point",
        "coordinates": [
          -157.7872671,
          21.2749811
        ]
      },
      "properties": {
        "id": "osm-1296475616",
        "lat": 21.2749811,
        "lon": -157.7872671,
        "name": "",
        "address": "Pueo Street, Waialae-Kahala, K\u0101hala, East Honolulu, Honolulu, Honolulu County, Hawaii, 96821, United States",
        "neighborhood": "unknown",
        "source": "osm",
        "osm_id": 1296475616,
        "osm_type": "way"
      }
    },
    {
      "type": "Feature",
      "geometry": {
        "type": "Point",
        "coordinates": [
          -157.7874313,
          21.2746132
        ]
      },
      "properties": {
        "id": "osm-1296475617",
        "lat": 21.2746132,
        "lon": -157.7874313,
        "name": "",
        "address": "Pueo Street, Waialae-Kahala, K\u0101hala, East Honolulu, Honolulu, Honolulu County, Hawaii, 96821, United States",
        "neighborhood": "unknown",
        "source": "osm",
        "osm_id": 1296475617,
        "osm_type": "way"
      }
    },
    {
      "type": "Feature",
      "geometry": {
        "type": "Point",
        "coordinates": [
          -157.7871526,
          21.2751415
        ]
      },
      "properties": {
        "id": "osm-1296475618",
        "lat": 21.2751415,
        "lon": -157.7871526,
        "name": "",
        "address": "Pueo Street, Waialae-Kahala, K\u0101hala, East Honolulu, Honolulu, Honolulu County, Hawaii, 96821, United States",
        "neighborhood": "unknown",
        "source": "osm",
        "osm_id": 1296475618,
        "osm_type": "way"
      }
    },
    {
      "type": "Feature",
      "geometry": {
        "type": "Point",
        "coordinates": [
          -157.7874701,
          21.2754877
        ]
      },
      "properties": {
        "id": "osm-1296475619",
        "lat": 21.2754877,
        "lon": -157.7874701,
        "name": "",
        "address": "Pueo Street, Waialae-Kahala, K\u0101hala, East Honolulu, Honolulu, Honolulu County, Hawaii, 96821, United States",
        "neighborhood": "unknown",
        "source": "osm",
        "osm_id": 1296475619,
        "osm_type": "way"
      }
    },
    {
      "type": "Feature",
      "geometry": {
        "type": "Point",
        "coordinates": [
          -157.7880683,
          21.2766255
        ]
      },
      "properties": {
        "id": "osm-1296475620",
        "lat": 21.2766255,
        "lon": -157.7880683,
        "name": "",
        "address": "1213, Hunakai Street, Waialae-Kahala, K\u0101hala, East Honolulu, Honolulu, Honolulu County, Hawaii, 96816, United States",
        "neighborhood": "unknown",
        "source": "osm",
        "osm_id": 1296475620,
        "osm_type": "way"
      }
    },
    {
      "type": "Feature",
      "geometry": {
        "type": "Point",
        "coordinates": [
          -157.9961666,
          21.704998
        ]
      },
      "properties": {
        "id": "osm-1296700256",
        "lat": 21.704998,
        "lon": -157.9961666,
        "name": "",
        "address": "Kuilima Drive, Honolulu County, Hawaii, 96731, United States",
        "neighborhood": "unknown",
        "source": "osm",
        "osm_id": 1296700256,
        "osm_type": "way"
      }
    },
    {
      "type": "Feature",
      "geometry": {
        "type": "Point",
        "coordinates": [
          -157.9949572,
          21.7004409
        ]
      },
      "properties": {
        "id": "osm-1296700261",
        "lat": 21.7004409,
        "lon": -157.9949572,
        "name": "",
        "address": "West Kuilima Loop, Kawela, Honolulu County, Hawaii, 96731, United States",
        "neighborhood": "unknown",
        "source": "osm",
        "osm_id": 1296700261,
        "osm_type": "way"
      }
    },
    {
      "type": "Feature",
      "geometry": {
        "type": "Point",
        "coordinates": [
          -157.9932816,
          21.7018146
        ]
      },
      "properties": {
        "id": "osm-1296700263",
        "lat": 21.7018146,
        "lon": -157.9932816,
        "name": "",
        "address": "West Kuilima Loop, Kawela, Honolulu County, Hawaii, 96731, United States",
        "neighborhood": "unknown",
        "source": "osm",
        "osm_id": 1296700263,
        "osm_type": "way"
      }
    },
    {
      "type": "Feature",
      "geometry": {
        "type": "Point",
        "coordinates": [
          -157.9927598,
          21.6998943
        ]
      },
      "properties": {
        "id": "osm-1296700264",
        "lat": 21.6998943,
        "lon": -157.9927598,
        "name": "",
        "address": "Lalo Kuilima Place, Honolulu County, Hawaii, 96731, United States",
        "neighborhood": "unknown",
        "source": "osm",
        "osm_id": 1296700264,
        "osm_type": "way"
      }
    },
    {
      "type": "Feature",
      "geometry": {
        "type": "Point",
        "coordinates": [
          -157.789851,
          21.2701269
        ]
      },
      "properties": {
        "id": "osm-1297641615",
        "lat": 21.2701269,
        "lon": -157.789851,
        "name": "",
        "address": "Hunakai Street, Waialae-Kahala, K\u0101hala, East Honolulu, Honolulu, Honolulu County, Hawaii, 96821, United States",
        "neighborhood": "unknown",
        "source": "osm",
        "osm_id": 1297641615,
        "osm_type": "way"
      }
    },
    {
      "type": "Feature",
      "geometry": {
        "type": "Point",
        "coordinates": [
          -157.9989683,
          21.7047169
        ]
      },
      "properties": {
        "id": "osm-1298205420",
        "lat": 21.7047169,
        "lon": -157.9989683,
        "name": "",
        "address": "Kuilima Drive, Honolulu County, Hawaii, 96731, United States",
        "neighborhood": "unknown",
        "source": "osm",
        "osm_id": 1298205420,
        "osm_type": "way"
      }
    },
    {
      "type": "Feature",
      "geometry": {
        "type": "Point",
        "coordinates": [
          -158.001825,
          21.4226892
        ]
      },
      "properties": {
        "id": "osm-1303180336",
        "lat": 21.4226892,
        "lon": -158.001825,
        "name": "",
        "address": "Waipio Uka Street, Waipio, Crestview, Waipahu, Honolulu County, Hawaii, 96797, United States",
        "neighborhood": "unknown",
        "source": "osm",
        "osm_id": 1303180336,
        "osm_type": "way"
      }
    },
    {
      "type": "Feature",
      "geometry": {
        "type": "Point",
        "coordinates": [
          -157.9994791,
          21.3872713
        ]
      },
      "properties": {
        "id": "osm-1316047322",
        "lat": 21.3872713,
        "lon": -157.9994791,
        "name": "",
        "address": "Waipahu, Honolulu County, Hawaii, 96797, United States",
        "neighborhood": "waipahu",
        "source": "osm",
        "osm_id": 1316047322,
        "osm_type": "way"
      }
    },
    {
      "type": "Feature",
      "geometry": {
        "type": "Point",
        "coordinates": [
          -157.7858576,
          21.2812667
        ]
      },
      "properties": {
        "id": "osm-1322469733",
        "lat": 21.2812667,
        "lon": -157.7858576,
        "name": "",
        "address": "Hunakai Street, Waialae-Kahala, East Honolulu, Honolulu, Honolulu County, Hawaii, 96821, United States",
        "neighborhood": "kaimuki",
        "source": "osm",
        "osm_id": 1322469733,
        "osm_type": "way"
      }
    },
    {
      "type": "Feature",
      "geometry": {
        "type": "Point",
        "coordinates": [
          -157.7819533,
          21.2806854
        ]
      },
      "properties": {
        "id": "osm-1322709413",
        "lat": 21.2806854,
        "lon": -157.7819533,
        "name": "",
        "address": "4440, Malia Street, Waialae-Kahala, Wailupe, Waialae-Kahala, East Honolulu, Honolulu, Honolulu County, Hawaii, 96821, United States",
        "neighborhood": "kaimuki",
        "source": "osm",
        "osm_id": 1322709413,
        "osm_type": "way"
      }
    },
    {
      "type": "Feature",
      "geometry": {
        "type": "Point",
        "coordinates": [
          -157.7811032,
          21.2811726
        ]
      },
      "properties": {
        "id": "osm-1322709422",
        "lat": 21.2811726,
        "lon": -157.7811032,
        "name": "",
        "address": "Alakoa Street, Waialae-Kahala, East Honolulu, Honolulu, Honolulu County, Hawaii, 96821, United States",
        "neighborhood": "kaimuki",
        "source": "osm",
        "osm_id": 1322709422,
        "osm_type": "way"
      }
    },
    {
      "type": "Feature",
      "geometry": {
        "type": "Point",
        "coordinates": [
          -157.7764105,
          21.2779801
        ]
      },
      "properties": {
        "id": "osm-1324604307",
        "lat": 21.2779801,
        "lon": -157.7764105,
        "name": "",
        "address": "1210, Kalaniiki Street, Wailupe, Waialae-Kahala, East Honolulu, Honolulu, Honolulu County, Hawaii, 96821, United States",
        "neighborhood": "kahala",
        "source": "osm",
        "osm_id": 1324604307,
        "osm_type": "way"
      }
    },
    {
      "type": "Feature",
      "geometry": {
        "type": "Point",
        "coordinates": [
          -158.007372,
          21.386095
        ]
      },
      "properties": {
        "id": "osm-1325571667",
        "lat": 21.386095,
        "lon": -158.007372,
        "name": "",
        "address": "Leeward Y, 94-440, Mokuola Street, Waipahu, Honolulu County, Hawaii, 96797, United States",
        "neighborhood": "waipahu",
        "source": "osm",
        "osm_id": 1325571667,
        "osm_type": "way"
      }
    },
    {
      "type": "Feature",
      "geometry": {
        "type": "Point",
        "coordinates": [
          -157.7933398,
          21.4003753
        ]
      },
      "properties": {
        "id": "osm-1327677287",
        "lat": 21.4003753,
        "lon": -157.7933398,
        "name": "",
        "address": "Puali Street, P\u016b\u2018\u014dhala Village, Kaneohe, Honolulu County, Hawaii, 96744, United States",
        "neighborhood": "kaneohe",
        "source": "osm",
        "osm_id": 1327677287,
        "osm_type": "way"
      }
    },
    {
      "type": "Feature",
      "geometry": {
        "type": "Point",
        "coordinates": [
          -157.7932326,
          21.4005632
        ]
      },
      "properties": {
        "id": "osm-1328285173",
        "lat": 21.4005632,
        "lon": -157.7932326,
        "name": "",
        "address": "Kenela Street, P\u016b\u2018\u014dhala Village, Kaneohe, Honolulu County, Hawaii, 96744, United States",
        "neighborhood": "kaneohe",
        "source": "osm",
        "osm_id": 1328285173,
        "osm_type": "way"
      }
    },
    {
      "type": "Feature",
      "geometry": {
        "type": "Point",
        "coordinates": [
          -157.794561,
          21.4014154
        ]
      },
      "properties": {
        "id": "osm-1328287601",
        "lat": 21.4014154,
        "lon": -157.794561,
        "name": "",
        "address": "Namoku Street, P\u016b\u2018\u014dhala Village, Kaneohe, Honolulu County, Hawaii, 96744, United States",
        "neighborhood": "kaneohe",
        "source": "osm",
        "osm_id": 1328287601,
        "osm_type": "way"
      }
    },
    {
      "type": "Feature",
      "geometry": {
        "type": "Point",
        "coordinates": [
          -157.7931134,
          21.4021672
        ]
      },
      "properties": {
        "id": "osm-1328703578",
        "lat": 21.4021672,
        "lon": -157.7931134,
        "name": "",
        "address": "Namoku Street, P\u016b\u2018\u014dhala Village, Kaneohe, Honolulu County, Hawaii, 96744, United States",
        "neighborhood": "kaneohe",
        "source": "osm",
        "osm_id": 1328703578,
        "osm_type": "way"
      }
    },
    {
      "type": "Feature",
      "geometry": {
        "type": "Point",
        "coordinates": [
          -157.8060646,
          21.4079788
        ]
      },
      "properties": {
        "id": "osm-1328973209",
        "lat": 21.4079788,
        "lon": -157.8060646,
        "name": "",
        "address": "Kuapuiwi Place, Kapunahala, Kaneohe, Honolulu County, Hawaii, 96744, United States",
        "neighborhood": "kaneohe",
        "source": "osm",
        "osm_id": 1328973209,
        "osm_type": "way"
      }
    },
    {
      "type": "Feature",
      "geometry": {
        "type": "Point",
        "coordinates": [
          -157.8059684,
          21.4094794
        ]
      },
      "properties": {
        "id": "osm-1328974160",
        "lat": 21.4094794,
        "lon": -157.8059684,
        "name": "",
        "address": "Kapunahala Road, Kapunahala, Kaneohe, Honolulu County, Hawaii, 96744, United States",
        "neighborhood": "kaneohe",
        "source": "osm",
        "osm_id": 1328974160,
        "osm_type": "way"
      }
    },
    {
      "type": "Feature",
      "geometry": {
        "type": "Point",
        "coordinates": [
          -158.0215914,
          21.3818532
        ]
      },
      "properties": {
        "id": "osm-1332756890",
        "lat": 21.3818532,
        "lon": -158.0215914,
        "name": "",
        "address": "Waipahu Street, West Loch, Village Park, Waipahu, Honolulu County, Hawaii, 96797, United States",
        "neighborhood": "unknown",
        "source": "osm",
        "osm_id": 1332756890,
        "osm_type": "way"
      }
    },
    {
      "type": "Feature",
      "geometry": {
        "type": "Point",
        "coordinates": [
          -158.0252787,
          21.3806036
        ]
      },
      "properties": {
        "id": "osm-1335863573",
        "lat": 21.3806036,
        "lon": -158.0252787,
        "name": "",
        "address": "Leoku Street, West Loch, Waipahu, Honolulu County, Hawaii, 96797, United States",
        "neighborhood": "unknown",
        "source": "osm",
        "osm_id": 1335863573,
        "osm_type": "way"
      }
    },
    {
      "type": "Feature",
      "geometry": {
        "type": "Point",
        "coordinates": [
          -158.0252386,
          21.3796739
        ]
      },
      "properties": {
        "id": "osm-1335863574",
        "lat": 21.3796739,
        "lon": -158.0252386,
        "name": "",
        "address": "Leolua Street, West Loch, Waipahu, Honolulu County, Hawaii, 96797, United States",
        "neighborhood": "unknown",
        "source": "osm",
        "osm_id": 1335863574,
        "osm_type": "way"
      }
    },
    {
      "type": "Feature",
      "geometry": {
        "type": "Point",
        "coordinates": [
          -158.0258835,
          21.3795273
        ]
      },
      "properties": {
        "id": "osm-1335863575",
        "lat": 21.3795273,
        "lon": -158.0258835,
        "name": "",
        "address": "Leolua Street, West Loch, Waipahu, Honolulu County, Hawaii, 96797, United States",
        "neighborhood": "unknown",
        "source": "osm",
        "osm_id": 1335863575,
        "osm_type": "way"
      }
    },
    {
      "type": "Feature",
      "geometry": {
        "type": "Point",
        "coordinates": [
          -158.0265518,
          21.379694
        ]
      },
      "properties": {
        "id": "osm-1335863576",
        "lat": 21.379694,
        "lon": -158.0265518,
        "name": "",
        "address": "Waipahu Street, West Loch, Waipahu, Honolulu County, Hawaii, 96797, United States",
        "neighborhood": "unknown",
        "source": "osm",
        "osm_id": 1335863576,
        "osm_type": "way"
      }
    },
    {
      "type": "Feature",
      "geometry": {
        "type": "Point",
        "coordinates": [
          -158.0262895,
          21.3792865
        ]
      },
      "properties": {
        "id": "osm-1335863577",
        "lat": 21.3792865,
        "lon": -158.0262895,
        "name": "",
        "address": "Leolua Street, West Loch, Waipahu, Honolulu County, Hawaii, 96797, United States",
        "neighborhood": "unknown",
        "source": "osm",
        "osm_id": 1335863577,
        "osm_type": "way"
      }
    },
    {
      "type": "Feature",
      "geometry": {
        "type": "Point",
        "coordinates": [
          -158.0266999,
          21.3790571
        ]
      },
      "properties": {
        "id": "osm-1335863587",
        "lat": 21.3790571,
        "lon": -158.0266999,
        "name": "",
        "address": "Leolua Street, West Loch, Waipahu, Honolulu County, Hawaii, 96797, United States",
        "neighborhood": "unknown",
        "source": "osm",
        "osm_id": 1335863587,
        "osm_type": "way"
      }
    },
    {
      "type": "Feature",
      "geometry": {
        "type": "Point",
        "coordinates": [
          -158.0269394,
          21.3794264
        ]
      },
      "properties": {
        "id": "osm-1335863588",
        "lat": 21.3794264,
        "lon": -158.0269394,
        "name": "",
        "address": "Waipahu Street, West Loch, Waipahu, Honolulu County, Hawaii, 96797, United States",
        "neighborhood": "unknown",
        "source": "osm",
        "osm_id": 1335863588,
        "osm_type": "way"
      }
    },
    {
      "type": "Feature",
      "geometry": {
        "type": "Point",
        "coordinates": [
          -158.0273583,
          21.3786882
        ]
      },
      "properties": {
        "id": "osm-1335863595",
        "lat": 21.3786882,
        "lon": -158.0273583,
        "name": "",
        "address": "Fort Weaver Road, West Loch, Waipahu, Honolulu County, Hawaii, 96797, United States",
        "neighborhood": "unknown",
        "source": "osm",
        "osm_id": 1335863595,
        "osm_type": "way"
      }
    },
    {
      "type": "Feature",
      "geometry": {
        "type": "Point",
        "coordinates": [
          -158.0273194,
          21.3787102
        ]
      },
      "properties": {
        "id": "osm-1335863596",
        "lat": 21.3787102,
        "lon": -158.0273194,
        "name": "",
        "address": "Leolua Street, West Loch, Waipahu, Honolulu County, Hawaii, 96797, United States",
        "neighborhood": "unknown",
        "source": "osm",
        "osm_id": 1335863596,
        "osm_type": "way"
      }
    },
    {
      "type": "Feature",
      "geometry": {
        "type": "Point",
        "coordinates": [
          -158.0274476,
          21.3793633
        ]
      },
      "properties": {
        "id": "osm-1335863597",
        "lat": 21.3793633,
        "lon": -158.0274476,
        "name": "",
        "address": "Waipahu Street, West Loch, Waipahu, Honolulu County, Hawaii, 96797, United States",
        "neighborhood": "unknown",
        "source": "osm",
        "osm_id": 1335863597,
        "osm_type": "way"
      }
    },
    {
      "type": "Feature",
      "geometry": {
        "type": "Point",
        "coordinates": [
          -158.0274712,
          21.3793997
        ]
      },
      "properties": {
        "id": "osm-1335863598",
        "lat": 21.3793997,
        "lon": -158.0274712,
        "name": "",
        "address": "Kunia Palms, Waipahu, Honolulu County, Hawaii, 96797, United States",
        "neighborhood": "unknown",
        "source": "osm",
        "osm_id": 1335863598,
        "osm_type": "way"
      }
    },
    {
      "type": "Feature",
      "geometry": {
        "type": "Point",
        "coordinates": [
          -158.2035558,
          21.4581907
        ]
      },
      "properties": {
        "id": "osm-1339934893",
        "lat": 21.4581907,
        "lon": -158.2035558,
        "name": "",
        "address": "Farrington Highway, Makaha, Honolulu County, Hawaii, 96792, United States",
        "neighborhood": "unknown",
        "source": "osm",
        "osm_id": 1339934893,
        "osm_type": "way"
      }
    },
    {
      "type": "Feature",
      "geometry": {
        "type": "Point",
        "coordinates": [
          -158.20207,
          21.4570201
        ]
      },
      "properties": {
        "id": "osm-1339934900",
        "lat": 21.4570201,
        "lon": -158.20207,
        "name": "",
        "address": "Farrington Highway, Makaha, Honolulu County, Hawaii, 96792, United States",
        "neighborhood": "unknown",
        "source": "osm",
        "osm_id": 1339934900,
        "osm_type": "way"
      }
    },
    {
      "type": "Feature",
      "geometry": {
        "type": "Point",
        "coordinates": [
          -158.2126252,
          21.4617585
        ]
      },
      "properties": {
        "id": "osm-1341206032",
        "lat": 21.4617585,
        "lon": -158.2126252,
        "name": "",
        "address": "Lahilahi Street, Makaha, Honolulu County, Hawaii, 96792, United States",
        "neighborhood": "makaha",
        "source": "osm",
        "osm_id": 1341206032,
        "osm_type": "way"
      }
    },
    {
      "type": "Feature",
      "geometry": {
        "type": "Point",
        "coordinates": [
          -158.2125721,
          21.461788
        ]
      },
      "properties": {
        "id": "osm-1341206033",
        "lat": 21.461788,
        "lon": -158.2125721,
        "name": "",
        "address": "Lahilahi Street, Makaha, Honolulu County, Hawaii, 96792, United States",
        "neighborhood": "makaha",
        "source": "osm",
        "osm_id": 1341206033,
        "osm_type": "way"
      }
    },
    {
      "type": "Feature",
      "geometry": {
        "type": "Point",
        "coordinates": [
          -157.8050173,
          21.2832769
        ]
      },
      "properties": {
        "id": "osm-1352006919",
        "lat": 21.2832769,
        "lon": -157.8050173,
        "name": "",
        "address": "1048, 8th Avenue, Kaimuk\u012b, East Honolulu, Honolulu, Honolulu County, Hawaii, 96816, United States",
        "neighborhood": "honolulu",
        "source": "osm",
        "osm_id": 1352006919,
        "osm_type": "way"
      }
    },
    {
      "type": "Feature",
      "geometry": {
        "type": "Point",
        "coordinates": [
          -157.7244291,
          21.286183
        ]
      },
      "properties": {
        "id": "osm-1353523009",
        "lat": 21.286183,
        "lon": -157.7244291,
        "name": "",
        "address": "Kalaniana\u2019ole Highway, Niu Valley, Kuli\u02bbou\u02bbou, East Honolulu, Honolulu, Honolulu County, Hawaii, 96825, United States",
        "neighborhood": "aina-haina",
        "source": "osm",
        "osm_id": 1353523009,
        "osm_type": "way"
      }
    },
    {
      "type": "Feature",
      "geometry": {
        "type": "Point",
        "coordinates": [
          -157.7330329,
          21.2841112
        ]
      },
      "properties": {
        "id": "osm-1353523039",
        "lat": 21.2841112,
        "lon": -157.7330329,
        "name": "",
        "address": "216, Panio Street, Niu Valley, Niu and Niuiki Circle, Hawaii Loa Ridge, East Honolulu, Honolulu, Honolulu County, Hawaii, 96821, United States",
        "neighborhood": "aina-haina",
        "source": "osm",
        "osm_id": 1353523039,
        "osm_type": "way"
      }
    },
    {
      "type": "Feature",
      "geometry": {
        "type": "Point",
        "coordinates": [
          -157.7332348,
          21.2846623
        ]
      },
      "properties": {
        "id": "osm-1353523045",
        "lat": 21.2846623,
        "lon": -157.7332348,
        "name": "",
        "address": "242, Panio Street, Niu Valley, Niu and Niuiki Circle, Hawaii Loa Ridge, East Honolulu, Honolulu, Honolulu County, Hawaii, 96821, United States",
        "neighborhood": "aina-haina",
        "source": "osm",
        "osm_id": 1353523045,
        "osm_type": "way"
      }
    },
    {
      "type": "Feature",
      "geometry": {
        "type": "Point",
        "coordinates": [
          -157.7338961,
          21.2833556
        ]
      },
      "properties": {
        "id": "osm-1353523053",
        "lat": 21.2833556,
        "lon": -157.7338961,
        "name": "",
        "address": "221, Mahimahi Place, Niu Valley, Niu and Niuiki Circle, Hawaii Loa Ridge, East Honolulu, Honolulu, Honolulu County, Hawaii, 96821, United States",
        "neighborhood": "aina-haina",
        "source": "osm",
        "osm_id": 1353523053,
        "osm_type": "way"
      }
    },
    {
      "type": "Feature",
      "geometry": {
        "type": "Point",
        "coordinates": [
          -157.7342639,
          21.2829636
        ]
      },
      "properties": {
        "id": "osm-1353523058",
        "lat": 21.2829636,
        "lon": -157.7342639,
        "name": "",
        "address": "284, Mahimahi Street, Niu Valley, Niu and Niuiki Circle, Hawaii Loa Ridge, East Honolulu, Honolulu, Honolulu County, Hawaii, 96821, United States",
        "neighborhood": "aina-haina",
        "source": "osm",
        "osm_id": 1353523058,
        "osm_type": "way"
      }
    },
    {
      "type": "Feature",
      "geometry": {
        "type": "Point",
        "coordinates": [
          -158.175087,
          21.4092933
        ]
      },
      "properties": {
        "id": "osm-1354446556",
        "lat": 21.4092933,
        "lon": -158.175087,
        "name": "",
        "address": "Maipalaoa Road, Sea Country, Kapolei, Honolulu County, Hawaii, 96792, United States",
        "neighborhood": "unknown",
        "source": "osm",
        "osm_id": 1354446556,
        "osm_type": "way"
      }
    },
    {
      "type": "Feature",
      "geometry": {
        "type": "Point",
        "coordinates": [
          -158.1743072,
          21.4148777
        ]
      },
      "properties": {
        "id": "osm-1354516991",
        "lat": 21.4148777,
        "lon": -158.1743072,
        "name": "",
        "address": "87-565, Manuaihue Street, M\u0101\u2018ili, N\u0101n\u0101kuli, Honolulu County, Hawaii, 96792, United States",
        "neighborhood": "maili",
        "source": "osm",
        "osm_id": 1354516991,
        "osm_type": "way"
      }
    },
    {
      "type": "Feature",
      "geometry": {
        "type": "Point",
        "coordinates": [
          -158.1752377,
          21.4155292
        ]
      },
      "properties": {
        "id": "osm-1354516992",
        "lat": 21.4155292,
        "lon": -158.1752377,
        "name": "",
        "address": "87-549, Manuu Street, M\u0101\u2018ili, Kapolei, Honolulu County, Hawaii, 96792, United States",
        "neighborhood": "maili",
        "source": "osm",
        "osm_id": 1354516992,
        "osm_type": "way"
      }
    },
    {
      "type": "Feature",
      "geometry": {
        "type": "Point",
        "coordinates": [
          -158.1774864,
          21.4146631
        ]
      },
      "properties": {
        "id": "osm-1354516996",
        "lat": 21.4146631,
        "lon": -158.1774864,
        "name": "",
        "address": "Maili Cove, 87-561, Farrington Highway, M\u0101\u2018ili, Kapolei, Honolulu County, Hawaii, 96792, United States",
        "neighborhood": "maili",
        "source": "osm",
        "osm_id": 1354516996,
        "osm_type": "way"
      }
    },
    {
      "type": "Feature",
      "geometry": {
        "type": "Point",
        "coordinates": [
          -157.9781464,
          21.3993399
        ]
      },
      "properties": {
        "id": "osm-1355728460",
        "lat": 21.3993399,
        "lon": -157.9781464,
        "name": "",
        "address": "Acacia Road, Pearl Highlands, Pearl City, Honolulu County, Hawaii, 96782, United States",
        "neighborhood": "pearl-city",
        "source": "osm",
        "osm_id": 1355728460,
        "osm_type": "way"
      }
    },
    {
      "type": "Feature",
      "geometry": {
        "type": "Point",
        "coordinates": [
          -157.9789847,
          21.3981119
        ]
      },
      "properties": {
        "id": "osm-1355821296",
        "lat": 21.3981119,
        "lon": -157.9789847,
        "name": "",
        "address": "Pearl Highlands, Pearl City, Honolulu County, Hawaii, 96782, United States",
        "neighborhood": "pearl-city",
        "source": "osm",
        "osm_id": 1355821296,
        "osm_type": "way"
      }
    },
    {
      "type": "Feature",
      "geometry": {
        "type": "Point",
        "coordinates": [
          -157.9074162,
          21.3445845
        ]
      },
      "properties": {
        "id": "osm-1355880419",
        "lat": 21.3445845,
        "lon": -157.9074162,
        "name": "",
        "address": "Ala Napua\u02bba Place, Salt Lake, Honolulu, Honolulu County, Hawaii, 96819, United States",
        "neighborhood": "unknown",
        "source": "osm",
        "osm_id": 1355880419,
        "osm_type": "way"
      }
    },
    {
      "type": "Feature",
      "geometry": {
        "type": "Point",
        "coordinates": [
          -157.9075451,
          21.3445941
        ]
      },
      "properties": {
        "id": "osm-1355880420",
        "lat": 21.3445941,
        "lon": -157.9075451,
        "name": "",
        "address": "Ala \u02bbIlima Street, Salt Lake, Honolulu, Honolulu County, Hawaii, 96818, United States",
        "neighborhood": "unknown",
        "source": "osm",
        "osm_id": 1355880420,
        "osm_type": "way"
      }
    },
    {
      "type": "Feature",
      "geometry": {
        "type": "Point",
        "coordinates": [
          -157.9063786,
          21.3450257
        ]
      },
      "properties": {
        "id": "osm-1355880421",
        "lat": 21.3450257,
        "lon": -157.9063786,
        "name": "",
        "address": "Ala \u02bbIlima Street, Salt Lake, Honolulu, Honolulu County, Hawaii, 96818, United States",
        "neighborhood": "unknown",
        "source": "osm",
        "osm_id": 1355880421,
        "osm_type": "way"
      }
    },
    {
      "type": "Feature",
      "geometry": {
        "type": "Point",
        "coordinates": [
          -157.9048235,
          21.3448173
        ]
      },
      "properties": {
        "id": "osm-1355880422",
        "lat": 21.3448173,
        "lon": -157.9048235,
        "name": "",
        "address": "Ala Napua\u02bba Place, Salt Lake, Honolulu, Honolulu County, Hawaii, 96818, United States",
        "neighborhood": "unknown",
        "source": "osm",
        "osm_id": 1355880422,
        "osm_type": "way"
      }
    },
    {
      "type": "Feature",
      "geometry": {
        "type": "Point",
        "coordinates": [
          -157.9013148,
          21.3451446
        ]
      },
      "properties": {
        "id": "osm-1355880423",
        "lat": 21.3451446,
        "lon": -157.9013148,
        "name": "",
        "address": "Vista del Mar, 1015, Ala \u02bbIlima Street, Mapunapuna, Honolulu, Honolulu County, Hawaii, 96818, United States",
        "neighborhood": "unknown",
        "source": "osm",
        "osm_id": 1355880423,
        "osm_type": "way"
      }
    },
    {
      "type": "Feature",
      "geometry": {
        "type": "Point",
        "coordinates": [
          -157.9013862,
          21.3460982
        ]
      },
      "properties": {
        "id": "osm-1356064104",
        "lat": 21.3460982,
        "lon": -157.9013862,
        "name": "",
        "address": "Ala Napunani Street, Mapunapuna, Honolulu, Honolulu County, Hawaii, 96818, United States",
        "neighborhood": "unknown",
        "source": "osm",
        "osm_id": 1356064104,
        "osm_type": "way"
      }
    },
    {
      "type": "Feature",
      "geometry": {
        "type": "Point",
        "coordinates": [
          -157.9031903,
          21.345485
        ]
      },
      "properties": {
        "id": "osm-1356064111",
        "lat": 21.345485,
        "lon": -157.9031903,
        "name": "",
        "address": "Likini Street, Salt Lake, Honolulu, Honolulu County, Hawaii, 96818, United States",
        "neighborhood": "unknown",
        "source": "osm",
        "osm_id": 1356064111,
        "osm_type": "way"
      }
    },
    {
      "type": "Feature",
      "geometry": {
        "type": "Point",
        "coordinates": [
          -157.9054682,
          21.3456798
        ]
      },
      "properties": {
        "id": "osm-1356064130",
        "lat": 21.3456798,
        "lon": -157.9054682,
        "name": "",
        "address": "Ala \u02bbIlima Street, Salt Lake, Honolulu, Honolulu County, Hawaii, 96818, United States",
        "neighborhood": "unknown",
        "source": "osm",
        "osm_id": 1356064130,
        "osm_type": "way"
      }
    },
    {
      "type": "Feature",
      "geometry": {
        "type": "Point",
        "coordinates": [
          -157.9069073,
          21.3451004
        ]
      },
      "properties": {
        "id": "osm-1356297778",
        "lat": 21.3451004,
        "lon": -157.9069073,
        "name": "",
        "address": "Ala \u02bbIlima Street, Salt Lake, Honolulu, Honolulu County, Hawaii, 96818, United States",
        "neighborhood": "unknown",
        "source": "osm",
        "osm_id": 1356297778,
        "osm_type": "way"
      }
    },
    {
      "type": "Feature",
      "geometry": {
        "type": "Point",
        "coordinates": [
          -157.9084385,
          21.3443369
        ]
      },
      "properties": {
        "id": "osm-1356297785",
        "lat": 21.3443369,
        "lon": -157.9084385,
        "name": "",
        "address": "Lakeview Royal, 805, Ala N\u012boi Place, Salt Lake, Honolulu, Honolulu County, Hawaii, 96818, United States",
        "neighborhood": "unknown",
        "source": "osm",
        "osm_id": 1356297785,
        "osm_type": "way"
      }
    },
    {
      "type": "Feature",
      "geometry": {
        "type": "Point",
        "coordinates": [
          -157.9059557,
          21.3456419
        ]
      },
      "properties": {
        "id": "osm-1356535308",
        "lat": 21.3456419,
        "lon": -157.9059557,
        "name": "",
        "address": "Ala \u02bbIlima Street, Salt Lake, Honolulu, Honolulu County, Hawaii, 96818, United States",
        "neighborhood": "unknown",
        "source": "osm",
        "osm_id": 1356535308,
        "osm_type": "way"
      }
    },
    {
      "type": "Feature",
      "geometry": {
        "type": "Point",
        "coordinates": [
          -157.9075557,
          21.3458453
        ]
      },
      "properties": {
        "id": "osm-1356535330",
        "lat": 21.3458453,
        "lon": -157.9075557,
        "name": "",
        "address": "Ala \u02bbIlima Street, Salt Lake, Honolulu, Honolulu County, Hawaii, 96818, United States",
        "neighborhood": "unknown",
        "source": "osm",
        "osm_id": 1356535330,
        "osm_type": "way"
      }
    },
    {
      "type": "Feature",
      "geometry": {
        "type": "Point",
        "coordinates": [
          -157.9085328,
          21.3456229
        ]
      },
      "properties": {
        "id": "osm-1356544615",
        "lat": 21.3456229,
        "lon": -157.9085328,
        "name": "",
        "address": "Likini Street, Salt Lake, Honolulu, Honolulu County, Hawaii, 96818, United States",
        "neighborhood": "unknown",
        "source": "osm",
        "osm_id": 1356544615,
        "osm_type": "way"
      }
    },
    {
      "type": "Feature",
      "geometry": {
        "type": "Point",
        "coordinates": [
          -157.908576,
          21.3456812
        ]
      },
      "properties": {
        "id": "osm-1356544616",
        "lat": 21.3456812,
        "lon": -157.908576,
        "name": "",
        "address": "Likini Street, Salt Lake, Honolulu, Honolulu County, Hawaii, 96818, United States",
        "neighborhood": "unknown",
        "source": "osm",
        "osm_id": 1356544616,
        "osm_type": "way"
      }
    },
    {
      "type": "Feature",
      "geometry": {
        "type": "Point",
        "coordinates": [
          -158.0538803,
          21.332063
        ]
      },
      "properties": {
        "id": "osm-1360545367",
        "lat": 21.332063,
        "lon": -158.0538803,
        "name": "",
        "address": "24 Hour Fitness, Ka Makana Alii West Driveway, Kapolei, Honolulu County, Hawaii, 96706, United States",
        "neighborhood": "kapolei",
        "source": "osm",
        "osm_id": 1360545367,
        "osm_type": "way"
      }
    },
    {
      "type": "Feature",
      "geometry": {
        "type": "Point",
        "coordinates": [
          -158.0537612,
          21.3320106
        ]
      },
      "properties": {
        "id": "osm-1360545368",
        "lat": 21.3320106,
        "lon": -158.0537612,
        "name": "",
        "address": "24 Hour Fitness, 91-5431, Kapolei Parkway, Kapolei, Honolulu County, Hawaii, 96707, United States",
        "neighborhood": "kapolei",
        "source": "osm",
        "osm_id": 1360545368,
        "osm_type": "way"
      }
    },
    {
      "type": "Feature",
      "geometry": {
        "type": "Point",
        "coordinates": [
          -157.9089022,
          21.34596
        ]
      },
      "properties": {
        "id": "osm-1360969977",
        "lat": 21.34596,
        "lon": -157.9089022,
        "name": "",
        "address": "Likini Street, Salt Lake, Honolulu, Honolulu County, Hawaii, 96818, United States",
        "neighborhood": "unknown",
        "source": "osm",
        "osm_id": 1360969977,
        "osm_type": "way"
      }
    },
    {
      "type": "Feature",
      "geometry": {
        "type": "Point",
        "coordinates": [
          -157.9095369,
          21.3453261
        ]
      },
      "properties": {
        "id": "osm-1360969979",
        "lat": 21.3453261,
        "lon": -157.9095369,
        "name": "",
        "address": "Pikake Manor, 3148, Ala \u02bbIlima Street, Salt Lake, Honolulu, Honolulu County, Hawaii, 96818, United States",
        "neighborhood": "unknown",
        "source": "osm",
        "osm_id": 1360969979,
        "osm_type": "way"
      }
    },
    {
      "type": "Feature",
      "geometry": {
        "type": "Point",
        "coordinates": [
          -157.9102994,
          21.34522
        ]
      },
      "properties": {
        "id": "osm-1360969980",
        "lat": 21.34522,
        "lon": -157.9102994,
        "name": "",
        "address": "Ala N\u0101n\u0101l\u0101 Street, Salt Lake, Honolulu, Honolulu County, Hawaii, 96818, United States",
        "neighborhood": "unknown",
        "source": "osm",
        "osm_id": 1360969980,
        "osm_type": "way"
      }
    },
    {
      "type": "Feature",
      "geometry": {
        "type": "Point",
        "coordinates": [
          -157.9097597,
          21.3460394
        ]
      },
      "properties": {
        "id": "osm-1360969982",
        "lat": 21.3460394,
        "lon": -157.9097597,
        "name": "",
        "address": "Royal Towers, 5180, Likini Street, Salt Lake, Honolulu, Honolulu County, Hawaii, 96818, United States",
        "neighborhood": "unknown",
        "source": "osm",
        "osm_id": 1360969982,
        "osm_type": "way"
      }
    },
    {
      "type": "Feature",
      "geometry": {
        "type": "Point",
        "coordinates": [
          -157.9097043,
          21.3461658
        ]
      },
      "properties": {
        "id": "osm-1360969988",
        "lat": 21.3461658,
        "lon": -157.9097043,
        "name": "",
        "address": "Holiday Lakeview, 949, Ala N\u0101n\u0101l\u0101 Street, Salt Lake, Honolulu, Honolulu County, Hawaii, 96818, United States",
        "neighborhood": "unknown",
        "source": "osm",
        "osm_id": 1360969988,
        "osm_type": "way"
      }
    },
    {
      "type": "Feature",
      "geometry": {
        "type": "Point",
        "coordinates": [
          -157.9089265,
          21.3444962
        ]
      },
      "properties": {
        "id": "osm-1361015369",
        "lat": 21.3444962,
        "lon": -157.9089265,
        "name": "",
        "address": "Ala N\u012boi Place, Salt Lake, Honolulu, Honolulu County, Hawaii, 96818, United States",
        "neighborhood": "unknown",
        "source": "osm",
        "osm_id": 1361015369,
        "osm_type": "way"
      }
    },
    {
      "type": "Feature",
      "geometry": {
        "type": "Point",
        "coordinates": [
          -157.8014702,
          21.3110731
        ]
      },
      "properties": {
        "id": "osm-1361086033",
        "lat": 21.3110731,
        "lon": -157.8014702,
        "name": "",
        "address": "3083, Puhala Rise, M\u0101noa, East Honolulu, Honolulu, Honolulu County, Hawaii, 96822, United States",
        "neighborhood": "honolulu",
        "source": "osm",
        "osm_id": 1361086033,
        "osm_type": "way"
      }
    },
    {
      "type": "Feature",
      "geometry": {
        "type": "Point",
        "coordinates": [
          -157.8023343,
          21.3111701
        ]
      },
      "properties": {
        "id": "osm-1361086035",
        "lat": 21.3111701,
        "lon": -157.8023343,
        "name": "",
        "address": "3062, Kahaloa Drive, M\u0101noa, East Honolulu, Honolulu, Honolulu County, Hawaii, 96822, United States",
        "neighborhood": "honolulu",
        "source": "osm",
        "osm_id": 1361086035,
        "osm_type": "way"
      }
    },
    {
      "type": "Feature",
      "geometry": {
        "type": "Point",
        "coordinates": [
          -157.7980219,
          21.3198761
        ]
      },
      "properties": {
        "id": "osm-1361308216",
        "lat": 21.3198761,
        "lon": -157.7980219,
        "name": "",
        "address": "3656, Woodlawn Drive, M\u0101noa, East Honolulu, Honolulu, Honolulu County, Hawaii, 96822, United States",
        "neighborhood": "manoa",
        "source": "osm",
        "osm_id": 1361308216,
        "osm_type": "way"
      }
    },
    {
      "type": "Feature",
      "geometry": {
        "type": "Point",
        "coordinates": [
          -157.7970788,
          21.3206754
        ]
      },
      "properties": {
        "id": "osm-1361308227",
        "lat": 21.3206754,
        "lon": -157.7970788,
        "name": "",
        "address": "3604, Woodlawn Terrace Place, East Honolulu, Honolulu, Honolulu County, Hawaii, 96822, United States",
        "neighborhood": "manoa",
        "source": "osm",
        "osm_id": 1361308227,
        "osm_type": "way"
      }
    },
    {
      "type": "Feature",
      "geometry": {
        "type": "Point",
        "coordinates": [
          -157.7972209,
          21.3206019
        ]
      },
      "properties": {
        "id": "osm-1361308228",
        "lat": 21.3206019,
        "lon": -157.7972209,
        "name": "",
        "address": "3602, Woodlawn Terrace Place, M\u0101noa, East Honolulu, Honolulu, Honolulu County, Hawaii, 96822, United States",
        "neighborhood": "manoa",
        "source": "osm",
        "osm_id": 1361308228,
        "osm_type": "way"
      }
    },
    {
      "type": "Feature",
      "geometry": {
        "type": "Point",
        "coordinates": [
          -157.7972922,
          21.3201731
        ]
      },
      "properties": {
        "id": "osm-1361308231",
        "lat": 21.3201731,
        "lon": -157.7972922,
        "name": "",
        "address": "3600, Woodlawn Terrace Place, East Honolulu, Honolulu, Honolulu County, Hawaii, 96822, United States",
        "neighborhood": "manoa",
        "source": "osm",
        "osm_id": 1361308231,
        "osm_type": "way"
      }
    },
    {
      "type": "Feature",
      "geometry": {
        "type": "Point",
        "coordinates": [
          -157.8040904,
          21.3104111
        ]
      },
      "properties": {
        "id": "osm-1362248833",
        "lat": 21.3104111,
        "lon": -157.8040904,
        "name": "",
        "address": "3074, Kalawao Street, M\u0101noa, East Honolulu, Honolulu, Honolulu County, Hawaii, 96822, United States",
        "neighborhood": "honolulu",
        "source": "osm",
        "osm_id": 1362248833,
        "osm_type": "way"
      }
    },
    {
      "type": "Feature",
      "geometry": {
        "type": "Point",
        "coordinates": [
          -157.9119335,
          21.3445029
        ]
      },
      "properties": {
        "id": "osm-1362964770",
        "lat": 21.3445029,
        "lon": -157.9119335,
        "name": "",
        "address": "Ala Maile Place, Salt Lake, Honolulu, Honolulu County, Hawaii, 96818, United States",
        "neighborhood": "unknown",
        "source": "osm",
        "osm_id": 1362964770,
        "osm_type": "way"
      }
    },
    {
      "type": "Feature",
      "geometry": {
        "type": "Point",
        "coordinates": [
          -157.9116738,
          21.3439593
        ]
      },
      "properties": {
        "id": "osm-1362964771",
        "lat": 21.3439593,
        "lon": -157.9116738,
        "name": "",
        "address": "Sunset Lakeview, 3215, Ala \u02bbIlima Place, Salt Lake, Honolulu, Honolulu County, Hawaii, 96818, United States",
        "neighborhood": "unknown",
        "source": "osm",
        "osm_id": 1362964771,
        "osm_type": "way"
      }
    },
    {
      "type": "Feature",
      "geometry": {
        "type": "Point",
        "coordinates": [
          -157.912124,
          21.3458291
        ]
      },
      "properties": {
        "id": "osm-1362964779",
        "lat": 21.3458291,
        "lon": -157.912124,
        "name": "",
        "address": "Lakeside Coronet, 3230, Ala \u02bbIlima Street, Salt Lake, Honolulu, Honolulu County, Hawaii, 96818, United States",
        "neighborhood": "unknown",
        "source": "osm",
        "osm_id": 1362964779,
        "osm_type": "way"
      }
    },
    {
      "type": "Feature",
      "geometry": {
        "type": "Point",
        "coordinates": [
          -157.9124609,
          21.3464733
        ]
      },
      "properties": {
        "id": "osm-1362964789",
        "lat": 21.3464733,
        "lon": -157.9124609,
        "name": "",
        "address": "Lilikoi, 909, Ala Lilikoi Street, Salt Lake, Honolulu, Honolulu County, Hawaii, 96818, United States",
        "neighborhood": "unknown",
        "source": "osm",
        "osm_id": 1362964789,
        "osm_type": "way"
      }
    },
    {
      "type": "Feature",
      "geometry": {
        "type": "Point",
        "coordinates": [
          -157.9117966,
          21.3476748
        ]
      },
      "properties": {
        "id": "osm-1362964817",
        "lat": 21.3476748,
        "lon": -157.9117966,
        "name": "",
        "address": "Ala Lilikoi Street, Salt Lake, Honolulu, Honolulu County, Hawaii, 96818, United States",
        "neighborhood": "unknown",
        "source": "osm",
        "osm_id": 1362964817,
        "osm_type": "way"
      }
    },
    {
      "type": "Feature",
      "geometry": {
        "type": "Point",
        "coordinates": [
          -157.9117116,
          21.3476949
        ]
      },
      "properties": {
        "id": "osm-1362964818",
        "lat": 21.3476949,
        "lon": -157.9117116,
        "name": "",
        "address": "West Tower, 5070, Likini Street, Salt Lake, Honolulu, Honolulu County, Hawaii, 96818, United States",
        "neighborhood": "unknown",
        "source": "osm",
        "osm_id": 1362964818,
        "osm_type": "way"
      }
    },
    {
      "type": "Feature",
      "geometry": {
        "type": "Point",
        "coordinates": [
          -157.9119418,
          21.3478502
        ]
      },
      "properties": {
        "id": "osm-1362964820",
        "lat": 21.3478502,
        "lon": -157.9119418,
        "name": "",
        "address": "Ilaniwai, 975, Ala Lilikoi Street, Salt Lake, Honolulu, Honolulu County, Hawaii, 96818, United States",
        "neighborhood": "unknown",
        "source": "osm",
        "osm_id": 1362964820,
        "osm_type": "way"
      }
    },
    {
      "type": "Feature",
      "geometry": {
        "type": "Point",
        "coordinates": [
          -157.9119915,
          21.3475082
        ]
      },
      "properties": {
        "id": "osm-1362964824",
        "lat": 21.3475082,
        "lon": -157.9119915,
        "name": "",
        "address": "Lakeview Plaza, 955, Ala Lilikoi Street, Salt Lake, Honolulu, Honolulu County, Hawaii, 96818, United States",
        "neighborhood": "unknown",
        "source": "osm",
        "osm_id": 1362964824,
        "osm_type": "way"
      }
    },
    {
      "type": "Feature",
      "geometry": {
        "type": "Point",
        "coordinates": [
          -157.9053581,
          21.3467127
        ]
      },
      "properties": {
        "id": "osm-1364614477",
        "lat": 21.3467127,
        "lon": -157.9053581,
        "name": "",
        "address": "Likini Street, Salt Lake, Honolulu, Honolulu County, Hawaii, 96818, United States",
        "neighborhood": "unknown",
        "source": "osm",
        "osm_id": 1364614477,
        "osm_type": "way"
      }
    },
    {
      "type": "Feature",
      "geometry": {
        "type": "Point",
        "coordinates": [
          -157.906674,
          21.346554
        ]
      },
      "properties": {
        "id": "osm-1364614487",
        "lat": 21.346554,
        "lon": -157.906674,
        "name": "",
        "address": "5265, Likini Street, Salt Lake, Honolulu, Honolulu County, Hawaii, 96818, United States",
        "neighborhood": "unknown",
        "source": "osm",
        "osm_id": 1364614487,
        "osm_type": "way"
      }
    },
    {
      "type": "Feature",
      "geometry": {
        "type": "Point",
        "coordinates": [
          -157.9072348,
          21.3464481
        ]
      },
      "properties": {
        "id": "osm-1364614490",
        "lat": 21.3464481,
        "lon": -157.9072348,
        "name": "",
        "address": "5249, Likini Street, Salt Lake, Honolulu, Honolulu County, Hawaii, 96818, United States",
        "neighborhood": "unknown",
        "source": "osm",
        "osm_id": 1364614490,
        "osm_type": "way"
      }
    },
    {
      "type": "Feature",
      "geometry": {
        "type": "Point",
        "coordinates": [
          -157.9087787,
          21.3465074
        ]
      },
      "properties": {
        "id": "osm-1364614498",
        "lat": 21.3465074,
        "lon": -157.9087787,
        "name": "",
        "address": "5183, Likini Street, Salt Lake, Honolulu, Honolulu County, Hawaii, 96818, United States",
        "neighborhood": "unknown",
        "source": "osm",
        "osm_id": 1364614498,
        "osm_type": "way"
      }
    },
    {
      "type": "Feature",
      "geometry": {
        "type": "Point",
        "coordinates": [
          -157.9106994,
          21.3487052
        ]
      },
      "properties": {
        "id": "osm-1364614513",
        "lat": 21.3487052,
        "lon": -157.9106994,
        "name": "",
        "address": "5065, Likini Street, Salt Lake, Honolulu, Honolulu County, Hawaii, 96818, United States",
        "neighborhood": "unknown",
        "source": "osm",
        "osm_id": 1364614513,
        "osm_type": "way"
      }
    },
    {
      "type": "Feature",
      "geometry": {
        "type": "Point",
        "coordinates": [
          -157.9106254,
          21.3486683
        ]
      },
      "properties": {
        "id": "osm-1364614514",
        "lat": 21.3486683,
        "lon": -157.9106254,
        "name": "",
        "address": "5085, Likini Street, Salt Lake, Honolulu, Honolulu County, Hawaii, 96818, United States",
        "neighborhood": "unknown",
        "source": "osm",
        "osm_id": 1364614514,
        "osm_type": "way"
      }
    },
    {
      "type": "Feature",
      "geometry": {
        "type": "Point",
        "coordinates": [
          -157.9107409,
          21.3486189
        ]
      },
      "properties": {
        "id": "osm-1364614515",
        "lat": 21.3486189,
        "lon": -157.9107409,
        "name": "",
        "address": "5085, Likini Street, Salt Lake, Honolulu, Honolulu County, Hawaii, 96818, United States",
        "neighborhood": "unknown",
        "source": "osm",
        "osm_id": 1364614515,
        "osm_type": "way"
      }
    },
    {
      "type": "Feature",
      "geometry": {
        "type": "Point",
        "coordinates": [
          -157.8355251,
          21.2825163
        ]
      },
      "properties": {
        "id": "osm-1369547021",
        "lat": 21.2825163,
        "lon": -157.8355251,
        "name": "",
        "address": "HI Trend Sunglasses and Eyeglasses, 2005, Kalia Road, Waik\u012bk\u012b, Honolulu, Honolulu County, Hawaii, 96815, United States",
        "neighborhood": "honolulu",
        "source": "osm",
        "osm_id": 1369547021,
        "osm_type": "way"
      }
    },
    {
      "type": "Feature",
      "geometry": {
        "type": "Point",
        "coordinates": [
          -157.7522477,
          21.4231531
        ]
      },
      "properties": {
        "id": "osm-1372215376",
        "lat": 21.4231531,
        "lon": -157.7522477,
        "name": "",
        "address": "285, Ilikaa Place, Kailua, Honolulu County, Hawaii, 96734, United States",
        "neighborhood": "unknown",
        "source": "osm",
        "osm_id": 1372215376,
        "osm_type": "way"
      }
    },
    {
      "type": "Feature",
      "geometry": {
        "type": "Point",
        "coordinates": [
          -157.7523134,
          21.4239243
        ]
      },
      "properties": {
        "id": "osm-1372215377",
        "lat": 21.4239243,
        "lon": -157.7523134,
        "name": "",
        "address": "215, Ilikaa Place, Kailua, Honolulu County, Hawaii, 96734, United States",
        "neighborhood": "unknown",
        "source": "osm",
        "osm_id": 1372215377,
        "osm_type": "way"
      }
    },
    {
      "type": "Feature",
      "geometry": {
        "type": "Point",
        "coordinates": [
          -157.9039884,
          21.3478181
        ]
      },
      "properties": {
        "id": "osm-1372609845",
        "lat": 21.3478181,
        "lon": -157.9039884,
        "name": "",
        "address": "3020, Ala Makahala Place, Salt Lake, Honolulu, Honolulu County, Hawaii, 96818, United States",
        "neighborhood": "unknown",
        "source": "osm",
        "osm_id": 1372609845,
        "osm_type": "way"
      }
    },
    {
      "type": "Feature",
      "geometry": {
        "type": "Point",
        "coordinates": [
          -157.9032857,
          21.3494196
        ]
      },
      "properties": {
        "id": "osm-1372609850",
        "lat": 21.3494196,
        "lon": -157.9032857,
        "name": "",
        "address": "Country Club Vista, 3050, Ala Poha Place, Salt Lake, Honolulu, Honolulu County, Hawaii, 96818, United States",
        "neighborhood": "unknown",
        "source": "osm",
        "osm_id": 1372609850,
        "osm_type": "way"
      }
    },
    {
      "type": "Feature",
      "geometry": {
        "type": "Point",
        "coordinates": [
          -157.9026021,
          21.3487046
        ]
      },
      "properties": {
        "id": "osm-1372609853",
        "lat": 21.3487046,
        "lon": -157.9026021,
        "name": "",
        "address": "Ala Napunani Street, Mapunapuna, Honolulu, Honolulu County, Hawaii, 96818, United States",
        "neighborhood": "unknown",
        "source": "osm",
        "osm_id": 1372609853,
        "osm_type": "way"
      }
    },
    {
      "type": "Feature",
      "geometry": {
        "type": "Point",
        "coordinates": [
          -157.9018704,
          21.3488757
        ]
      },
      "properties": {
        "id": "osm-1372609861",
        "lat": 21.3488757,
        "lon": -157.9018704,
        "name": "",
        "address": "The Greenview, 1160, Ala Poha Place, Salt Lake, Honolulu, Honolulu County, Hawaii, 96818, United States",
        "neighborhood": "unknown",
        "source": "osm",
        "osm_id": 1372609861,
        "osm_type": "way"
      }
    },
    {
      "type": "Feature",
      "geometry": {
        "type": "Point",
        "coordinates": [
          -157.902024,
          21.347713
        ]
      },
      "properties": {
        "id": "osm-1372620884",
        "lat": 21.347713,
        "lon": -157.902024,
        "name": "",
        "address": "Moanalua High School, 2825, Ala \u02bbIlima Street, Salt Lake, Honolulu, Honolulu County, Hawaii, 96818, United States",
        "neighborhood": "unknown",
        "source": "osm",
        "osm_id": 1372620884,
        "osm_type": "way"
      }
    },
    {
      "type": "Feature",
      "geometry": {
        "type": "Point",
        "coordinates": [
          -157.9016395,
          21.3482236
        ]
      },
      "properties": {
        "id": "osm-1372620890",
        "lat": 21.3482236,
        "lon": -157.9016395,
        "name": "",
        "address": "Moanalua High School, 2825, Ala \u02bbIlima Street, Salt Lake, Honolulu, Honolulu County, Hawaii, 96818, United States",
        "neighborhood": "unknown",
        "source": "osm",
        "osm_id": 1372620890,
        "osm_type": "way"
      }
    },
    {
      "type": "Feature",
      "geometry": {
        "type": "Point",
        "coordinates": [
          -157.8370488,
          21.2986474
        ]
      },
      "properties": {
        "id": "osm-1382719904",
        "lat": 21.2986474,
        "lon": -157.8370488,
        "name": "",
        "address": "1315, Kal\u0101kaua Avenue, Pawaa, Honolulu, Honolulu County, Hawaii, 96826, United States",
        "neighborhood": "honolulu",
        "source": "osm",
        "osm_id": 1382719904,
        "osm_type": "way"
      }
    },
    {
      "type": "Feature",
      "geometry": {
        "type": "Point",
        "coordinates": [
          -157.8370281,
          21.2987453
        ]
      },
      "properties": {
        "id": "osm-1382719905",
        "lat": 21.2987453,
        "lon": -157.8370281,
        "name": "",
        "address": "1315, Kal\u0101kaua Avenue, Pawaa, Honolulu, Honolulu County, Hawaii, 96826, United States",
        "neighborhood": "honolulu",
        "source": "osm",
        "osm_id": 1382719905,
        "osm_type": "way"
      }
    },
    {
      "type": "Feature",
      "geometry": {
        "type": "Point",
        "coordinates": [
          -158.0866635,
          21.358588
        ]
      },
      "properties": {
        "id": "osm-1387663034",
        "lat": 21.358588,
        "lon": -158.0866635,
        "name": "",
        "address": "Makakilo Drive, Upper Makakilo, Kapolei, Honolulu County, Hawaii, 96707, United States",
        "neighborhood": "kapolei",
        "source": "osm",
        "osm_id": 1387663034,
        "osm_type": "way"
      }
    },
    {
      "type": "Feature",
      "geometry": {
        "type": "Point",
        "coordinates": [
          -157.8308034,
          21.2995846
        ]
      },
      "properties": {
        "id": "osm-1414500258",
        "lat": 21.2995846,
        "lon": -157.8308034,
        "name": "",
        "address": "Alexander Gardens, 1427, Alexander Street, McCully, Honolulu, Honolulu County, Hawaii, 96826, United States",
        "neighborhood": "honolulu",
        "source": "osm",
        "osm_id": 1414500258,
        "osm_type": "way"
      }
    },
    {
      "type": "Feature",
      "geometry": {
        "type": "Point",
        "coordinates": [
          -157.8354741,
          21.2992902
        ]
      },
      "properties": {
        "id": "osm-1414504250",
        "lat": 21.2992902,
        "lon": -157.8354741,
        "name": "",
        "address": "The Banyan Tree Plaza, 1212, Punahou Street, Pawaa, Honolulu, Honolulu County, Hawaii, 96822, United States",
        "neighborhood": "honolulu",
        "source": "osm",
        "osm_id": 1414504250,
        "osm_type": "way"
      }
    },
    {
      "type": "Feature",
      "geometry": {
        "type": "Point",
        "coordinates": [
          -157.9159456,
          21.3449709
        ]
      },
      "properties": {
        "id": "osm-1414525897",
        "lat": 21.3449709,
        "lon": -157.9159456,
        "name": "",
        "address": "Top of The Hill, 3370, Salt Lake Boulevard, Salt Lake, Honolulu, Honolulu County, Hawaii, 96818, United States",
        "neighborhood": "unknown",
        "source": "osm",
        "osm_id": 1414525897,
        "osm_type": "way"
      }
    },
    {
      "type": "Feature",
      "geometry": {
        "type": "Point",
        "coordinates": [
          -157.8603186,
          21.3129509
        ]
      },
      "properties": {
        "id": "osm-1414528892",
        "lat": 21.3129509,
        "lon": -157.8603186,
        "name": "",
        "address": "Honolulu Park Place, 1212, Nuuanu Avenue, The Arts District, Chinatown, Honolulu, Honolulu County, Hawaii, 96817, United States",
        "neighborhood": "honolulu",
        "source": "osm",
        "osm_id": 1414528892,
        "osm_type": "way"
      }
    },
    {
      "type": "Feature",
      "geometry": {
        "type": "Point",
        "coordinates": [
          -157.8608612,
          21.3133119
        ]
      },
      "properties": {
        "id": "osm-1414528893",
        "lat": 21.3133119,
        "lon": -157.8608612,
        "name": "",
        "address": "Honolulu Tower, 60, North Beretania Street, The Arts District, Hawaii Capital Historic District, East Honolulu, Honolulu, Honolulu County, Hawaii, 96817, United States",
        "neighborhood": "honolulu",
        "source": "osm",
        "osm_id": 1414528893,
        "osm_type": "way"
      }
    },
    {
      "type": "Feature",
      "geometry": {
        "type": "Point",
        "coordinates": [
          -157.8392687,
          21.2892942
        ]
      },
      "properties": {
        "id": "osm-1418809932",
        "lat": 21.2892942,
        "lon": -157.8392687,
        "name": "",
        "address": "Pawaa, Honolulu, Honolulu County, Hawaii, 96841, United States",
        "neighborhood": "honolulu",
        "source": "osm",
        "osm_id": 1418809932,
        "osm_type": "way"
      }
    },
    {
      "type": "Feature",
      "geometry": {
        "type": "Point",
        "coordinates": [
          -158.177784,
          21.4415782
        ]
      },
      "properties": {
        "id": "osm-1418970431",
        "lat": 21.4415782,
        "lon": -158.177784,
        "name": "",
        "address": "86-0892, Hale Ekahi Drive, Waianae, Honolulu County, Hawaii, 96792, United States",
        "neighborhood": "waianae",
        "source": "osm",
        "osm_id": 1418970431,
        "osm_type": "way"
      }
    },
    {
      "type": "Feature",
      "geometry": {
        "type": "Point",
        "coordinates": [
          -158.1787297,
          21.439864
        ]
      },
      "properties": {
        "id": "osm-1419104628",
        "lat": 21.439864,
        "lon": -158.1787297,
        "name": "",
        "address": "86-0222, Moeha Street, Waianae, Honolulu County, Hawaii, 96792, United States",
        "neighborhood": "maili",
        "source": "osm",
        "osm_id": 1419104628,
        "osm_type": "way"
      }
    },
    {
      "type": "Feature",
      "geometry": {
        "type": "Point",
        "coordinates": [
          -157.8581096,
          21.3343994
        ]
      },
      "properties": {
        "id": "osm-1420062784",
        "lat": 21.3343994,
        "lon": -157.8581096,
        "name": "",
        "address": "2146, Puna Street, Kapalama, Honolulu, Honolulu County, Hawaii, 96817, United States",
        "neighborhood": "honolulu",
        "source": "osm",
        "osm_id": 1420062784,
        "osm_type": "way"
      }
    },
    {
      "type": "Feature",
      "geometry": {
        "type": "Point",
        "coordinates": [
          -157.8000928,
          21.4212458
        ]
      },
      "properties": {
        "id": "osm-1422239534",
        "lat": 21.4212458,
        "lon": -157.8000928,
        "name": "",
        "address": "PuuAlii PHASE I Office, 46-058, Aliianela Place, Kaneohe, Honolulu County, Hawaii, 96744, United States",
        "neighborhood": "kaneohe",
        "source": "osm",
        "osm_id": 1422239534,
        "osm_type": "way"
      }
    },
    {
      "type": "Feature",
      "geometry": {
        "type": "Point",
        "coordinates": [
          -157.9472321,
          21.398415
        ]
      },
      "properties": {
        "id": "osm-1428451251",
        "lat": 21.398415,
        "lon": -157.9472321,
        "name": "",
        "address": "98-456, Kaahele Street, Waimalu, Aiea, Honolulu County, Hawaii, 96701, United States",
        "neighborhood": "pearl-city",
        "source": "osm",
        "osm_id": 1428451251,
        "osm_type": "way"
      }
    },
    {
      "type": "Feature",
      "geometry": {
        "type": "Point",
        "coordinates": [
          -157.823621,
          21.2773918
        ]
      },
      "properties": {
        "id": "osm-1446470090",
        "lat": 21.2773918,
        "lon": -157.823621,
        "name": "",
        "address": "The Governor Cleghorn, 225, Ka\u02bbiulani Avenue, Waik\u012bk\u012b, Honolulu, Honolulu County, Hawaii, 96815, United States",
        "neighborhood": "waikiki",
        "source": "osm",
        "osm_id": 1446470090,
        "osm_type": "way"
      }
    },
    {
      "type": "Feature",
      "geometry": {
        "type": "Point",
        "coordinates": [
          -157.8422489,
          21.2879172
        ]
      },
      "properties": {
        "id": "osm-1447084659",
        "lat": 21.2879172,
        "lon": -157.8422489,
        "name": "",
        "address": "Waikiki Yacht Club, 1599, Ala Moana Boulevard, Ala Moana, Honolulu, Honolulu County, Hawaii, 96814, United States",
        "neighborhood": "honolulu",
        "source": "osm",
        "osm_id": 1447084659,
        "osm_type": "way"
      }
    },
    {
      "type": "Feature",
      "geometry": {
        "type": "Point",
        "coordinates": [
          -157.8304157,
          21.2844778
        ]
      },
      "properties": {
        "id": "osm-1447895826",
        "lat": 21.2844778,
        "lon": -157.8304157,
        "name": "",
        "address": "Club Wyndham Royal Garden at Waikiki, 440, \u02bbOlohana Street, Waik\u012bk\u012b, Honolulu, Honolulu County, Hawaii, 96815, United States",
        "neighborhood": "honolulu",
        "source": "osm",
        "osm_id": 1447895826,
        "osm_type": "way"
      }
    },
    {
      "type": "Feature",
      "geometry": {
        "type": "Point",
        "coordinates": [
          -157.8286648,
          21.2823509
        ]
      },
      "properties": {
        "id": "osm-1447895828",
        "lat": 21.2823509,
        "lon": -157.8286648,
        "name": "",
        "address": "411 Kaiolu Street, 411, Kaiolu Street, Waik\u012bk\u012b, Honolulu, Honolulu County, Hawaii, 96815, United States",
        "neighborhood": "honolulu",
        "source": "osm",
        "osm_id": 1447895828,
        "osm_type": "way"
      }
    },
    {
      "type": "Feature",
      "geometry": {
        "type": "Point",
        "coordinates": [
          -157.8457271,
          21.3026906
        ]
      },
      "properties": {
        "id": "osm-1447911883",
        "lat": 21.3026906,
        "lon": -157.8457271,
        "name": "",
        "address": "Goodwill, 1075, South Beretania Street, Makiki Kai, Honolulu, Honolulu County, Hawaii, 96814, United States",
        "neighborhood": "honolulu",
        "source": "osm",
        "osm_id": 1447911883,
        "osm_type": "way"
      }
    },
    {
      "type": "Feature",
      "geometry": {
        "type": "Point",
        "coordinates": [
          -158.2246131,
          21.5788369
        ]
      },
      "properties": {
        "id": "osm-1454386283",
        "lat": 21.5788369,
        "lon": -158.2246131,
        "name": "",
        "address": "YMCA Camp Erdman - Summer Camp, Farrington Highway, Mokuleia, Honolulu County, Hawaii, United States",
        "neighborhood": "unknown",
        "source": "osm",
        "osm_id": 1454386283,
        "osm_type": "way"
      }
    },
    {
      "type": "Feature",
      "geometry": {
        "type": "Point",
        "coordinates": [
          -157.8597925,
          21.307866
        ]
      },
      "properties": {
        "id": "osm-1461782864",
        "lat": 21.307866,
        "lon": -157.8597925,
        "name": "",
        "address": "YWCA Oahu (Laniakea), 1040, Richards Street, Downtown Honolulu Business Improvement District, Hawaii Capital Historic District, East Honolulu, Honolulu, Honolulu County, Hawaii, 96813, United States",
        "neighborhood": "honolulu",
        "source": "osm",
        "osm_id": 1461782864,
        "osm_type": "way"
      }
    },
    {
      "type": "Feature",
      "geometry": {
        "type": "Point",
        "coordinates": [
          -157.825538,
          21.2808128
        ]
      },
      "properties": {
        "id": "osm-1465203694",
        "lat": 21.2808128,
        "lon": -157.825538,
        "name": "",
        "address": "Nohonani Street, Waik\u012bk\u012b, Honolulu, Honolulu County, Hawaii, 96815, United States",
        "neighborhood": "honolulu",
        "source": "osm",
        "osm_id": 1465203694,
        "osm_type": "way"
      }
    },
    {
      "type": "Feature",
      "geometry": {
        "type": "Point",
        "coordinates": [
          -157.9168791,
          21.3503045
        ]
      },
      "properties": {
        "id": "osm-1470162958",
        "lat": 21.3503045,
        "lon": -157.9168791,
        "name": "",
        "address": "3424, Ala Hinalo Street, Salt Lake, Honolulu, Honolulu County, Hawaii, 96818, United States",
        "neighborhood": "salt-lake",
        "source": "osm",
        "osm_id": 1470162958,
        "osm_type": "way"
      }
    },
    {
      "type": "Feature",
      "geometry": {
        "type": "Point",
        "coordinates": [
          -157.9418758,
          21.3884096
        ]
      },
      "properties": {
        "id": "osm-1481272209",
        "lat": 21.3884096,
        "lon": -157.9418758,
        "name": "",
        "address": "Pearlridge Square, 98-288, Kaonohi Street, Waimalu, Aiea, Honolulu County, Hawaii, 96701, United States",
        "neighborhood": "pearl-city",
        "source": "osm",
        "osm_id": 1481272209,
        "osm_type": "way"
      }
    },
    {
      "type": "Feature",
      "geometry": {
        "type": "Point",
        "coordinates": [
          -157.9468783,
          21.3846178
        ]
      },
      "properties": {
        "id": "osm-1491628343",
        "lat": 21.3846178,
        "lon": -157.9468783,
        "name": "",
        "address": "Moanalua Loop, Waimalu, Aiea, Honolulu County, Hawaii, 96701, United States",
        "neighborhood": "pearl-city",
        "source": "osm",
        "osm_id": 1491628343,
        "osm_type": "way"
      }
    },
    {
      "type": "Feature",
      "geometry": {
        "type": "Point",
        "coordinates": [
          -157.8162681,
          21.2603417
        ]
      },
      "properties": {
        "id": "osm-1497378753",
        "lat": 21.2603417,
        "lon": -157.8162681,
        "name": "",
        "address": "3098, Alapali Place, East Honolulu, Honolulu, Honolulu County, Hawaii, 96815, United States",
        "neighborhood": "unknown",
        "source": "osm",
        "osm_id": 1497378753,
        "osm_type": "way"
      }
    },
    {
      "type": "Feature",
      "geometry": {
        "type": "Point",
        "coordinates": [
          -157.8176647,
          21.2578521
        ]
      },
      "properties": {
        "id": "osm-1497378778",
        "lat": 21.2578521,
        "lon": -157.8176647,
        "name": "",
        "address": "Diamond Head Road, East Honolulu, Honolulu, Honolulu County, Hawaii, 96828, United States",
        "neighborhood": "unknown",
        "source": "osm",
        "osm_id": 1497378778,
        "osm_type": "way"
      }
    },
    {
      "type": "Feature",
      "geometry": {
        "type": "Point",
        "coordinates": [
          -157.9255695,
          21.3579309
        ]
      },
      "properties": {
        "id": "osm-1498394508",
        "lat": 21.3579309,
        "lon": -157.9255695,
        "name": "",
        "address": "Bougainville Drive, \u0100liamanu, Honolulu, Honolulu County, Hawaii, 96818, United States",
        "neighborhood": "pearl-harbor",
        "source": "osm",
        "osm_id": 1498394508,
        "osm_type": "way"
      }
    }
  ]
}