id,lat,lon,name,address,neighborhood,source
osm-11171137174,21.3246543,-158.0223945,,"Keaunui Drive Road, Ewa Beach, Honolulu County, Hawaii, 96706, United States",ewa-beach,osm
osm-12865037797,21.2847579,-157.8373715,,"Pomaikai, 1804, Ala Moana Boulevard, McCully, Honolulu, Honolulu County, Hawaii, 96815, United States",honolulu,osm
osm-54057982,21.285611,-157.8248291,Dillingham Pool,"Dillingham Pool, Old Tennis Court Road, Waikīkī, Honolulu, Honolulu County, Hawaii, 96926, United States",honolulu,osm
osm-133736074,21.339045,-157.8589179,,"Bishop Drive, Kapalama, Honolulu, Honolulu County, Hawaii, 96817, United States",honolulu,osm
osm-134180417,21.2931988,-157.817492,Duke Kahanamoku Pool,"Duke Kahanamoku UH Aquatic Complex, Lower Campus Road, Moiliili, McCully, East Honolulu, Honolulu, Honolulu County, Hawaii, 96848, United States",honolulu,osm
osm-134180418,21.2935063,-157.817793,Duke Kahanamoku Pool,"Duke Kahanamoku UH Aquatic Complex, Lower Campus Road, Moiliili, McCully, East Honolulu, Honolulu, Honolulu County, Hawaii, 96848, United States",honolulu,osm
osm-155036816,21.3365257,-158.1109649,,"Ali'inui Drive, Kapolei, Honolulu County, Hawaii, 96707, United States",unknown,osm
osm-158419239,21.2868748,-157.6983399,,"Lunalilo Home Road, Marina East, East Honolulu, Honolulu, Honolulu County, Hawaii, 96825, United States",hawaii-kai,osm
osm-158419260,21.2868221,-157.698373,,"Lunalilo Home Road, Marina East, East Honolulu, Honolulu, Honolulu County, Hawaii, 96825, United States",hawaii-kai,osm
osm-158436261,21.2864431,-157.6990226,,"Lunalilo Home Road, Marina East, East Honolulu, Honolulu, Honolulu County, Hawaii, 96825, United States",hawaii-kai,osm
osm-158436262,21.2864561,-157.6988741,,"Lunalilo Home Road, Marina East, East Honolulu, Honolulu, Honolulu County, Hawaii, 96825, United States",hawaii-kai,osm
osm-158436263,21.2844451,-157.6956814,,"511, Lunalilo Home Road, Lunalilo Park Mauka, East Honolulu, Honolulu, Honolulu County, Hawaii, 96825, United States",hawaii-kai,osm
osm-158436273,21.2863347,-157.6990022,,"Lunalilo Home Road, Marina East, East Honolulu, Honolulu, Honolulu County, Hawaii, 96825, United States",hawaii-kai,osm
osm-161930089,21.3353833,-158.0860494,Hawaiian Waters Wave Pool,"Farrington Highway, Makakilo City, Kapolei, Honolulu County, Hawaii, 96707, United States",kapolei,osm
osm-170840519,21.2986458,-157.7971422,Palolo Valley Swimming Pool,"Palolo Valley Swimming Pool, Palolo Avenue, Pālolo, East Honolulu, Honolulu, Honolulu County, Hawaii, 96848, United States",kaimuki,osm
osm-186252430,21.3949779,-157.7392595,Kailua Pool,"Kailua Pool, South Kainalu Drive, Kailua, Honolulu County, Hawaii, 96735, United States",kailua,osm
osm-191767730,21.338866,-158.1257531,,"Olani Street, Kapolei, Honolulu County, Hawaii, 96707, United States",unknown,osm
osm-192388935,21.5019161,-158.2249565,,"Keaau Homesteads Road, Honolulu County, Hawaii, United States",unknown,osm
osm-205436630,21.5796728,-158.1749918,,"Laau Paina Place, Mokulē‘ia Beach Colony Condominium, Mokuleia, Honolulu County, Hawaii, 96791, United States",unknown,osm
osm-239383704,21.4179558,-158.0086549,,"Ka Uka Boulevard, Crestview, Waipahu, Honolulu County, Hawaii, 96797, United States",unknown,osm
osm-239383705,21.4181989,-158.0086564,,"Crestview, Waipahu, Honolulu County, Hawaii, 96797, United States",unknown,osm
osm-239383707,21.4184037,-158.0086564,,"Ka Uka Boulevard, Crestview, Waipahu, Honolulu County, Hawaii, 96797, United States",unknown,osm
osm-239952249,21.3911384,-157.7208144,,"Aalapapa Way, Lanikai, Kailua, Honolulu County, Hawaii, 96735, United States",kailua,osm
osm-240451156,21.3849326,-157.7527468,,"Kailua Road, Maunawili, Enchanted Lake, Kailua, Honolulu County, Hawaii, 96734, United States",kailua,osm
osm-240721520,21.2891065,-157.8398231,,"1600, Ala Moana Boulevard, Ala Moana, East Honolulu, Honolulu, Honolulu County, Hawaii, 96815, United States",honolulu,osm
osm-244434714,21.4894835,-158.0601436,Richardson Pool,"Richardson Pool, Kolekole Avenue, Waipahu, Honolulu County, Hawaii, 96957, United States",schofield-barracks,osm
osm-245567934,21.2769458,-157.8298627,Helumoa Pool,"Helumoa Pool, Kalia Road, Waikīkī, Honolulu, Honolulu County, Hawaii, 96815, United States",waikiki,osm
osm-245567938,21.2769858,-157.8307332,Infinity Edge Pool,"Infinity Edge Pool, Kalia Road, Waikīkī, Honolulu, Honolulu County, Hawaii, 96815, United States",waikiki,osm
osm-245567939,21.2775185,-157.8316391,,"Halekulani Hotel, 2199, Kalia Road, Waikīkī, Honolulu, Honolulu County, Hawaii, 96815, United States",waikiki,osm
osm-245606502,21.2902293,-157.706526,,"Hawai’i Kai Drive, Hahaione High Rise, East Honolulu, Honolulu, Honolulu County, Hawaii, 96825, United States",hawaii-kai,osm
osm-255019388,21.3513479,-157.9477764,Scott Pool,"Pearl Harbor Boulevard, Hickam, Waipahu, Honolulu County, Hawaii, 96853, United States",pearl-harbor,osm
osm-279651029,21.3453224,-157.9019887,,"Ala Napunani Street, Mapunapuna, Honolulu, Honolulu County, Hawaii, 96818, United States",unknown,osm
osm-282759644,21.3227067,-157.8635546,,"North Vineyard Boulevard, Iwilei, Honolulu, Honolulu County, Hawaii, 96817, United States",honolulu,osm
osm-282831807,21.3608361,-157.9089269,,"111, Aliamanu Drive, Red Hill, Honolulu, Honolulu County, Hawaii, 96818, United States",salt-lake,osm
osm-291021280,21.4100926,-157.7794426,,"YWCA Kokokahi, Kaneohe Bay Drive, Kokokahi, Kaneohe, Honolulu County, Hawaii, 96744, United States",unknown,osm
osm-299135511,21.278254,-157.8325895,,"Martin & MacArthur, 2169, Kalia Road, Waikīkī, East Honolulu, Honolulu, Honolulu County, Hawaii, 96815, United States",waikiki,osm
osm-302851835,21.2931612,-157.8318239,,"Citron Street, McCully, Honolulu, Honolulu County, Hawaii, 96826, United States",honolulu,osm
osm-302943996,21.276433,-157.8034483,,"Maunaloa Avenue, Kaimukī, East Honolulu, Honolulu, Honolulu County, Hawaii, 96828, United States",unknown,osm
osm-303097008,21.2922114,-157.8476797,,"Khon-2, 88, Piikoi Street, Ala Moana, East Honolulu, Honolulu, Honolulu County, Hawaii, 96814, United States",honolulu,osm
osm-303112387,21.2862286,-157.8401598,,"Holomoana Street, Ala Moana, Honolulu, Honolulu County, Hawaii, 96841, United States",honolulu,osm
osm-303113114,21.2850418,-157.8370215,,"Ala Moana Boulevard, McCully, Honolulu, Honolulu County, Hawaii, 96841, United States",honolulu,osm
osm-303711875,21.2568723,-157.7953511,,"Kaikuono Place, Black Point, Kāhala, East Honolulu, Honolulu, Honolulu County, Hawaii, 96828, United States",unknown,osm
osm-303711879,21.2592984,-157.7983658,,"Diamond Head Road, Black Point, Kāhala, East Honolulu, Honolulu, Honolulu County, Hawaii, 96828, United States",unknown,osm
osm-303711965,21.2601425,-157.79725,,"Diamond Head Road, Black Point, Kāhala, East Honolulu, Honolulu, Honolulu County, Hawaii, 96828, United States",unknown,osm
osm-303712304,21.2594318,-157.7988813,,"3817, Poka Street, Black Point, Kāhala, East Honolulu, Honolulu, Honolulu County, Hawaii, 96816, United States",unknown,osm
osm-303712353,21.2597087,-157.7989082,,"Poka Street, Black Point, Kāhala, East Honolulu, Honolulu, Honolulu County, Hawaii, 96828, United States",unknown,osm
osm-303712367,21.2599678,-157.7985074,,"Poka Street, Black Point, Kāhala, East Honolulu, Honolulu, Honolulu County, Hawaii, 96828, United States",unknown,osm
osm-303712472,21.2609789,-157.7968962,,"Diamond Head Road, Black Point, Kāhala, East Honolulu, Honolulu, Honolulu County, Hawaii, 96828, United States",unknown,osm
osm-303712583,21.2614694,-157.7976608,,"Honorary Consulate of the Czech Republic, Paikau Street, Black Point, Kāhala, East Honolulu, Honolulu, Honolulu County, Hawaii, 96828, United States",unknown,osm
osm-303712770,21.2626611,-157.7981136,,"654, Paikau Street, Black Point, Kāhala, East Honolulu, Honolulu, Honolulu County, Hawaii, 96816, United States",unknown,osm
osm-303712777,21.2627777,-157.7988399,,"301, 22nd Avenue, Black Point, Kāhala, East Honolulu, Honolulu, Honolulu County, Hawaii, 96816, United States",unknown,osm
osm-303712977,21.2625271,-157.7985672,,"22nd Avenue, Black Point, Kāhala, East Honolulu, Honolulu, Honolulu County, Hawaii, 96828, United States",unknown,osm
osm-303712978,21.262587,-157.7985688,,"22nd Avenue, Black Point, Kāhala, East Honolulu, Honolulu, Honolulu County, Hawaii, 96828, United States",unknown,osm
osm-303713129,21.2623761,-157.79737,,"Kaualio Place, Black Point, Kāhala, East Honolulu, Honolulu, Honolulu County, Hawaii, 96828, United States",unknown,osm
osm-303715346,21.2623428,-157.798254,,"Pana Place, Black Point, Kāhala, East Honolulu, Honolulu, Honolulu County, Hawaii, 96828, United States",unknown,osm
osm-303715350,21.2621043,-157.7983439,,"Pana Place, Black Point, Kāhala, East Honolulu, Honolulu, Honolulu County, Hawaii, 96828, United States",unknown,osm
osm-303717200,21.2668715,-157.8150261,,"Pualei Circle, Kaimukī, East Honolulu, Honolulu, Honolulu County, Hawaii, 96828, United States",unknown,osm
osm-303719575,21.2667835,-157.8139762,,"Pualei Circle, Kaimukī, East Honolulu, Honolulu, Honolulu County, Hawaii, 96828, United States",unknown,osm
osm-303719620,21.2656854,-157.8143328,,"Diamond Head Plaza, 3061, Pualei Circle, Kapahulu, East Honolulu, Honolulu, Honolulu County, Hawaii, 96815, United States",unknown,osm
osm-303720858,21.2662128,-157.8157423,,"Diamond Head Surf, 3824;3810, Leahi Avenue, Kapahulu, East Honolulu, Honolulu, Honolulu County, Hawaii, 96815, United States",unknown,osm
osm-303721181,21.2614518,-157.8154108,,"La Pietra Circle, East Honolulu, Honolulu, Honolulu County, Hawaii, 96828, United States",unknown,osm
osm-303721386,21.2663017,-157.8124426,,"Noela Street, Kapahulu, East Honolulu, Honolulu, Honolulu County, Hawaii, 96828, United States",unknown,osm
osm-303721388,21.2659537,-157.8123676,,"Noela Street, Kapahulu, East Honolulu, Honolulu, Honolulu County, Hawaii, 96828, United States",unknown,osm
osm-303721571,21.2653193,-157.8130352,,"Noela Street, Kapahulu, East Honolulu, Honolulu, Honolulu County, Hawaii, 96828, United States",unknown,osm
osm-303721807,21.2661802,-157.8135301,,"3880, Kanaina Avenue, Kapahulu, East Honolulu, Honolulu, Honolulu County, Hawaii, 96815, United States",unknown,osm
osm-303722152,21.2650665,-157.8144961,,"Holei Street, East Honolulu, Honolulu, Honolulu County, Hawaii, 96828, United States",unknown,osm
osm-303722718,21.2619456,-157.8164243,,"3076, La Pietra Circle, East Honolulu, Honolulu, Honolulu County, Hawaii, 96815, United States",unknown,osm
osm-303724124,21.2614716,-157.8212893,,"Kalākaua Avenue, Honolulu, Honolulu County, Hawaii, 96815, United States",unknown,osm
osm-303724342,21.2700163,-157.7767761,,"Kahala Avenue, Waialae-Kahala, Wailupe, Kāhala, East Honolulu, Honolulu, Honolulu County, Hawaii, 96821, United States",kahala,osm
osm-303726078,21.2681188,-157.7861153,,"Iiwi Street, Waialae-Kahala, Kāhala, East Honolulu, Honolulu, Honolulu County, Hawaii, 96821, United States",unknown,osm
osm-303726079,21.2665669,-157.7893764,,"Onaha Street, Waialae-Kahala, Black Point, Kāhala, East Honolulu, Honolulu, Honolulu County, Hawaii, 96821, United States",unknown,osm
osm-303726080,21.267248,-157.788945,,"Koloa Street, Waialae-Kahala, Kāhala, East Honolulu, Honolulu, Honolulu County, Hawaii, 96821, United States",unknown,osm
osm-303726081,21.2663277,-157.7882819,,"Ulili Street, Waialae-Kahala, Kāhala, East Honolulu, Honolulu, Honolulu County, Hawaii, 96821, United States",unknown,osm
osm-303726082,21.2717974,-157.8223788,,"Yoshitsune, 2586, Kalākaua Avenue, Waikīkī, Honolulu, Honolulu County, Hawaii, 96815, United States",waikiki,osm
osm-303883256,21.2916442,-157.8486124,,"Ala Moana Boulevard, Ala Moana, East Honolulu, Honolulu, Honolulu County, Hawaii, 96841, United States",honolulu,osm
osm-303883257,21.2913402,-157.8480293,,"Piikoi Street, Ala Moana, Honolulu, Honolulu County, Hawaii, 96841, United States",honolulu,osm
osm-303883258,21.2920143,-157.849711,,"Bank of Hawaii, Queen Street, Ala Moana, Honolulu, Honolulu County, Hawaii, 96841, United States",honolulu,osm
osm-303883259,21.2930184,-157.8495535,,"Queen Street, Ala Moana, Honolulu, Honolulu County, Hawaii, 96814, United States",honolulu,osm
osm-303883260,21.2967987,-157.8452122,,"Piikoi Plaza, 725, Piikoi Street, Ala Moana, East Honolulu, Honolulu, Honolulu County, Hawaii, 96814, United States",honolulu,osm
osm-304038893,21.2891076,-157.8375372,,"Hawaii Convention Center, 1801, Kalākaua Avenue, McCully, Honolulu, Honolulu County, Hawaii, 96815, United States",honolulu,osm
osm-304741645,21.2862934,-157.8277619,,"Ala Wai Plaza, 500, University Avenue, Waikīkī, East Honolulu, Honolulu, Honolulu County, Hawaii, 96826, United States",honolulu,osm
osm-304741839,21.2873683,-157.8288415,,"Marco Polo, 2333, Kapiolani Boulevard, Moiliili, McCully, Honolulu, Honolulu County, Hawaii, 96826, United States",honolulu,osm
osm-304744266,21.2890459,-157.8330929,,"Ala Wai Promenade, McCully, Honolulu, Honolulu County, Hawaii, 96926, United States",honolulu,osm
osm-304744674,21.2966759,-157.8393231,,"Liona Street, Pawaa, East Honolulu, Honolulu, Honolulu County, Hawaii, 96814, United States",honolulu,osm
osm-304744675,21.2957375,-157.8394047,,"Rycroft Terrace, 1550, Rycroft Street, Pawaa, Honolulu, Honolulu County, Hawaii, 96814, United States",honolulu,osm
osm-304745984,21.3030746,-157.8368513,,"Keeaumoku Street, Pawaa, Honolulu, Honolulu County, Hawaii, 98622, United States",honolulu,osm
osm-304950342,21.2963442,-157.8468943,,"Moana Pacific, 1288-1296, Kapiolani Boulevard, Ala Moana, Honolulu, Honolulu County, Hawaii, 96814, United States",honolulu,osm
osm-305502285,21.344623,-157.9109271,,"Ala Maile Place, Salt Lake, Honolulu, Honolulu County, Hawaii, 96818, United States",unknown,osm
osm-305502286,21.3442141,-157.9099961,,"Ala Melia Place, Salt Lake, Honolulu, Honolulu County, Hawaii, 96818, United States",unknown,osm
osm-305658089,21.3053186,-157.8463847,,"Surfview, 1018, Lunalilo Street, Makiki Kai, East Honolulu, Honolulu, Honolulu County, Hawaii, 96822, United States",honolulu,osm
osm-305658091,21.3052228,-157.8457222,,"Continental Plaza Driveway, Makiki Kai, East Honolulu, Honolulu, Honolulu County, Hawaii, 98622, United States",honolulu,osm
osm-305658306,21.3041982,-157.8461437,,"Kinau Street, Makiki Kai, Honolulu, Honolulu County, Hawaii, 96814, United States",honolulu,osm
osm-305658307,21.3082428,-157.8483437,,"Emerson Street, Makiki Kai, Honolulu, Honolulu County, Hawaii, 96843, United States",honolulu,osm
osm-305658308,21.3093888,-157.8482719,,"Emerson Street, Makiki Kai, Honolulu, Honolulu County, Hawaii, 96843, United States",honolulu,osm
osm-305658309,21.3087358,-157.849649,,"Alapai Street, Makiki Kai, Honolulu, Honolulu County, Hawaii, 96843, United States",honolulu,osm
osm-305658451,21.3136666,-157.8503712,,"Prospect Street, Makiki Kai, Honolulu, Honolulu County, Hawaii, 96843, United States",honolulu,osm
osm-305658452,21.3123488,-157.851501,,"Aleo Hale, 1619, Kamamalu Avenue, Hawaii Capital Historic District, East Honolulu, Honolulu, Honolulu County, Hawaii, 96813, United States",honolulu,osm
osm-305799914,21.3144982,-157.8091577,,"Loomis Street, Mānoa, East Honolulu, Honolulu, Honolulu County, Hawaii, 96848, United States",honolulu,osm
osm-305799915,21.3145172,-157.8088638,,"Kahaloa Drive, Mānoa, East Honolulu, Honolulu, Honolulu County, Hawaii, 96848, United States",honolulu,osm
osm-306046627,21.2958864,-157.8400797,,"Sandalwood, 910, Ahana Street, Pawaa, Honolulu, Honolulu County, Hawaii, 96814, United States",honolulu,osm
osm-306046628,21.2955696,-157.8402035,,"Rycroft Street, Pawaa, Honolulu, Honolulu County, Hawaii, 96814, United States",honolulu,osm
osm-306048721,21.3004808,-157.8301409,,"Punahou Chalet, 1521, Alexander Street, McCully, Honolulu, Honolulu County, Hawaii, 96826, United States",honolulu,osm
osm-306192416,21.3131366,-157.8554538,,"Pali Highway, Chinatown, Honolulu, Honolulu County, Hawaii, 96843, United States",honolulu,osm
osm-306192421,21.3134039,-157.8596932,,"Honolulu Park Place, 1212, Nuuanu Avenue, The Arts District, Hawaii Capital Historic District, East Honolulu, Honolulu, Honolulu County, Hawaii, 96817, United States",honolulu,osm
osm-306301536,21.3443721,-157.9126079,,"831, Ala ʻIlima Place, Salt Lake, Honolulu, Honolulu County, Hawaii, 96818, United States",unknown,osm
osm-307662645,21.2570948,-157.7998985,,"Palaoa Place, Black Point, Kāhala, East Honolulu, Honolulu, Honolulu County, Hawaii, 96828, United States",unknown,osm
osm-309255548,21.3349711,-158.0867897,Waterworld,"Waterworld, Farrington Highway, City Center, Makakilo City, Kapolei, Honolulu County, Hawaii, 96707, United States",kapolei,osm
osm-309259991,21.33637,-158.085803,,"Big Kahuna, Farrington Highway, City Center, Makakilo City, Kapolei, Honolulu County, Hawaii, 96707, United States",kapolei,osm
osm-309265526,21.335884,-158.0862764,,"Big Kahuna, Farrington Highway, Makakilo City, Kapolei, Honolulu County, Hawaii, 96707, United States",kapolei,osm
osm-311240424,21.2801402,-157.8314547,,"The Breakers Hotel, 245, Saratoga Road, Waikīkī, Honolulu, Honolulu County, Hawaii, 96815, United States",honolulu,osm
osm-311241494,21.2804065,-157.8311506,,"The Breakers Hotel, 245, Saratoga Road, Waikīkī, Honolulu, Honolulu County, Hawaii, 96815, United States",honolulu,osm
osm-311241495,21.2806689,-157.8312971,,"Saratoga Road, Waikīkī, Honolulu, Honolulu County, Hawaii, 96815, United States",honolulu,osm
osm-317242119,21.2809912,-157.8346151,Maile Pool,"Maile Pool, Kalia Road, Waikīkī, Honolulu, Honolulu County, Hawaii, 96815, United States",honolulu,osm
osm-317840239,21.3019071,-157.855993,,"Royal Capitol Plaza, 876, Curtis Street, Kaka‘ako, Honolulu, Honolulu County, Hawaii, 96813, United States",honolulu,osm
osm-320741874,21.2799797,-157.825332,,"Nahua Street, Waikīkī, Honolulu, Honolulu County, Hawaii, 96815, United States",waikiki,osm
osm-320742174,21.2798203,-157.825732,,"Nohonani Street, Waikīkī, Honolulu, Honolulu County, Hawaii, 96815, United States",waikiki,osm
osm-322072360,21.2860718,-157.8387462,,"Ala Moana Boulevard, Ala Moana, Honolulu, Honolulu County, Hawaii, 96841, United States",honolulu,osm
osm-325065154,21.3819327,-158.0216761,,"Waipahu Street, West Loch, Village Park, Waipahu, Honolulu County, Hawaii, 96797, United States",unknown,osm
osm-325501992,21.3029902,-157.836979,,"Keeaumoku Street, Pawaa, Honolulu, Honolulu County, Hawaii, 98622, United States",honolulu,osm
osm-325535244,21.3064712,-157.8742403,,"Pritchard Street, CGX, Sand Island, Honolulu, Honolulu County, Hawaii, 96819, United States",unknown,osm
osm-327492416,21.2933641,-157.8116179,,"Dole Street, Saint Louis Heights, East Honolulu, Honolulu, Honolulu County, Hawaii, 96848, United States",honolulu,osm
osm-327493891,21.2642279,-157.7824327,,"Kahala Avenue, Waialae-Kahala, Black Point, Kāhala, East Honolulu, Honolulu, Honolulu County, Hawaii, 96821, United States",unknown,osm
osm-329355492,21.314498,-157.8557163,,"Pali Highway, The Arts District, Chinatown, Honolulu, Honolulu County, Hawaii, 96843, United States",honolulu,osm
osm-329356240,21.3107402,-157.8543485,,"Punchbowl Street, Hawaii Capital Historic District, Honolulu, Honolulu County, Hawaii, 96843, United States",honolulu,osm
osm-329358832,21.3395864,-157.8405778,,"Oʻahu Country Club, 150, Country Club Road, Nuʻuanu, East Honolulu, Honolulu, Honolulu County, Hawaii, 96817, United States",honolulu,osm
osm-334764593,21.3266769,-157.8763757,,"Mc Neill Street, Kalihi Kai, Honolulu, Honolulu County, Hawaii, 96817, United States",kalihi,osm
osm-350096307,21.5355199,-158.0200735,,"Paalaa Uka Pupukea Road, Helemano Military Reservation, Honolulu County, Hawaii, 96786, United States",whitmore-village,osm
osm-359437282,21.3324388,-158.121514,,"Longboards, Mauloa Place, Kapolei, Honolulu County, Hawaii, 96707, United States",unknown,osm
osm-359437283,21.3326459,-158.1207976,,"Waipahe Place, Kapolei, Honolulu County, Hawaii, 96707, United States",unknown,osm
osm-359437284,21.3312555,-158.1218887,,"Shower (private), Waipahe Place, Kapolei, Honolulu County, Hawaii, 96707, United States",unknown,osm
osm-359437285,21.3312387,-158.1216447,,"Shower (private), Waipahe Place, Kapolei, Honolulu County, Hawaii, 96707, United States",unknown,osm
osm-364761485,21.3852527,-157.9111401,,"Halawa Heights Road, Hālawa Heights, Aiea, Honolulu County, Hawaii, 96701, United States",aiea,osm
osm-367337428,21.2907,-157.7067048,,"Hawai’i Kai Drive, Hahaione High Rise, East Honolulu, Honolulu, Honolulu County, Hawaii, 96825, United States",hawaii-kai,osm
osm-435971432,21.28197,-157.8282678,,"Mahina and Sun's, Lewers Street, Kalakaua Shopping District, Waikīkī, Honolulu, Honolulu County, Hawaii, 96815, United States",honolulu,osm
osm-440459970,21.3122409,-157.8389633,,"Roosevelt High School, Nehoa Street, Makiki, East Honolulu, Honolulu, Honolulu County, Hawaii, 98622, United States",honolulu,osm
osm-440760632,21.2781829,-157.7733385,,"Kalani High School, 4680, Kalaniana’ole Highway, Wailupe, Waialae-Kahala, East Honolulu, Honolulu, Honolulu County, Hawaii, 96821, United States",kahala,osm
osm-440906195,21.367984,-157.9569599,,"1275, Saratoga Boulevard, Waipahu, Honolulu County, Hawaii, 96818, United States",pearl-harbor,osm
osm-444338695,21.4087095,-157.8094494,Kaneohe District Park Pool,"Pookela Street, Kapunahala, Kaneohe, Honolulu County, Hawaii, 96744, United States",kaneohe,osm
osm-446693405,21.3454594,-158.0842676,,"Anipeahi Street, Makakilo City, Kapolei, Honolulu County, Hawaii, 96707, United States",kapolei,osm
osm-452021982,21.3126022,-157.859167,,"Honolulu Park Place, 1212, Nuuanu Avenue, The Arts District, Chinatown, Honolulu, Honolulu County, Hawaii, 96817, United States",honolulu,osm
osm-452622383,21.314314,-157.8555478,,"Pali Highway, The Arts District, Chinatown, Honolulu, Honolulu County, Hawaii, 96843, United States",honolulu,osm
osm-454766286,21.3022876,-157.8161046,,"Mid-Pacific Institute, Kaala Street, Lower Mānoa, Mānoa, East Honolulu, Honolulu, Honolulu County, Hawaii, 96822, United States",honolulu,osm
osm-462873178,21.37559,-157.9736423,,"Lanakila Avenue, Pearl City, Honolulu County, Hawaii, 96860, United States",waipahu,osm
osm-463284276,21.3491011,-157.8933711,,"Mahiole Street, Moanalua Gardens, Honolulu, Honolulu County, Hawaii, 96859, United States",unknown,osm
osm-468251099,21.3445766,-157.9036448,,"Ala ʻIlima Street, Salt Lake, Honolulu, Honolulu County, Hawaii, 96818, United States",unknown,osm
osm-468569106,21.4039767,-157.9305604,,"Kaahele Street, Waimalu, Waipahu, Honolulu County, Hawaii, 96701, United States",pearl-city,osm
osm-468569108,21.4041202,-157.9304964,,"Kaahele Street, Waimalu, Waipahu, Honolulu County, Hawaii, 96701, United States",pearl-city,osm
osm-468569109,21.4046505,-157.930266,,"Kaahele Street, Waimalu, Waipahu, Honolulu County, Hawaii, 96701, United States",pearl-city,osm
osm-468569111,21.4052558,-157.9308274,,"Kaahele Street, Waimalu, Waipahu, Honolulu County, Hawaii, 96701, United States",pearl-city,osm
osm-468569112,21.4039165,-157.9323069,,"Ainanui Loop, Waimalu, Waipahu, Honolulu County, Hawaii, 96701, United States",pearl-city,osm
osm-468569114,21.4045744,-157.9343704,,"Kahaea Place, Waimalu, Waipahu, Honolulu County, Hawaii, 96701, United States",pearl-city,osm
osm-468569115,21.4053027,-157.9349631,,"Ainanui Loop, Waimalu, Aiea, Honolulu County, Hawaii, 96701, United States",pearl-city,osm
osm-468569116,21.3997576,-157.9366701,,"Kaahele Street, Waimalu, Aiea, Honolulu County, Hawaii, 96701, United States",pearl-city,osm
osm-468569117,21.398583,-157.9368687,,"Kuini Street, Waimalu, Waipahu, Honolulu County, Hawaii, 96701, United States",pearl-city,osm
osm-468569118,21.4003787,-157.9416799,,"Nohoalii Street, Waimalu, Waipahu, Honolulu County, Hawaii, 96701, United States",pearl-city,osm
osm-468569120,21.3998528,-157.9415628,,"Kaahele Street, Waimalu, Waipahu, Honolulu County, Hawaii, 96701, United States",pearl-city,osm
osm-468569121,21.3986675,-157.9403974,,"Aloalii Street, Waimalu, Waipahu, Honolulu County, Hawaii, 96701, United States",pearl-city,osm
osm-468569122,21.3986079,-157.9413275,,"Nohoalii Street, Waimalu, Waipahu, Honolulu County, Hawaii, 96701, United States",pearl-city,osm
osm-468569124,21.3981723,-157.9471109,,"98-456, Kaahele Street, Waimalu, Aiea, Honolulu County, Hawaii, 96701, United States",pearl-city,osm
osm-468569125,21.3993399,-157.9783479,,"Acacia Road, Pearl Highlands, Pearl City, Honolulu County, Hawaii, 96782, United States",pearl-city,osm
osm-469560073,21.2819031,-157.8379231,Keiki Pool,"Hau Tree Bar, 2005, Kalia Road, Waikīkī, Honolulu, Honolulu County, Hawaii, 96815, United States",honolulu,osm
osm-469560074,21.281957,-157.8376878,Super Pool,"Super Pool, Duke Kahanamoku Lagoon Boardwalk, Waikīkī, Honolulu, Honolulu County, Hawaii, 96830, United States",honolulu,osm
osm-477288589,21.6405666,-157.9233587,,"Brigham Young University Hawaii, Kulanui Street, Laie, Honolulu County, Hawaii, 96762, United States",laie,osm
osm-480330678,21.3059206,-157.8272913,,"Ahualani Place, Lower Mānoa, Makiki, Honolulu, Honolulu County, Hawaii, 96822, United States",honolulu,osm
osm-480330680,21.3056101,-157.826562,,"2082, Ahualani Place, Lower Mānoa, Makiki, East Honolulu, Honolulu, Honolulu County, Hawaii, 96822, United States",honolulu,osm
osm-480330681,21.3057852,-157.8263016,,"Manoa Road, Lower Mānoa, Makiki, Honolulu, Honolulu County, Hawaii, 96822, United States",honolulu,osm
osm-480330682,21.307664,-157.8261483,,"1892, Judd Hillside Road, Lower Mānoa, Makiki, East Honolulu, Honolulu, Honolulu County, Hawaii, 96822, United States",honolulu,osm
osm-480330683,21.3072408,-157.826208,,"Judd Hillside Road, Lower Mānoa, Makiki, Honolulu, Honolulu County, Hawaii, 96822, United States",honolulu,osm
osm-480330686,21.3055586,-157.8270902,,"2056, Manoa Road, Lower Mānoa, Makiki, East Honolulu, Honolulu, Honolulu County, Hawaii, 96822, United States",honolulu,osm
osm-480330687,21.3072108,-157.8258051,,"J.P. Mendonca Residence, 1942, Judd Hillside Road, Lower Mānoa, Makiki, East Honolulu, Honolulu, Honolulu County, Hawaii, 96822, United States",honolulu,osm
osm-480330688,21.3065493,-157.8266458,,"Judd Hillside Road, Lower Mānoa, Makiki, Honolulu, Honolulu County, Hawaii, 96822, United States",honolulu,osm
osm-480330689,21.3070006,-157.8279357,,"Ualakaa Street, Lower Mānoa, Makiki, Honolulu, Honolulu County, Hawaii, 96822, United States",honolulu,osm
osm-480330690,21.3067704,-157.8276045,,"Alihilani Place, Lower Mānoa, Makiki, Honolulu, Honolulu County, Hawaii, 96822, United States",honolulu,osm
osm-480330691,21.3069645,-157.8264407,,"Judd Hillside Road, Lower Mānoa, Makiki, Honolulu, Honolulu County, Hawaii, 96822, United States",honolulu,osm
osm-480330692,21.3066039,-157.8270888,,"Judd Hillside Road, Lower Mānoa, Makiki, Honolulu, Honolulu County, Hawaii, 96822, United States",honolulu,osm
osm-480330693,21.3073111,-157.8272103,,"2047, Ualakaa Street, Makiki, East Honolulu, Honolulu, Honolulu County, Hawaii, 96822, United States",honolulu,osm
osm-480330694,21.3076567,-157.8271699,,"Puualii Place, Lower Mānoa, Makiki, Honolulu, Honolulu County, Hawaii, 96822, United States",honolulu,osm
osm-480330695,21.3073931,-157.8265192,,"Judd Hillside Road, Lower Mānoa, Makiki, Honolulu, Honolulu County, Hawaii, 96822, United States",honolulu,osm
osm-480330696,21.3077457,-157.8265314,,"1892, Judd Hillside Road, Lower Mānoa, Makiki, Honolulu, Honolulu County, Hawaii, 96822, United States",honolulu,osm
osm-480330697,21.3076159,-157.825895,,"Puualii Place, Lower Mānoa, Makiki, Honolulu, Honolulu County, Hawaii, 96822, United States",honolulu,osm
osm-480330702,21.3083163,-157.8259876,,"2140, Puualii Place, Lower Mānoa, Makiki, Honolulu, Honolulu County, Hawaii, 96822, United States",honolulu,osm
osm-480331846,21.3086049,-157.8250858,,"Aina Lani Way, Lower Mānoa, Makiki, Honolulu, Honolulu County, Hawaii, 96822, United States",honolulu,osm
osm-480331847,21.3088945,-157.8254306,,"Aina Lani Way, Lower Mānoa, Makiki, Honolulu, Honolulu County, Hawaii, 96822, United States",honolulu,osm
osm-480331848,21.3088074,-157.8257357,,"Aina Lani Way, Lower Mānoa, Makiki, Honolulu, Honolulu County, Hawaii, 96822, United States",honolulu,osm
osm-480331849,21.3090376,-157.8256834,,"Aina Lani Way, Lower Mānoa, Makiki, Honolulu, Honolulu County, Hawaii, 96822, United States",honolulu,osm
osm-480331850,21.3096843,-157.827068,,"Round Top Drive, Lower Mānoa, Mānoa, East Honolulu, Honolulu, Honolulu County, Hawaii, 96822, United States",honolulu,osm
osm-480331855,21.3106991,-157.8288409,,"Round Top Drive, Lower Mānoa, Mānoa, East Honolulu, Honolulu, Honolulu County, Hawaii, 96822, United States",honolulu,osm
osm-481145147,21.3082322,-157.8246985,,"Sonoma Street, Lower Mānoa, Makiki, Honolulu, Honolulu County, Hawaii, 96822, United States",honolulu,osm
osm-481145150,21.3073851,-157.8250951,,"1950, Judd Hillside Road, Lower Mānoa, Makiki, East Honolulu, Honolulu, Honolulu County, Hawaii, 96822, United States",honolulu,osm
osm-481145154,21.3064319,-157.8258677,,"Judd Hillside Road, Lower Mānoa, Makiki, Honolulu, Honolulu County, Hawaii, 96822, United States",honolulu,osm
osm-481145155,21.3066952,-157.8248668,,"Judd Hillside Road, Lower Mānoa, Makiki, Honolulu, Honolulu County, Hawaii, 96822, United States",honolulu,osm
osm-481145156,21.306747,-157.8243632,,"1990 A, Judd Hillside Road, Lower Mānoa, Makiki, East Honolulu, Honolulu, Honolulu County, Hawaii, 96822, United States",honolulu,osm
osm-481145159,21.3089707,-157.8250909,,"Aina Lani Way, Lower Mānoa, Makiki, Honolulu, Honolulu County, Hawaii, 96822, United States",honolulu,osm
osm-481145165,21.3112577,-157.826906,,"Aina Lani Place, Lower Mānoa, Makiki, Honolulu, Honolulu County, Hawaii, 96822, United States",honolulu,osm
osm-481145166,21.3114518,-157.8267732,,"2757, Round Top Drive, Makiki, East Honolulu, Honolulu, Honolulu County, Hawaii, 96822, United States",honolulu,osm
osm-481145193,21.3092995,-157.8264349,,"Mamane Place, Lower Mānoa, Makiki, Honolulu, Honolulu County, Hawaii, 96822, United States",honolulu,osm
osm-481145197,21.3086324,-157.8263186,,"Mamane Place, Lower Mānoa, Makiki, Honolulu, Honolulu County, Hawaii, 96822, United States",honolulu,osm
osm-481145201,21.3086715,-157.8268407,,"Mamane Place, Lower Mānoa, Makiki, Honolulu, Honolulu County, Hawaii, 96822, United States",honolulu,osm
osm-481145202,21.3084325,-157.8270856,,"2305, Round Top Drive, Makiki, East Honolulu, Honolulu, Honolulu County, Hawaii, 96822, United States",honolulu,osm
osm-481145204,21.3091179,-157.8268281,,"2308, Mamane Place, Makiki, East Honolulu, Honolulu, Honolulu County, Hawaii, 96822, United States",honolulu,osm
osm-481145205,21.3091618,-157.8267341,,"Round Top Drive, Lower Mānoa, Mānoa, East Honolulu, Honolulu, Honolulu County, Hawaii, 96822, United States",honolulu,osm
osm-481145206,21.3095122,-157.8268459,,"Round Top Drive, Lower Mānoa, Mānoa, East Honolulu, Honolulu, Honolulu County, Hawaii, 96822, United States",honolulu,osm
osm-481856052,21.312813,-157.8317136,,"Irvine Paris Residence, 2475, Makiki Heights Drive, Makiki, East Honolulu, Honolulu, Honolulu County, Hawaii, 96822, United States",honolulu,osm
osm-481856053,21.31342,-157.8318563,,"Makiki Heights Drive, Makiki, Honolulu, Honolulu County, Hawaii, 98622, United States",honolulu,osm
osm-481888269,21.3062652,-157.8276075,,"Alihilani Place, Lower Mānoa, Makiki, Honolulu, Honolulu County, Hawaii, 96822, United States",honolulu,osm
osm-481888270,21.3061668,-157.8277728,,"Alihilani Place, Lower Mānoa, Makiki, Honolulu, Honolulu County, Hawaii, 96822, United States",honolulu,osm
osm-481888297,21.3066375,-157.8246749,,"Judd Hillside Road, Lower Mānoa, Makiki, Honolulu, Honolulu County, Hawaii, 96822, United States",honolulu,osm
osm-481888306,21.3083163,-157.8278897,,"2072, Makiki Place, Lower Mānoa, Makiki, Honolulu, Honolulu County, Hawaii, 96822, United States",honolulu,osm
osm-482364155,21.3098219,-157.8280657,,"2222, Round Top Drive, Makiki, East Honolulu, Honolulu, Honolulu County, Hawaii, 96822, United States",honolulu,osm
osm-482364160,21.3099826,-157.827122,,"2323, Aina Lani Place, Makiki, East Honolulu, Honolulu, Honolulu County, Hawaii, 96822, United States",honolulu,osm
osm-482364851,21.3100743,-157.8321196,,"2121, Keeaumoku Place, Makiki, East Honolulu, Honolulu, Honolulu County, Hawaii, 96822, United States",honolulu,osm
osm-482368023,21.3089454,-157.8293094,,"Round Top Terrace, Makiki, Honolulu, Honolulu County, Hawaii, 96822, United States",honolulu,osm
osm-482368025,21.3118551,-157.8325844,,"Makiki Heights Drive, Makiki, Honolulu, Honolulu County, Hawaii, 98622, United States",honolulu,osm
osm-482372998,21.3129268,-157.8327488,,"Makiki Heights Drive, Makiki, Honolulu, Honolulu County, Hawaii, 98622, United States",honolulu,osm
osm-482372999,21.312403,-157.8317378,,"Makiki Heights Drive, Makiki, Honolulu, Honolulu County, Hawaii, 98622, United States",honolulu,osm
osm-482373012,21.3151101,-157.8321902,,"Tantalus Drive, Pacific Heights, East Honolulu, Honolulu, Honolulu County, Hawaii, 96822, United States",honolulu,osm
osm-482373013,21.3142811,-157.8329142,,"Makiki Heights Drive, Makiki, Honolulu, Honolulu County, Hawaii, 98622, United States",honolulu,osm
osm-482373014,21.3143342,-157.8331838,,"2566, Makiki Heights Drive, Makiki, East Honolulu, Honolulu, Honolulu County, Hawaii, 96822, United States",honolulu,osm
osm-482373015,21.3144002,-157.8334995,,"Makiki Heights Drive, Makiki, Honolulu, Honolulu County, Hawaii, 98622, United States",honolulu,osm
osm-482373018,21.3146085,-157.8337466,,"2131, Pililani Place, Makiki, East Honolulu, Honolulu, Honolulu County, Hawaii, 96822, United States",honolulu,osm
osm-482373019,21.3149188,-157.833472,,"Makiki Heights Drive, Makiki, Honolulu, Honolulu County, Hawaii, 98622, United States",honolulu,osm
osm-482373020,21.3151788,-157.8335867,,"2566, Makiki Heights Drive, Makiki, East Honolulu, Honolulu, Honolulu County, Hawaii, 96822, United States",honolulu,osm
osm-482373021,21.3154018,-157.833405,,"Makiki Heights Drive, Makiki, Honolulu, Honolulu County, Hawaii, 98622, United States",honolulu,osm
osm-483117947,21.3064459,-157.8274379,,"Alihilani Place, Lower Mānoa, Makiki, Honolulu, Honolulu County, Hawaii, 96822, United States",honolulu,osm
osm-483118754,21.3222393,-157.8159225,,"Round Top Drive, Lower Mānoa, Mānoa, East Honolulu, Honolulu, Honolulu County, Hawaii, 96822, United States",honolulu,osm
osm-483123354,21.3229884,-157.8148461,,"Round Top Drive, Lower Mānoa, Mānoa, East Honolulu, Honolulu, Honolulu County, Hawaii, 96822, United States",honolulu,osm
osm-483274784,21.3154681,-157.8309494,,"2679, Tantalus Drive, Makiki, East Honolulu, Honolulu, Honolulu County, Hawaii, 96813, United States",honolulu,osm
osm-486891891,21.3238186,-157.8312184,,"Tantalus Drive, Pacific Heights, East Honolulu, Honolulu, Honolulu County, Hawaii, 96822, United States",honolulu,osm
osm-486914743,21.3169306,-157.8333841,,"Aaliamanu Place, Makiki, Honolulu, Honolulu County, Hawaii, 98622, United States",honolulu,osm
osm-486915978,21.3189925,-157.8149093,,"Round Top Drive, Lower Mānoa, Mānoa, East Honolulu, Honolulu, Honolulu County, Hawaii, 96822, United States",honolulu,osm
osm-487541438,21.3066644,-157.8288401,,"Ualakaa Street, Lower Mānoa, Makiki, Honolulu, Honolulu County, Hawaii, 96822, United States",honolulu,osm
osm-487547672,21.306619,-157.8467276,,"Thurston Avenue, Makiki Kai, Honolulu, Honolulu County, Hawaii, 98622, United States",honolulu,osm
osm-487547676,21.3041329,-157.8383678,,"Kewalo Terrace, 1525, Kewalo Street, Makiki, East Honolulu, Honolulu, Honolulu County, Hawaii, 96822, United States",honolulu,osm
osm-487547681,21.303561,-157.8387292,,"Kewalo Street, Makiki, Honolulu, Honolulu County, Hawaii, 98622, United States",honolulu,osm
osm-487547682,21.3037308,-157.8387508,,"Kewalo Street, Makiki, Honolulu, Honolulu County, Hawaii, 98622, United States",honolulu,osm
osm-487547695,21.3059321,-157.8391629,,"Biki, Wilder Avenue, Makiki, East Honolulu, Honolulu, Honolulu County, Hawaii, 98622, United States",honolulu,osm
osm-487555004,21.3076789,-157.8468107,,"Prospect Street, Makiki Kai, Honolulu, Honolulu County, Hawaii, 98622, United States",honolulu,osm
osm-487555026,21.3096098,-157.8493095,,"Prospect Street, Makiki Kai, Honolulu, Honolulu County, Hawaii, 96843, United States",honolulu,osm
osm-487555039,21.3067609,-157.8352889,,"Mokulani Apts, 1716, Keeaumoku Street, Makiki, Honolulu, Honolulu County, Hawaii, 96822, United States",honolulu,osm
osm-487555042,21.3069166,-157.8382963,,"130, Liholiho Street, Makiki, Honolulu, Honolulu County, Hawaii, 96822, United States",honolulu,osm
osm-487555043,21.3055138,-157.8366843,,"1330 Wilder, 1330, Wilder Avenue, Makiki, Honolulu, Honolulu County, Hawaii, 96822, United States",honolulu,osm
osm-487555046,21.3048705,-157.8344804,,"Consulate, 1634, Makiki Street, Makiki, Honolulu, Honolulu County, Hawaii, 96822, United States",honolulu,osm
osm-487555051,21.3046764,-157.8347109,,"Punahou Terrace, 1630, Makiki Street, Makiki, Honolulu, Honolulu County, Hawaii, 96822, United States",honolulu,osm
osm-487609413,21.3077106,-157.8367449,,"Mott-Smith Laniloa, 1717, Mott Smith Drive, Makiki, Honolulu, Honolulu County, Hawaii, 96822, United States",honolulu,osm
osm-487609414,21.3089347,-157.8355005,,"1250, Nehoa Street, Makiki, East Honolulu, Honolulu, Honolulu County, Hawaii, 96822, United States",honolulu,osm
osm-487882465,21.2885702,-157.8399501,,"1600, Ala Moana Boulevard, Ala Moana, East Honolulu, Honolulu, Honolulu County, Hawaii, 96815, United States",honolulu,osm
osm-488185495,21.3163871,-157.8537035,,"Hialoa Street, Chinatown, Honolulu, Honolulu County, Hawaii, 96817, United States",honolulu,osm
osm-488185504,21.3048795,-157.8445663,,"1400, Lunalilo Street, Makiki Kai, East Honolulu, Honolulu, Honolulu County, Hawaii, 96822, United States",honolulu,osm
osm-488191234,21.3055923,-157.8314324,,"Poki Street, Makiki, Honolulu, Honolulu County, Hawaii, 96822, United States",honolulu,osm
osm-488194567,21.3102955,-157.8338868,,"Mauna Place, Makiki, Honolulu, Honolulu County, Hawaii, 98622, United States",honolulu,osm
osm-488194568,21.3105401,-157.8328805,,"Hoalu Place, Makiki, Honolulu, Honolulu County, Hawaii, 98622, United States",honolulu,osm
osm-488194572,21.3098745,-157.8342594,,"Mauna Place, Makiki, Honolulu, Honolulu County, Hawaii, 98622, United States",honolulu,osm
osm-488194576,21.3062105,-157.8352441,,"Makiki Regent, 1333, Heulu Street, Makiki, East Honolulu, Honolulu, Honolulu County, Hawaii, 96822, United States",honolulu,osm
osm-488194593,21.3060142,-157.8341844,,"Rainbow Properties, 1422, Heulu Street, Makiki, East Honolulu, Honolulu, Honolulu County, Hawaii, 96822, United States",honolulu,osm
osm-488194595,21.3055121,-157.8336119,,"Makiki Street, Makiki, Honolulu, Honolulu County, Hawaii, 96822, United States",honolulu,osm
osm-488194596,21.3054346,-157.8340812,,"Heulu Street, Makiki, Honolulu, Honolulu County, Hawaii, 98622, United States",honolulu,osm
osm-488194612,21.3071804,-157.8367482,,"1251 Heulu, 1251, Heulu Street, Makiki, East Honolulu, Honolulu, Honolulu County, Hawaii, 96822, United States",honolulu,osm
osm-488194614,21.3068568,-157.8401226,,"Makiki Manor, 1130, Wilder Avenue, Makiki Kai, Honolulu, Honolulu County, Hawaii, 96822, United States",honolulu,osm
osm-488194617,21.3066378,-157.8394202,,"Makikian, 1190, Wilder Avenue, Makiki Kai, Honolulu, Honolulu County, Hawaii, 96822, United States",honolulu,osm
osm-488194619,21.3054517,-157.8422699,,"Hassinger Street, Makiki Kai, Honolulu, Honolulu County, Hawaii, 98622, United States",honolulu,osm
osm-488194620,21.3040241,-157.8413248,,"Piikoi Street, Makiki Kai, Honolulu, Honolulu County, Hawaii, 98622, United States",honolulu,osm
osm-488197996,21.3030487,-157.8392306,,"Lunalilo Street, Pawaa, Honolulu, Honolulu County, Hawaii, 98622, United States",honolulu,osm
osm-488199603,21.2836997,-157.8389461,,"Kahanamoku Street, McCully, Honolulu, Honolulu County, Hawaii, 96841, United States",honolulu,osm
osm-488540492,21.3061851,-157.8298062,,"Ualakaa Street, Lower Mānoa, Makiki, Honolulu, Honolulu County, Hawaii, 96822, United States",honolulu,osm
osm-488540511,21.3066982,-157.8305934,,"1930 A, Ualakaa Street, Makiki, East Honolulu, Honolulu, Honolulu County, Hawaii, 96822, United States",honolulu,osm
osm-488540527,21.3069833,-157.8297895,,"Ualakaa Place, Makiki, Honolulu, Honolulu County, Hawaii, 96822, United States",honolulu,osm
osm-488540528,21.3072963,-157.8301982,,"1944 D, Ualakaa Street, Makiki, East Honolulu, Honolulu, Honolulu County, Hawaii, 96822, United States",honolulu,osm
osm-488552098,21.3075477,-157.8282314,,"Haiki Place, Lower Mānoa, Makiki, Honolulu, Honolulu County, Hawaii, 96822, United States",honolulu,osm
osm-488552099,21.3074486,-157.8278416,,"Ualakaa Street, Lower Mānoa, Makiki, Honolulu, Honolulu County, Hawaii, 96822, United States",honolulu,osm
osm-488552100,21.3074647,-157.8280323,,"Ualakaa Street, Lower Mānoa, Makiki, Honolulu, Honolulu County, Hawaii, 96822, United States",honolulu,osm
osm-488795884,21.3097079,-157.8299096,,"2035, Round Top Drive, Makiki, East Honolulu, Honolulu, Honolulu County, Hawaii, 96822, United States",honolulu,osm
osm-488812698,21.3014632,-157.8233738,,"Hunnewell Street, Lower Mānoa, Makiki, Honolulu, Honolulu County, Hawaii, 96822, United States",honolulu,osm
osm-488812738,21.3037945,-157.8232817,,"Haena Drive, Lower Mānoa, Makiki, Honolulu, Honolulu County, Hawaii, 96822, United States",honolulu,osm
osm-488823458,21.3073954,-157.8289644,,"Haiki Place, Lower Mānoa, Makiki, Honolulu, Honolulu County, Hawaii, 96822, United States",honolulu,osm
osm-488823477,21.3073143,-157.8286759,,"Ualakaa Street, Lower Mānoa, Makiki, Honolulu, Honolulu County, Hawaii, 96822, United States",honolulu,osm
osm-488832427,21.3079326,-157.8284733,,"Haiki Place, Lower Mānoa, Makiki, Honolulu, Honolulu County, Hawaii, 96822, United States",honolulu,osm
osm-488832451,21.3091263,-157.8347187,,"Nehoa Place, Makiki, Honolulu, Honolulu County, Hawaii, 98622, United States",honolulu,osm
osm-488838029,21.3037015,-157.8336268,,"Wilder Avenue, Makiki, Honolulu, Honolulu County, Hawaii, 98622, United States",honolulu,osm
osm-488838076,21.3044472,-157.8351442,Makiki Towers pool,"Makiki Towers pool, Wilder Avenue, Makiki, East Honolulu, Honolulu, Honolulu County, Hawaii, 98622, United States",honolulu,osm
osm-488841509,21.3068884,-157.8359051,,"Makiki Royal, 1310, Heulu Street, Makiki, Honolulu, Honolulu County, Hawaii, 96822, United States",honolulu,osm
osm-489210261,21.3090128,-157.8358243,,"Nehoa Street, Makiki, Honolulu, Honolulu County, Hawaii, 98622, United States",honolulu,osm
osm-489210287,21.3090089,-157.8377234,,"Clio Street, Makiki, Honolulu, Honolulu County, Hawaii, 98622, United States",honolulu,osm
osm-489915303,21.307829,-157.8288916,,"2299C, Haiki Place, Makiki, East Honolulu, Honolulu, Honolulu County, Hawaii, 96822, United States",honolulu,osm
osm-489982367,21.3028405,-157.8356165,,"Makiki Street, Makiki, Honolulu, Honolulu County, Hawaii, 98622, United States",honolulu,osm
osm-489982379,21.30296,-157.8344652,,"Punahou Cliffs, 1525, Wilder Avenue, Makiki, East Honolulu, Honolulu, Honolulu County, Hawaii, 96822, United States",honolulu,osm
osm-489982382,21.3012732,-157.833084,,"Clark Street, McCully, East Honolulu, Honolulu, Honolulu County, Hawaii, 96822, United States",honolulu,osm
osm-490277983,21.3111658,-157.8283929,,"Round Top Drive, Lower Mānoa, Mānoa, East Honolulu, Honolulu, Honolulu County, Hawaii, 96822, United States",honolulu,osm
osm-490286758,21.2995074,-157.8366249,,"South Beretania Street, Pawaa, Honolulu, Honolulu County, Hawaii, 96814, United States",honolulu,osm
osm-490304037,21.297937,-157.8321487,,"Alexander Street, McCully, Honolulu, Honolulu County, Hawaii, 96826, United States",honolulu,osm
osm-490304038,21.29833,-157.8327555,,"South Beretania Street, McCully, Honolulu, Honolulu County, Hawaii, 96826, United States",honolulu,osm
osm-490304040,21.3000342,-157.8309765,,"Tiare Apts, 1735, Dole Street, McCully, East Honolulu, Honolulu, Honolulu County, Hawaii, 96826, United States",honolulu,osm
osm-490304042,21.3019704,-157.831808,,"Spreckels Street, Makiki, East Honolulu, Honolulu, Honolulu County, Hawaii, 96822, United States",honolulu,osm
osm-490412581,21.3076834,-157.8480156,,"Ward Avenue, Makiki Kai, Honolulu, Honolulu County, Hawaii, 96843, United States",honolulu,osm
osm-490412593,21.3097264,-157.8500869,,"Iolani Avenue, Makiki Kai, Honolulu, Honolulu County, Hawaii, 96843, United States",honolulu,osm
osm-490412594,21.3101738,-157.8514371,,"Miller Street, Hawaii Capital Historic District, Honolulu, Honolulu County, Hawaii, 96843, United States",honolulu,osm
osm-490412595,21.3070496,-157.8484169,,"Green Street, Makiki Kai, Honolulu, Honolulu County, Hawaii, 96843, United States",honolulu,osm
osm-490412598,21.3064058,-157.846219,,"Thurston Avenue, Makiki Kai, Honolulu, Honolulu County, Hawaii, 98622, United States",honolulu,osm
osm-490412610,21.3070579,-157.8459916,,"Victoria Mansion, 1456, Thurston Avenue, Makiki Kai, East Honolulu, Honolulu, Honolulu County, Hawaii, 96822, United States",honolulu,osm
osm-490412616,21.3053672,-157.8445468,,"Green Street, Makiki Kai, Honolulu, Honolulu County, Hawaii, 98622, United States",honolulu,osm
osm-490415167,21.3086872,-157.8433465,,"Wilder Avenue, Makiki Kai, Honolulu, Honolulu County, Hawaii, 98622, United States",honolulu,osm
osm-490415168,21.3091279,-157.842724,,"1001 Wilder, 1001, Wilder Avenue, Makiki Kai, East Honolulu, Honolulu, Honolulu County, Hawaii, 96822, United States",honolulu,osm
osm-490415170,21.3093774,-157.8417602,,"1151, Prospect Place, Makiki Kai, Honolulu, Honolulu County, Hawaii, 96822, United States",honolulu,osm
osm-490415173,21.3099717,-157.845143,,"Royal Vista, 1022 Prospect, 1022, Prospect Street, Makiki Kai, Honolulu, Honolulu County, Hawaii, 96822, United States",honolulu,osm
osm-490415175,21.30779,-157.8425358,,"1015 Wilder, 1015, Wilder Avenue, Makiki Kai, East Honolulu, Honolulu, Honolulu County, Hawaii, 96822, United States",honolulu,osm
osm-490423409,21.2887895,-157.8241599,,"Terrace Towers, 2440, Date Street, Moiliili, McCully, Honolulu, Honolulu County, Hawaii, 96826, United States",honolulu,osm
osm-490838028,21.3058317,-157.8408485,,"Piikoi Tower, 1556, Piikoi Street, Makiki Kai, East Honolulu, Honolulu, Honolulu County, Hawaii, 96822, United States",honolulu,osm
osm-490838030,21.306552,-157.841484,,"Penascola Bike Path, Makiki Kai, Honolulu, Honolulu County, Hawaii, 96814, United States",honolulu,osm
osm-490838044,21.3073379,-157.8399569,,"Piikoi Street, Makiki, Honolulu, Honolulu County, Hawaii, 98622, United States",honolulu,osm
osm-490838051,21.3073237,-157.8362073,,"Hale O Kalani Towers, 1702, Kewalo Street, Makiki, East Honolulu, Honolulu, Honolulu County, Hawaii, 96822, United States",honolulu,osm
osm-490838099,21.3074851,-157.8388362,,"1600, Mott Smith Drive, Makiki, East Honolulu, Honolulu, Honolulu County, Hawaii, 96822, United States",honolulu,osm
osm-490843907,21.3054905,-157.8494649,,"Freeland Place, Makiki Kai, Honolulu, Honolulu County, Hawaii, 96843, United States",honolulu,osm
osm-490843911,21.304852,-157.8482006,,"1314, Victoria Street, Makiki Kai, East Honolulu, Honolulu, Honolulu County, Hawaii, 96814, United States",honolulu,osm
osm-490844065,21.3037725,-157.8474131,,"Kinau Street, Makiki Kai, Honolulu, Honolulu County, Hawaii, 96814, United States",honolulu,osm
osm-493133997,21.3036317,-157.8249662,,"2013, Kakela Drive, Lower Mānoa, Makiki, East Honolulu, Honolulu, Honolulu County, Hawaii, 96822, United States",honolulu,osm
osm-493519974,21.3032466,-157.8248816,,"Kakela Drive, Lower Mānoa, Makiki, Honolulu, Honolulu County, Hawaii, 96822, United States",honolulu,osm
osm-493542423,21.3065734,-157.8410338,,"Piikoi Place, Makiki Kai, Honolulu, Honolulu County, Hawaii, 98622, United States",honolulu,osm
osm-493542428,21.3070037,-157.8412683,,"1111 Wilder, 1111, Wilder Avenue, Makiki Kai, East Honolulu, Honolulu, Honolulu County, Hawaii, 96822, United States",honolulu,osm
osm-493542430,21.3072322,-157.8409456,,"Wilder Avenue, Makiki Kai, Honolulu, Honolulu County, Hawaii, 98622, United States",honolulu,osm
osm-493542436,21.3060726,-157.8356212,,"Princess Kealoha, 1333, Heulu Street, Makiki, East Honolulu, Honolulu, Honolulu County, Hawaii, 96822, United States",honolulu,osm
osm-493542454,21.3046503,-157.8317479,,"Dominis Street, Makiki, Honolulu, Honolulu County, Hawaii, 96822, United States",honolulu,osm
osm-493743084,21.2940558,-157.8377231,,"Kanunu Street, Pawaa, Honolulu, Honolulu County, Hawaii, 96841, United States",honolulu,osm
osm-493780448,21.289021,-157.8270735,,"Isenberg Street, Moiliili, McCully, Honolulu, Honolulu County, Hawaii, 96926, United States",honolulu,osm
osm-493780453,21.2909777,-157.8271519,,"Scenic Tower, 796, Isenberg Street, Moiliili, McCully, East Honolulu, Honolulu, Honolulu County, Hawaii, 96826, United States",honolulu,osm
osm-493807885,21.2963938,-157.8394763,,"Belvedere, 929, Ahana Street, Pawaa, Honolulu, Honolulu County, Hawaii, 96814, United States",honolulu,osm
osm-493807887,21.2962159,-157.8390536,,"Bishop Manor, 920, Kaheka Street, Pawaa, East Honolulu, Honolulu, Honolulu County, Hawaii, 96814, United States",honolulu,osm
osm-494025164,21.2945226,-157.8408114,,"780, Amana Street, Pawaa, Honolulu, Honolulu County, Hawaii, 96814, United States",honolulu,osm
osm-494546090,21.2674258,-157.8125092,,"3824, Diamond Head Circle, Kapahulu, East Honolulu, Honolulu, Honolulu County, Hawaii, 96815, United States",unknown,osm
osm-494546091,21.2675028,-157.8133616,,"Kanaina Avenue, Kapahulu, East Honolulu, Honolulu, Honolulu County, Hawaii, 96828, United States",unknown,osm
osm-494546092,21.2677117,-157.8132336,,"Kanaina Avenue, Kapahulu, East Honolulu, Honolulu, Honolulu County, Hawaii, 96828, United States",unknown,osm
osm-494546093,21.2680177,-157.8131812,,"Diamond Head Sands, 3721, Kanaina Avenue, Kapahulu, East Honolulu, Honolulu, Honolulu County, Hawaii, 96815, United States",unknown,osm
osm-494546094,21.2684989,-157.812896,,"Diamond Head Circle, Kapahulu, East Honolulu, Honolulu, Honolulu County, Hawaii, 96828, United States",unknown,osm
osm-494546095,21.2681477,-157.8120154,,"Diamond Head Circle, Kapahulu, East Honolulu, Honolulu, Honolulu County, Hawaii, 96828, United States",unknown,osm
osm-494546096,21.2680519,-157.8124985,,"Diamond Head Circle, Kapahulu, East Honolulu, Honolulu, Honolulu County, Hawaii, 96828, United States",unknown,osm
osm-494546097,21.2682038,-157.8114286,,"Diamond Head Circle, Kapahulu, East Honolulu, Honolulu, Honolulu County, Hawaii, 96828, United States",unknown,osm
osm-494546100,21.2665213,-157.8116318,,"3791, Diamond Head Circle, Kapahulu, East Honolulu, Honolulu, Honolulu County, Hawaii, 96815, United States",unknown,osm
osm-494546101,21.2674242,-157.8107708,,"Diamond Head Circle, Kapahulu, East Honolulu, Honolulu, Honolulu County, Hawaii, 96828, United States",unknown,osm
osm-494546102,21.2678685,-157.8103248,,"3760, Campbell Avenue, Kapahulu, East Honolulu, Honolulu, Honolulu County, Hawaii, 96815, United States",unknown,osm
osm-494546104,21.2690066,-157.8116561,,"Diamond Head Circle, Kapahulu, East Honolulu, Honolulu, Honolulu County, Hawaii, 96828, United States",unknown,osm
osm-494546365,21.2685725,-157.8111895,,"3703, Diamond Head Circle, Kapahulu, East Honolulu, Honolulu, Honolulu County, Hawaii, 96815, United States",unknown,osm
osm-494546366,21.2687635,-157.8110454,,"3701, Campbell Avenue, Kapahulu, East Honolulu, Honolulu, Honolulu County, Hawaii, 96815, United States",unknown,osm
osm-494546368,21.2666888,-157.8127598,,"Noela Street, Kapahulu, East Honolulu, Honolulu, Honolulu County, Hawaii, 96828, United States",unknown,osm
osm-494546369,21.2645641,-157.8148729,,"3091, Holei Street, Kapahulu, East Honolulu, Honolulu, Honolulu County, Hawaii, 96815, United States",unknown,osm
osm-494546371,21.2628294,-157.815848,,"Noela Place, East Honolulu, Honolulu, Honolulu County, Hawaii, 96828, United States",unknown,osm
osm-495525748,21.2860083,-157.8355343,,"Ena Road, McCully, Honolulu, Honolulu County, Hawaii, 96830, United States",honolulu,osm
osm-495525749,21.2878657,-157.8370374,,"Lipeepee Street, McCully, Honolulu, Honolulu County, Hawaii, 96841, United States",honolulu,osm
osm-496983612,21.2922711,-157.8199388,,"Kalo Place, Moiliili, McCully, Honolulu, Honolulu County, Hawaii, 96826, United States",honolulu,osm
osm-498672057,21.2936999,-157.8457352,,"Kona Street, Ala Moana, Honolulu, Honolulu County, Hawaii, 96841, United States",honolulu,osm
osm-498673676,21.2901795,-157.8398259,,"410, Atkinson Drive, Pawaa, East Honolulu, Honolulu, Honolulu County, Hawaii, 96814, United States",honolulu,osm
osm-504902712,21.2606888,-157.8203436,,"Diamond Head Beach Hotel and Residences, Kalākaua Avenue, East Honolulu, Honolulu, Honolulu County, Hawaii, 96828, United States",unknown,osm
osm-506155136,21.3194316,-157.8567941,,"Stillman Lane, Liliha, Honolulu, Honolulu County, Hawaii, 96817, United States",honolulu,osm
osm-510928698,21.3385707,-158.1243333,,"92-1185, Ali'inui Drive, Kapolei, Honolulu County, Hawaii, 96707, United States",unknown,osm
osm-514902064,21.2563521,-157.7942933,,"Kaikoo Place, Black Point, East Honolulu, Honolulu, Honolulu County, Hawaii, 96828, United States",unknown,osm
osm-514902076,21.257511,-157.7958428,,"Kaikuono Place, Black Point, Kāhala, East Honolulu, Honolulu, Honolulu County, Hawaii, 96828, United States",unknown,osm
osm-514905254,21.2572214,-157.7943509,,"Papu Circle, Black Point, Kāhala, East Honolulu, Honolulu, Honolulu County, Hawaii, 96828, United States",unknown,osm
osm-516244905,21.3864235,-157.9371044,,"Queen Liliʻuokalani Freeway, Waimalu, Aiea, Honolulu County, Hawaii, 96701, United States",pearl-city,osm
osm-516244906,21.3864687,-157.9370518,,"Koauka Loop, Waimalu, Aiea, Honolulu County, Hawaii, 96701, United States",pearl-city,osm
osm-516244908,21.3861454,-157.9385834,,"Moanalua Road, Waimalu, Waipahu, Honolulu County, Hawaii, 96701, United States",pearl-city,osm
osm-516244909,21.3851709,-157.9377553,,"Moanalua Road, Waimalu, Aiea, Honolulu County, Hawaii, 96701, United States",pearl-city,osm
osm-516244914,21.3844242,-157.9365636,,"Koauka Loop, Waimalu, Aiea, Honolulu County, Hawaii, 96701, United States",pearl-city,osm
osm-516244919,21.386946,-157.9407056,,"Ualo Street, Pacific Village, Waimalu, Aiea, Honolulu County, Hawaii, 96701, United States",pearl-city,osm
osm-516244941,21.3898966,-157.9414221,,"Kaonohi Street, Waimalu, Waipahu, Honolulu County, Hawaii, 96701, United States",pearl-city,osm
osm-516244942,21.3909315,-157.9405167,,"Kaonohi Street, Waimalu, Waipahu, Honolulu County, Hawaii, 96701, United States",pearl-city,osm
osm-517802261,21.2858723,-157.8221804,,"2563, Date Street, Moiliili, Waikīkī, Honolulu, Honolulu County, Hawaii, 96826, United States",honolulu,osm
osm-517802266,21.2852365,-157.8214325,,"Lee’s Apt, 2558, Date Street, Moiliili, Waikīkī, Honolulu, Honolulu County, Hawaii, 96926, United States",honolulu,osm
osm-542032205,21.2852176,-157.8170425,,"Winam Avenue, Kapahulu, East Honolulu, Honolulu, Honolulu County, Hawaii, 96186, United States",honolulu,osm
osm-542875056,21.3129088,-157.8331984,,"Makiki Heights Drive + Mott-Smith Drive, Makiki Heights Drive, Makiki, East Honolulu, Honolulu, Honolulu County, Hawaii, 98622, United States",honolulu,osm
osm-542875057,21.3123541,-157.8335945,,"Mott-Smith Drive + Makiki Heights Drive, Mott Smith Drive, Makiki, East Honolulu, Honolulu, Honolulu County, Hawaii, 98622, United States",honolulu,osm
osm-542875059,21.3131698,-157.8345571,,"Mauna Place, Makiki, Honolulu, Honolulu County, Hawaii, 98622, United States",honolulu,osm
osm-542875060,21.3122556,-157.8344788,,"Mauna Place, Makiki, Honolulu, Honolulu County, Hawaii, 98622, United States",honolulu,osm
osm-542875066,21.3123121,-157.8364393,,"Mott Smith Drive, Makiki, Honolulu, Honolulu County, Hawaii, 98622, United States",honolulu,osm
osm-543225229,21.3150003,-157.8344097,,"Pililani Place, Makiki, Honolulu, Honolulu County, Hawaii, 98622, United States",honolulu,osm
osm-543225243,21.3129901,-157.8362958,,"Kalawahine Place, Makiki, Honolulu, Honolulu County, Hawaii, 98622, United States",honolulu,osm
osm-543225244,21.3130355,-157.8361597,,"Kalawahine Place, Makiki, Honolulu, Honolulu County, Hawaii, 98622, United States",honolulu,osm
osm-543225255,21.3128372,-157.834659,,"2036, Mauna Place, Makiki, East Honolulu, Honolulu, Honolulu County, Hawaii, 96822, United States",honolulu,osm
osm-543991231,21.6416242,-157.9200802,,"Laie Bike Path, Laie, Honolulu County, Hawaii, 96762, United States",laie,osm
osm-544661225,21.2962684,-157.8226614,,"Puaena Place, Moiliili, McCully, Honolulu, Honolulu County, Hawaii, 96826, United States",honolulu,osm
osm-544908020,21.3002564,-157.7108831,,"Ainapo Street, Hahaione Valley, Kuliʻouʻou, East Honolulu, Honolulu, Honolulu County, Hawaii, 96825, United States",unknown,osm
osm-544908140,21.3006895,-157.7112761,,"Ainapo Street, Hahaione Valley, Kuliʻouʻou, East Honolulu, Honolulu, Honolulu County, Hawaii, 96825, United States",unknown,osm
osm-544963711,21.3086166,-157.7114299,,"988, Uwao Street, Hahaione Valley, Mariner's Cove, Kuliʻouʻou, East Honolulu, Honolulu, Honolulu County, Hawaii, 96825, United States",unknown,osm
osm-544964193,21.3082925,-157.7102175,,"Uwao Street, Hahaione Valley, East Honolulu, Honolulu, Honolulu County, Hawaii, 96825, United States",unknown,osm
osm-544964195,21.3075372,-157.7096877,,"992, Nanahonua Street, Hahaione Valley, Mariner's Cove, Kuliʻouʻou, East Honolulu, Honolulu, Honolulu County, Hawaii, 96825, United States",hawaii-kai,osm
osm-544964197,21.3070447,-157.7091469,,"894, Nanahonua Street, Hahaione Valley, Mariner's Cove, Kuliʻouʻou, East Honolulu, Honolulu, Honolulu County, Hawaii, 96825, United States",hawaii-kai,osm
osm-545114302,21.3097966,-157.7129058,,"Hahaione Street, Hahaione Valley, East Honolulu, Honolulu, Honolulu County, Hawaii, 96825, United States",unknown,osm
osm-545116138,21.3059977,-157.7117016,,"Kulani Street, Hahaione Valley, Kuliʻouʻou, East Honolulu, Honolulu, Honolulu County, Hawaii, 96825, United States",unknown,osm
osm-545118626,21.3029227,-157.7109408,,"Ainapo Street, Hahaione Valley, Kuliʻouʻou, East Honolulu, Honolulu, Honolulu County, Hawaii, 96825, United States",unknown,osm
osm-545118632,21.3019515,-157.7110139,,"Ainapo Street, Hahaione Valley, Kuliʻouʻou, East Honolulu, Honolulu, Honolulu County, Hawaii, 96825, United States",unknown,osm
osm-545121745,21.3042993,-157.7104913,,"Ainapo Street, Hahaione Valley, Kuliʻouʻou, East Honolulu, Honolulu, Honolulu County, Hawaii, 96825, United States",unknown,osm
osm-545121751,21.3034496,-157.7103661,,"Kahena Place, Hahaione Valley, East Honolulu, Honolulu, Honolulu County, Hawaii, 96825, United States",unknown,osm
osm-545122696,21.3036026,-157.7099572,,"Kahena Place, Hahaione Valley, East Honolulu, Honolulu, Honolulu County, Hawaii, 96825, United States",hawaii-kai,osm
osm-545123150,21.3048654,-157.7094897,,"Ainapo Street, Hahaione Valley, East Honolulu, Honolulu, Honolulu County, Hawaii, 96825, United States",hawaii-kai,osm
osm-545123152,21.304711,-157.7094164,,"Ainapo Street + Hahaione Street, Ainapo Street, Hahaione Valley, Mariner's Cove, Kuliʻouʻou, East Honolulu, Honolulu, Honolulu County, Hawaii, 96825, United States",hawaii-kai,osm
osm-545146527,21.2897844,-157.8149023,,"Waialae Place, 2845-47, Waialae Avenue, Kapahulu, East Honolulu, Honolulu, Honolulu County, Hawaii, 96816, United States",honolulu,osm
osm-545300343,21.3010313,-157.7106501,,"Ainapo Street, Hahaione Valley, Kuliʻouʻou, East Honolulu, Honolulu, Honolulu County, Hawaii, 96825, United States",unknown,osm
osm-545312958,21.3024462,-157.7095236,,"Kii Street, Hahaione Valley, East Honolulu, Honolulu, Honolulu County, Hawaii, 96825, United States",hawaii-kai,osm
osm-545313519,21.302366,-157.7093733,,"Kii Street, Hahaione Valley, East Honolulu, Honolulu, Honolulu County, Hawaii, 96825, United States",hawaii-kai,osm
osm-545313525,21.3020286,-157.7088394,,"Kii Street, Hahaione Valley, East Honolulu, Honolulu, Honolulu County, Hawaii, 96825, United States",hawaii-kai,osm
osm-545337616,21.299838,-157.7088073,,"Kii Street, Hahaione Valley, East Honolulu, Honolulu, Honolulu County, Hawaii, 96825, United States",hawaii-kai,osm
osm-545339417,21.3003959,-157.7102132,,"6643, Kauna Street, Hahaione Valley, Mariner's Cove, Kuliʻouʻou, East Honolulu, Honolulu, Honolulu County, Hawaii, 96825, United States",unknown,osm
osm-545340433,21.3002221,-157.7105122,,"Kalopa Street, Hahaione Valley, Kuliʻouʻou, East Honolulu, Honolulu, Honolulu County, Hawaii, 96825, United States",unknown,osm
osm-545345628,21.2995514,-157.7094454,,"782, Kii Street, Hahaione Valley, Mariner's Cove, Kuliʻouʻou, East Honolulu, Honolulu, Honolulu County, Hawaii, 96825, United States",hawaii-kai,osm
osm-545350394,21.298465,-157.7110139,,"Ainapo Street, Hahaione Valley, Kuliʻouʻou, East Honolulu, Honolulu, Honolulu County, Hawaii, 96825, United States",niu-valley,osm
osm-545351982,21.2987045,-157.7099204,,"Kii Street, Hahaione Valley, Kuliʻouʻou, East Honolulu, Honolulu, Honolulu County, Hawaii, 96825, United States",hawaii-kai,osm
osm-545568582,21.2995095,-157.7088754,,"767, Kii Street, Hahaione Valley, Mariner's Cove, Kuliʻouʻou, East Honolulu, Honolulu, Honolulu County, Hawaii, 96825, United States",hawaii-kai,osm
osm-545568925,21.2983116,-157.7089201,,"779, Kapulena Loop, Hahaione Valley, Mariner's Cove, Kuliʻouʻou, East Honolulu, Honolulu, Honolulu County, Hawaii, 96825, United States",hawaii-kai,osm
osm-545569657,21.2982294,-157.7108677,,"Kapulena Loop, Hahaione Valley, East Honolulu, Honolulu, Honolulu County, Hawaii, 96825, United States",niu-valley,osm
osm-549194200,21.3009924,-157.708582,,"Hahaione Street, Hahaione Valley, East Honolulu, Honolulu, Honolulu County, Hawaii, 96825, United States",hawaii-kai,osm
osm-549195662,21.2982735,-157.7086816,,"Hahaione Street, Hahaione Valley, East Honolulu, Honolulu, Honolulu County, Hawaii, 96825, United States",hawaii-kai,osm
osm-549195669,21.2977535,-157.7100169,,"Pepeʻekeo Street, Hahaione Valley, East Honolulu, Honolulu, Honolulu County, Hawaii, 96825, United States",niu-valley,osm
osm-549195672,21.29776,-157.7097265,,"Pepeʻekeo Street, Hahaione Valley, East Honolulu, Honolulu, Honolulu County, Hawaii, 96825, United States",hawaii-kai,osm
osm-549195675,21.2977432,-157.7093111,,"Pepeʻekeo Street, Hahaione Valley, East Honolulu, Honolulu, Honolulu County, Hawaii, 96825, United States",hawaii-kai,osm
osm-549202461,21.3064836,-157.7099121,,"Hahaione Street, Hahaione Valley, East Honolulu, Honolulu, Honolulu County, Hawaii, 96825, United States",hawaii-kai,osm
osm-549206204,21.3067638,-157.7100292,,"Hokulani Street, Hahaione Valley, East Honolulu, Honolulu, Honolulu County, Hawaii, 96825, United States",unknown,osm
osm-549207665,21.3071697,-157.7092319,,"Nanahonua Street, Hahaione Valley, East Honolulu, Honolulu, Honolulu County, Hawaii, 96825, United States",hawaii-kai,osm
osm-549207683,21.3076312,-157.7099554,,"Nanahonua Street, Hahaione Valley, East Honolulu, Honolulu, Honolulu County, Hawaii, 96825, United States",hawaii-kai,osm
osm-549207686,21.3073342,-157.7099664,,"893, Hokulani Street, Hahaione Valley, Mariner's Cove, Kuliʻouʻou, East Honolulu, Honolulu, Honolulu County, Hawaii, 96825, United States",hawaii-kai,osm
osm-549208119,21.3068338,-157.709199,,"Hokulani Street, Hahaione Valley, East Honolulu, Honolulu, Honolulu County, Hawaii, 96825, United States",hawaii-kai,osm
osm-549210985,21.2936957,-157.7077805,,"Hawai’i Kai Drive, Hahaione High Rise, East Honolulu, Honolulu, Honolulu County, Hawaii, 96825, United States",hawaii-kai,osm
osm-549210990,21.3106027,-157.7118053,,"999, Pukoo Place, Hahaione Valley, Mariner's Cove, Kuliʻouʻou, East Honolulu, Honolulu, Honolulu County, Hawaii, 96825, United States",unknown,osm
osm-549210994,21.3099931,-157.7123009,,"Hahaione Place, Hahaione Valley, East Honolulu, Honolulu, Honolulu County, Hawaii, 96825, United States",unknown,osm
osm-549210996,21.3098619,-157.7121171,,"Hahaione Place, Hahaione Valley, Kuliʻouʻou, East Honolulu, Honolulu, Honolulu County, Hawaii, 96825, United States",unknown,osm
osm-549224072,21.3096969,-157.7103967,,"Pukoo Street, Hahaione Valley, East Honolulu, Honolulu, Honolulu County, Hawaii, 96825, United States",unknown,osm
osm-549225013,21.3081526,-157.7094345,,"Uwao Street, Hahaione Valley, East Honolulu, Honolulu, Honolulu County, Hawaii, 96825, United States",hawaii-kai,osm
osm-549225020,21.3046468,-157.7073668,,"Waika Place, Hahaione Valley, East Honolulu, Honolulu, Honolulu County, Hawaii, 96825, United States",hawaii-kai,osm
osm-549226139,21.3042886,-157.7083708,,"Hahaione Street, Hahaione Valley, East Honolulu, Honolulu, Honolulu County, Hawaii, 96825, United States",hawaii-kai,osm
osm-549226142,21.3038624,-157.7081682,,"785, Hahaione Street, Hahaione Valley, Mariner's Cove, Kuliʻouʻou, East Honolulu, Honolulu, Honolulu County, Hawaii, 96825, United States",hawaii-kai,osm
osm-549227065,21.3002051,-157.7080805,,"681, Hahaione Street, Hahaione Valley, Mariner's Cove, Kuliʻouʻou, East Honolulu, Honolulu, Honolulu County, Hawaii, 96825, United States",hawaii-kai,osm
osm-549227977,21.2980969,-157.7079557,,"Hahaione Street, Hahaione Valley, East Honolulu, Honolulu, Honolulu County, Hawaii, 96825, United States",hawaii-kai,osm
osm-549227980,21.2978549,-157.7078679,,"Hahaione Street, Hahaione Valley, East Honolulu, Honolulu, Honolulu County, Hawaii, 96825, United States",hawaii-kai,osm
osm-549232084,21.2934787,-157.7111458,,"Hawai’i Kai Drive, Hahaione Valley, Hawai’i Kai, Marina Central, East Honolulu, Honolulu, Honolulu County, Hawaii, 96825, United States",niu-valley,osm
osm-549232089,21.2927817,-157.7114767,,"6602, Hawai’i Kai Drive, Hahaione Valley, Marina Central, East Honolulu, Honolulu, Honolulu County, Hawaii, 96825, United States",niu-valley,osm
osm-549624007,21.2911018,-157.7121381,,"Hawai’i Kai Drive, Hahaione Valley, Hawai’i Kai, Marina Central, East Honolulu, Honolulu, Honolulu County, Hawaii, 96825, United States",niu-valley,osm
osm-550331311,21.295207,-157.7102962,,"Pepeʻekeo Street, Hahaione Valley, Kuliʻouʻou, East Honolulu, Honolulu, Honolulu County, Hawaii, 96825, United States",niu-valley,osm
osm-552290866,21.6986646,-157.9962521,,"West Kuilima Loop, Honolulu County, Hawaii, 96731, United States",unknown,osm
osm-556578768,21.421747,-157.8203211,,"Holokaa Street, Crown Terrace, Heeia, Honolulu County, Hawaii, 96744, United States",unknown,osm
osm-556578771,21.4218061,-157.8194398,,"Holokaa Street, Heeia, Honolulu County, Hawaii, 96744, United States",kaneohe,osm
osm-556578772,21.4218055,-157.8197621,,"Holokaa Street, Crown Terrace, Heeia, Honolulu County, Hawaii, 96744, United States",kaneohe,osm
osm-587379676,21.3108557,-158.0069113,Parish,"Parish, Parish Drive, Ewa Beach, Honolulu County, Hawaii, 96706, United States",ewa-beach,osm
osm-595894319,21.4085411,-157.9596573,,"Leahi Swim School, Komo Mai Drive, Pearl City, Honolulu County, Hawaii, 96782, United States",pearl-city,osm
osm-595894320,21.4079134,-157.9699218,Manana pool,"Manana pool, Kuahaka Street, Pearl Highlands, Pearl City, Honolulu County, Hawaii, 96782, United States",pearl-city,osm
osm-606810114,21.287085,-157.8391493,,"Ala Moana Boulevard, Ala Moana, East Honolulu, Honolulu, Honolulu County, Hawaii, 96841, United States",honolulu,osm
osm-606810536,21.2870171,-157.8392306,Marina Tower Waikiki Hot Tub,"Marina Tower Waikiki Hot Tub, Ala Moana Boulevard, Ala Moana, Honolulu, Honolulu County, Hawaii, 96841, United States",honolulu,osm
osm-615578238,21.339183,-158.1240509,,"Pāpālua Shave Ice, 92-1185, Ali'inui Drive, Kapolei, Honolulu County, Hawaii, 96707, United States",unknown,osm
osm-615578240,21.3392804,-158.124793,,"Wailana Pool Bar, 92-1185, Ali'inui Drive, Kapolei, Honolulu County, Hawaii, 96707, United States",unknown,osm
osm-615578248,21.3387603,-158.1249626,,"Wailana Pool Bar, 92-1185, Ali'inui Drive, Kapolei, Honolulu County, Hawaii, 96707, United States",unknown,osm
osm-621637586,21.3258696,-158.0032962,,"Hanaloa Street, Ewa Beach, Honolulu County, Hawaii, 96706, United States",ewa-beach,osm
osm-631699356,21.3015069,-157.8246648,,"Alekoki Place, Lower Mānoa, Makiki, Honolulu, Honolulu County, Hawaii, 96822, United States",honolulu,osm
osm-647162922,21.3787655,-157.7681654,,"Le Jardin Academy, 917, Kalanianaole Highway, Maunawili, East Honolulu, Kailua, Honolulu County, Hawaii, 96734, United States",unknown,osm
osm-650389557,21.3216592,-157.9795146,,"Iroquois Avenue, Iroquois Point, Ewa Beach, Honolulu County, Hawaii, 96853, United States",iroquois-point,osm
osm-663776703,21.3432082,-157.9569495,,"Joint Base Pearl Harbor-Hickam Main, Queen Liliʻuokalani Freeway, Hālawa, Waipahu, Honolulu County, Hawaii, 96701, United States",hickam-housing,osm
osm-676136130,21.3347945,-158.1225759,,"Waiali'i Place, Kapolei, Honolulu County, Hawaii, 96707, United States",unknown,osm
osm-676136131,21.335113,-158.1216505,,"Waiali'i Place, Kapolei, Honolulu County, Hawaii, 96707, United States",unknown,osm
osm-698064258,21.4399549,-158.1549917,,"Lualualei Homestead Road, Honolulu County, Hawaii, 96792, United States",maili,osm
osm-719114610,21.2595693,-157.7982684,,"Poka Street, Black Point, Kāhala, East Honolulu, Honolulu, Honolulu County, Hawaii, 96828, United States",unknown,osm
osm-719114619,21.2612368,-157.798828,,"Pokapahu Place, Black Point, Kāhala, East Honolulu, Honolulu, Honolulu County, Hawaii, 96828, United States",unknown,osm
osm-719114620,21.2612234,-157.7975379,,"Paikau Street, Black Point, Kāhala, East Honolulu, Honolulu, Honolulu County, Hawaii, 96828, United States",unknown,osm
osm-719114621,21.261193,-157.7973151,,"Kaualio Place, Black Point, Kāhala, East Honolulu, Honolulu, Honolulu County, Hawaii, 96828, United States",unknown,osm
osm-719114622,21.2607461,-157.7969584,,"Paikau Street, Black Point, Kāhala, East Honolulu, Honolulu, Honolulu County, Hawaii, 96828, United States",unknown,osm
osm-726999222,21.4231973,-157.815156,,"Kalaua Place, Crown Terrace, Heeia, Honolulu County, Hawaii, 96744, United States",kaneohe,osm
osm-726999223,21.4230666,-157.8149634,,"Kalali Street, Crown Terrace, Heeia, Honolulu County, Hawaii, 96744, United States",kaneohe,osm
osm-726999224,21.4231322,-157.8151137,,"Kalali Street, Crown Terrace, Heeia, Honolulu County, Hawaii, 96744, United States",kaneohe,osm
osm-726999225,21.4229344,-157.8146509,,"Kalali Street, Crown Terrace, Heeia, Honolulu County, Hawaii, 96744, United States",kaneohe,osm
osm-726999477,21.4231891,-157.8163716,,"Kupale Street, Crown Terrace, Heeia, Honolulu County, Hawaii, 96744, United States",kaneohe,osm
osm-727000358,21.4246213,-157.8161306,,"Kalali Street, Crown Terrace, Heeia, Honolulu County, Hawaii, 96744, United States",kaneohe,osm
osm-727000410,21.423836,-157.8153542,,"Kalaua Place, Crown Terrace, Heeia, Honolulu County, Hawaii, 96744, United States",kaneohe,osm
osm-727000411,21.4229452,-157.814143,,"Kalali Street, Crown Terrace, Heeia, Honolulu County, Hawaii, 96744, United States",kaneohe,osm
osm-730041603,21.4091823,-157.7419914,,"Pilipu Place, Kailua, Honolulu County, Hawaii, 96735, United States",kailua,osm
osm-730311853,21.4089764,-157.7419943,,"Pueohala Place, Kailua, Honolulu County, Hawaii, 96735, United States",kailua,osm
osm-732217110,21.2859129,-157.8370284,,"343, Hobron Lane, McCully, East Honolulu, Honolulu, Honolulu County, Hawaii, 96815, United States",honolulu,osm
osm-732217111,21.2858733,-157.8365833,,"1849, Kaioo Drive, McCully, Honolulu, Honolulu County, Hawaii, 96815, United States",honolulu,osm
osm-732217112,21.285454,-157.8380396,,"Kaioo Drive, McCully, Honolulu, Honolulu County, Hawaii, 96841, United States",honolulu,osm
osm-732217114,21.2848371,-157.8366607,,"IHOP, 1850, Ala Moana Boulevard, McCully, Honolulu, Honolulu County, Hawaii, 96815, United States",honolulu,osm
osm-732217115,21.2840304,-157.8384868,,"Kahanamoku Street, McCully, Honolulu, Honolulu County, Hawaii, 96841, United States",honolulu,osm
osm-732217116,21.2866592,-157.8361916,,"Chateau Waikiki, 411, Hobron Lane, McCully, East Honolulu, Honolulu, Honolulu County, Hawaii, 96815, United States",honolulu,osm
osm-732217117,21.2881574,-157.8356381,,"Ala Wai Boulevard, McCully, Honolulu, Honolulu County, Hawaii, 96841, United States",honolulu,osm
osm-732217118,21.2871787,-157.8351551,,"The Waipuna, 469, Ena Road, McCully, Honolulu, Honolulu County, Hawaii, 96815, United States",honolulu,osm
osm-732217119,21.2858193,-157.8340205,,"Doubletree Alana Waikiki Hotel, Dudoit Lane, McCully, Honolulu, Honolulu County, Hawaii, 96830, United States",honolulu,osm
osm-732217120,21.2861384,-157.8337069,,"The Pavilion at Waikiki, 1925, Kalākaua Avenue, McCully, Honolulu, Honolulu County, Hawaii, 96815, United States",honolulu,osm
osm-732217121,21.2869048,-157.832857,,"Cream Pot, 444, Niu Street, McCully, Honolulu, Honolulu County, Hawaii, 96815, United States",honolulu,osm
osm-732217122,21.2873345,-157.8330597,,"McCully Street, McCully, Honolulu, Honolulu County, Hawaii, 96826, United States",honolulu,osm
osm-736666421,21.2842599,-157.8297423,,"ʻOlohana Street, Waikīkī, Honolulu, Honolulu County, Hawaii, 96926, United States",honolulu,osm
osm-736666422,21.2848749,-157.829867,,"Ala Wai Garden Plaza, 2055, Ala Wai Boulevard, Waikīkī, Honolulu, Honolulu County, Hawaii, 96815, United States",honolulu,osm
osm-736666423,21.283391,-157.828472,,"Launiu Street, Waikīkī, Honolulu, Honolulu County, Hawaii, 96815, United States",honolulu,osm
osm-736666424,21.2830348,-157.8279819,,"445, Kaiolu Street, Waikīkī, Honolulu, Honolulu County, Hawaii, 96815, United States",honolulu,osm
osm-736666425,21.2825716,-157.8282503,Aloha Towers Condominium Pool,"123 Store, Lewers Street, Kalakaua Shopping District, Waikīkī, Honolulu, Honolulu County, Hawaii, 96815, United States",honolulu,osm
osm-736666426,21.2826079,-157.8287555,,"Kaiolu Sunrise, 430, Kaiolu Street, Waikīkī, East Honolulu, Honolulu, Honolulu County, Hawaii, 96815, United States",honolulu,osm
osm-736666427,21.2823414,-157.8292023,,"Four Paddle, 2140, Kūhiō Avenue, Waikīkī, Honolulu, Honolulu County, Hawaii, 96815, United States",honolulu,osm
osm-736666429,21.2832229,-157.8289102,,"Launiu Street, Waikīkī, Honolulu, Honolulu County, Hawaii, 96815, United States",honolulu,osm
osm-736666432,21.2837905,-157.8289377,,"Hale Moani, 2115, Ala Wai Boulevard, Waikīkī, Honolulu, Honolulu County, Hawaii, 96815, United States",honolulu,osm
osm-768058361,21.6809202,-158.0356873,,"Makanale Street, Sunset Beach, Waiale‘e, Honolulu County, Hawaii, United States",unknown,osm
osm-768063075,21.6803027,-158.0376972,,"Holawa Place, Sunset Beach, Waiale‘e, Honolulu County, Hawaii, United States",unknown,osm
osm-768067631,21.6765527,-158.0388844,,"Huelo Street, Sunset Beach, Waiale‘e, Honolulu County, Hawaii, United States",unknown,osm
osm-768067658,21.6760418,-158.0386842,,"Hoalua Street, Sunset Beach, Waiale‘e, Honolulu County, Hawaii, United States",unknown,osm
osm-768411952,21.6439177,-158.0644587,,"Kamehameha Highway, Pūpūkea, Honolulu County, Hawaii, United States",unknown,osm
osm-768411959,21.6433703,-158.0643695,,"Kamehameha Highway, Pūpūkea, Honolulu County, Hawaii, United States",unknown,osm
osm-770914302,21.3436624,-157.8700458,,"Kamehameha IV Road, Kalihi, Honolulu, Honolulu County, Hawaii, 96858, United States",kalihi,osm
osm-783841053,21.3253066,-157.8049092,,"3513, Kumu Street, Mānoa, East Honolulu, Honolulu, Honolulu County, Hawaii, 96822, United States",honolulu,osm
osm-798217187,21.3337426,-158.0662319,,"Villages of Kapolei Recreation Center, Kamaaha Loop, Villages of Kapolei, Kapolei, Honolulu County, Hawaii, 96707, United States",kapolei,osm
osm-798217188,21.3337181,-158.0663381,,"Kamaaha Loop, Villages of Kapolei, Kapolei, Honolulu County, Hawaii, 96707, United States",kapolei,osm
osm-798999563,21.316339,-157.8313592,,"Kolonahe Place, Makiki, Honolulu, Honolulu County, Hawaii, 98622, United States",honolulu,osm
osm-798999565,21.316176,-157.8308247,,"Kolonahe Place, Makiki, Honolulu, Honolulu County, Hawaii, 98622, United States",honolulu,osm
osm-799186477,21.3367631,-158.0603478,,"Kekuilani Loop, Villages of Kapolei, Kapolei, Honolulu County, Hawaii, 96707, United States",kapolei,osm
osm-799602842,21.3219766,-157.9793054,,"Kapilina Beach Homes Community Center, 101st Street, Iroquois Point, Ewa Beach, Honolulu County, Hawaii, 96853, United States",iroquois-point,osm
osm-800192137,21.3438368,-157.8699502,,"Kamehameha IV Road, Kalihi, Honolulu, Honolulu County, Hawaii, 96858, United States",kalihi,osm
osm-800192138,21.3436552,-157.869744,,"Kamehameha IV Road, Kalihi, Honolulu, Honolulu County, Hawaii, 96858, United States",kalihi,osm
osm-800537416,21.280153,-157.7868095,,"Keanu Street, Waialae-Kahala, East Honolulu, Honolulu, Honolulu County, Hawaii, 96821, United States",kaimuki,osm
osm-801800606,21.3264,-158.0758651,,"Kakala Street, Mehana, Kapolei, Honolulu County, Hawaii, 96707, United States",kapolei,osm
osm-801824787,21.3362823,-158.0864422,,"Big Kahuna, Farrington Highway, City Center, Makakilo City, Kapolei, Honolulu County, Hawaii, 96707, United States",kapolei,osm
osm-801824793,21.3361911,-158.085983,,"Farrington Highway, City Center, Makakilo City, Kapolei, Honolulu County, Hawaii, 96707, United States",kapolei,osm
osm-804855303,21.2795666,-157.7837233,,"Kaimuki-Waialae YMCA, 4835, Kilauea Avenue, Waialae-Kahala, East Honolulu, Honolulu, Honolulu County, Hawaii, 96816, United States",unknown,osm
osm-806665397,21.2851034,-157.6992041,,"Lunalilo Home Road, Marina East, East Honolulu, Honolulu, Honolulu County, Hawaii, 96825, United States",hawaii-kai,osm
osm-806693929,21.2798685,-157.7856561,,"Keanu Street, Waialae-Kahala, East Honolulu, Honolulu, Honolulu County, Hawaii, 96821, United States",unknown,osm
osm-810639125,21.2748666,-157.7876555,,"Pueo Street, Waialae-Kahala, Kāhala, East Honolulu, Honolulu, Honolulu County, Hawaii, 96821, United States",unknown,osm
osm-810858956,21.274985,-157.7844837,,"4411, Pahoa Avenue, Waialae-Kahala, Wailupe, Kāhala, East Honolulu, Honolulu, Honolulu County, Hawaii, 96816, United States",unknown,osm
osm-814798583,21.274611,-157.7061951,,"140, Lunalilo Home Road, Portlock, Koko Head, East Honolulu, Honolulu, Honolulu County, Hawaii, 96825, United States",unknown,osm
osm-817962491,21.2849971,-157.8144735,,"Lukepane Avenue, Kapahulu, East Honolulu, Honolulu, Honolulu County, Hawaii, 96186, United States",honolulu,osm
osm-819280120,21.2760837,-157.7053982,,"672, Po‘ipū Drive, Portlock, Koko Head, East Honolulu, Honolulu, Honolulu County, Hawaii, 96825, United States",unknown,osm
osm-819656175,21.2918387,-157.7085321,,"Kumukahi Place, Hawai’i Kai, Marina Central, East Honolulu, Honolulu, Honolulu County, Hawaii, 96825, United States",hawaii-kai,osm
osm-821716545,21.2785009,-157.823171,,"Wayfinder Waikiki, 2375, Ala Wai Boulevard, Waikīkī, Honolulu, Honolulu County, Hawaii, 96815, United States",waikiki,osm
osm-821742695,21.2766375,-157.7029182,,"Nomilo Street, Lunalilo Park Makai, East Honolulu, Honolulu, Honolulu County, Hawaii, 96825, United States",unknown,osm
osm-822370446,21.3024097,-157.8321591,,"Punahala Apartments, 1615, Wilder Avenue, Makiki, East Honolulu, Honolulu, Honolulu County, Hawaii, 96822, United States",honolulu,osm
osm-824009762,21.287333,-157.7194996,,"Kawaihae Street, Hawai’i Kai, Kuliʻouʻou, East Honolulu, Honolulu, Honolulu County, Hawaii, 96825, United States",niu-valley,osm
osm-824685919,21.2772546,-157.784096,,"Kealaolu Avenue, Waialae-Kahala, Kāhala, East Honolulu, Honolulu, Honolulu County, Hawaii, 96821, United States",unknown,osm
osm-826395118,21.3513364,-157.9160055,,"3523, Ala Haukulu Place, Salt Lake, Honolulu, Honolulu County, Hawaii, 96818, United States",salt-lake,osm
osm-826792119,21.3471087,-157.9103989,,"Likini Street, Salt Lake, Honolulu, Honolulu County, Hawaii, 96818, United States",unknown,osm
osm-826792120,21.3468891,-157.9101768,,"Likini Street, Salt Lake, Honolulu, Honolulu County, Hawaii, 96818, United States",unknown,osm
osm-826884814,21.3667713,-157.9222941,,"Lehia Street, Red Hill, Honolulu, Honolulu County, Hawaii, 96701, United States",pearl-harbor,osm
osm-826884833,21.3681022,-157.920852,,"Lehia Street, Red Hill, Honolulu, Honolulu County, Hawaii, 96701, United States",pearl-harbor,osm
osm-826884839,21.3687486,-157.9208087,,"Lehia Street, Red Hill, Honolulu, Honolulu County, Hawaii, 96701, United States",pearl-harbor,osm
osm-827279223,21.3508184,-157.9151252,,"4918, Likini Street, Salt Lake, Honolulu, Honolulu County, Hawaii, 96818, United States",salt-lake,osm
osm-827513810,21.3576564,-157.9360668,,"Towers Pool, Maklalapa Drive, Makalapa Housing, Āliamanu, Waipahu, Honolulu County, Hawaii, 96860, United States",pearl-harbor,osm
osm-827522178,21.4023315,-157.9630389,,"Pearl City, Honolulu County, Hawaii, 96782, United States",pearl-city,osm
osm-827522180,21.4024951,-157.9631697,,"Pearl City, Honolulu County, Hawaii, 96782, United States",pearl-city,osm
osm-827569163,21.3980859,-157.9788922,,"Pearl Highlands, Pearl City, Honolulu County, Hawaii, 96782, United States",pearl-city,osm
osm-827907277,21.3522172,-157.9200108,,"Ala Aloalo Street, Āliamanu, Honolulu, Honolulu County, Hawaii, 96818, United States",pearl-harbor,osm
osm-827907279,21.3523913,-157.9201213,,"3558, Ala Aloalo Place, Āliamanu, Honolulu, Honolulu County, Hawaii, 96818, United States",pearl-harbor,osm
osm-829838989,21.4800407,-157.9844035,,"Lehiwa Drive, Mililani Mauka, Waipahu, Honolulu County, Hawaii, 96789, United States",mililani,osm
osm-833107268,21.3041493,-157.8292348,,"Manoa Road, Makiki, Honolulu, Honolulu County, Hawaii, 96822, United States",honolulu,osm
osm-833316542,21.3023504,-157.8520601,,"South King Street, Makiki Kai, Honolulu, Honolulu County, Hawaii, 96814, United States",honolulu,osm
osm-833406248,21.256236,-157.8025833,,"3619, Diamond Head Road, Kāhala, East Honolulu, Honolulu, Honolulu County, Hawaii, 96816, United States",unknown,osm
osm-833406287,21.2581433,-157.7994367,,"Palaoa Place, Black Point, Kāhala, East Honolulu, Honolulu, Honolulu County, Hawaii, 96828, United States",unknown,osm
osm-833406295,21.2576075,-157.7994507,,"Palaoa Place, Black Point, Kāhala, East Honolulu, Honolulu, Honolulu County, Hawaii, 96828, United States",unknown,osm
osm-833416152,21.4474442,-158.0093706,,"Imina Place, Mililani Town, Honolulu County, Hawaii, 96789, United States",mililani,osm
osm-833416198,21.4518225,-158.0092641,,"Meheula Parkway, Mililani Town, Honolulu County, Hawaii, 96789, United States",mililani,osm
osm-834058809,21.3061493,-157.8512399,,"Lunalilo Street, Makiki Kai, Honolulu, Honolulu County, Hawaii, 96843, United States",honolulu,osm
osm-835353723,21.3003109,-157.8614898,,"One Water Front Tower, 415-425, South Street, Kakaako Waterfront, Kaka‘ako, Honolulu, Honolulu County, Hawaii, 96813, United States",honolulu,osm
osm-840415822,21.6993366,-157.9943705,,"West Kuilima Loop, Honolulu County, Hawaii, 96731, United States",unknown,osm
osm-840611524,21.3076669,-157.8472582,,"Spencer Street, Makiki Kai, Honolulu, Honolulu County, Hawaii, 96843, United States",honolulu,osm
osm-840619636,21.3223218,-157.8492418,,"Judd Street, Pacific Heights, Honolulu, Honolulu County, Hawaii, 96817, United States",honolulu,osm
osm-841580568,21.4139241,-157.7491129,,"Kainui Drive, Kailua, Honolulu County, Hawaii, 96734, United States",kailua,osm
osm-841580569,21.4143744,-157.7488193,,"Kaiholu Street, Kailua, Honolulu County, Hawaii, 96734, United States",kailua,osm
osm-844481982,21.3535449,-157.9110639,,"Ala Lilikoi Place, Salt Lake, Honolulu, Honolulu County, Hawaii, 96818, United States",salt-lake,osm
osm-844481983,21.3533221,-157.9109473,,"Ala Lilikoi Place, Salt Lake, Honolulu, Honolulu County, Hawaii, 96818, United States",salt-lake,osm
osm-844837208,21.3451329,-158.0497228,,"The Salvation Army, Kualakai Parkway, Ho‘opili, Kapolei, Honolulu County, Hawaii, 96706, United States",kapolei,osm
osm-844837209,21.3450927,-158.0503099,,"The Salvation Army, Keahumoa Parkway, ‘Ewa Villages, Ho‘opili, Kapolei, Honolulu County, Hawaii, 96706, United States",kapolei,osm
osm-878781647,21.2825237,-157.8275228,,"Coconut Waikiki Hotel Parking Garage, Waikīkī, Honolulu, Honolulu County, Hawaii, 96815, United States",honolulu,osm
osm-880831192,21.2680134,-157.7863231,,"729, Ulumaika Street, Waialae-Kahala, Kāhala, East Honolulu, Honolulu, Honolulu County, Hawaii, 96816, United States",unknown,osm
osm-880897108,21.2681685,-157.7863134,,"Iiwi Street, Waialae-Kahala, Kāhala, East Honolulu, Honolulu, Honolulu County, Hawaii, 96821, United States",unknown,osm
osm-880897110,21.2677009,-157.7871926,,"751, Ulumaika Street, Waialae-Kahala, Kāhala, East Honolulu, Honolulu, Honolulu County, Hawaii, 96816, United States",unknown,osm
osm-880897112,21.2675721,-157.787213,,"Ulumaika Street, Waialae-Kahala, Kāhala, East Honolulu, Honolulu, Honolulu County, Hawaii, 96821, United States",unknown,osm
osm-886491762,21.2773399,-157.760782,,"Kalaniana’ole Highway, Waialae Iki and Wiliwilinui, East Honolulu, Honolulu, Honolulu County, Hawaii, 96821, United States",kahala,osm
osm-897444123,21.309069,-157.8390319,,"Rose Terrace, 1687, Pensacola Street, Makiki, Honolulu, Honolulu County, Hawaii, 98622, United States",honolulu,osm
osm-898466801,21.2716812,-157.7732744,,"Kahala Avenue, Waialae-Kahala, Wailupe, Kāhala, East Honolulu, Honolulu, Honolulu County, Hawaii, 96821, United States",kahala,osm
osm-901381536,21.2804403,-157.7377185,,"Kalaniana’ole Highway, Niu Valley, Niu and Niuiki Circle, Hawaii Loa Ridge, East Honolulu, Honolulu, Honolulu County, Hawaii, 96825, United States",aina-haina,osm
osm-901794705,21.2788244,-157.7848704,,"Kilauea Avenue, Waialae-Kahala, East Honolulu, Honolulu, Honolulu County, Hawaii, 96821, United States",unknown,osm
osm-903790801,21.4542467,-158.0116518,,"Kipapa Drive, Mililani Town, Honolulu County, Hawaii, 96789, United States",mililani,osm
osm-909355003,21.3874283,-157.9995196,,"Paiwa Street, Waipahu, Honolulu County, Hawaii, 96797, United States",waipahu,osm
osm-909764457,21.2615715,-157.7865046,,"4505, Kahala Avenue, Waialae-Kahala, Black Point, Kāhala, East Honolulu, Honolulu, Honolulu County, Hawaii, 96816, United States",unknown,osm
osm-909764458,21.2617186,-157.7860729,,"Kahala Avenue, Waialae-Kahala, Black Point, Kāhala, East Honolulu, Honolulu, Honolulu County, Hawaii, 96821, United States",unknown,osm
osm-909764463,21.260941,-157.7880594,,"4451, Kahala Avenue, Waialae-Kahala, Wailupe, Kāhala, East Honolulu, Honolulu, Honolulu County, Hawaii, 96816, United States",unknown,osm
osm-909764464,21.2612507,-157.7871695,,"4471, Kahala Avenue, Waialae-Kahala, Black Point, Kāhala, East Honolulu, Honolulu, Honolulu County, Hawaii, 96816, United States",unknown,osm
osm-909764467,21.2622567,-157.7850232,,"Kahala Avenue, Waialae-Kahala, Black Point, Kāhala, East Honolulu, Honolulu, Honolulu County, Hawaii, 96821, United States",unknown,osm
osm-909764469,21.262747,-157.7848697,,"Kahala Avenue, Waialae-Kahala, Black Point, Kāhala, East Honolulu, Honolulu, Honolulu County, Hawaii, 96821, United States",unknown,osm
osm-909764505,21.2638369,-157.7824165,,"Kahala Avenue, Waialae-Kahala, Black Point, Kāhala, East Honolulu, Honolulu, Honolulu County, Hawaii, 96821, United States",unknown,osm
osm-914324063,21.3143094,-157.8352835,,"Kalawahine Place, Makiki, Honolulu, Honolulu County, Hawaii, 98622, United States",honolulu,osm
osm-914334710,21.3109026,-157.8331508,,"Hugh G. Peterson Jr. Residence, 2345, Makiki Heights Drive, Makiki, East Honolulu, Honolulu, Honolulu County, Hawaii, 96822, United States",honolulu,osm
osm-926766155,21.3471532,-157.8794982,,"7th Street, Kalihi, Honolulu, Honolulu County, Hawaii, 96858, United States",kalihi,osm
osm-930113137,21.3480206,-157.8222326,,"Poli Hiwa Place, Honolulu, Honolulu County, Hawaii, 96822, United States",unknown,osm
osm-930512013,21.4239238,-157.7950345,,"Konane Place, Kaneohe, Honolulu County, Hawaii, 96744, United States",kaneohe,osm
osm-934054292,21.3166752,-157.8116341,,"3076, Oahu Avenue, Mānoa, East Honolulu, Honolulu, Honolulu County, Hawaii, 96822, United States",honolulu,osm
osm-934149434,21.3948214,-157.7925955,,"Leleua Way, Keapuka, Kaneohe, Honolulu County, Hawaii, 96744, United States",kaneohe,osm
osm-935468899,21.4171683,-157.7660734,,"Aumoana Way, Kea‘alu, Kaneohe, Honolulu County, Hawaii, 96863, United States",unknown,osm
osm-935468900,21.417088,-157.7661248,,"Aumoana Way, Kea‘alu, Kaneohe, Honolulu County, Hawaii, 96863, United States",unknown,osm
osm-940026595,21.3181089,-157.8055107,,"Pauma Place, Mānoa, East Honolulu, Honolulu, Honolulu County, Hawaii, 96848, United States",honolulu,osm
osm-941662127,21.4270634,-157.7556911,,"Noke Street, Kailua, Honolulu County, Hawaii, 96863, United States",unknown,osm
osm-944493484,21.2905601,-157.7114418,,"Hawai’i Kai Drive, Hahaione Valley, Hawai’i Kai, Marina Central, East Honolulu, Honolulu, Honolulu County, Hawaii, 96825, United States",niu-valley,osm
osm-944493509,21.2911552,-157.7111836,,"Hawai’i Kai Drive, Hahaione Valley, Hawai’i Kai, Marina Central, East Honolulu, Honolulu, Honolulu County, Hawaii, 96825, United States",niu-valley,osm
osm-944493510,21.2913817,-157.7111155,,"Hawai’i Kai Drive, Hahaione Valley, Hawai’i Kai, Marina Central, East Honolulu, Honolulu, Honolulu County, Hawaii, 96825, United States",niu-valley,osm
osm-944493514,21.2916768,-157.7110007,,"Hawai’i Kai Drive, Hahaione Valley, Hawai’i Kai, Marina Central, East Honolulu, Honolulu, Honolulu County, Hawaii, 96825, United States",niu-valley,osm
osm-944500069,21.285857,-157.7131507,,"Opihikao Way, Hawai’i Kai, Marina Central, East Honolulu, Honolulu, Honolulu County, Hawaii, 96825, United States",niu-valley,osm
osm-944539583,21.2892786,-157.7123649,,"Hawai’i Kai Drive, Hahaione Valley, Hawai’i Kai, Marina Central, East Honolulu, Honolulu, Honolulu County, Hawaii, 96825, United States",niu-valley,osm
osm-944539626,21.2867734,-157.7168997,,"Hawai’i Kai Drive, Hawai’i Kai, Marina Central, East Honolulu, Honolulu, Honolulu County, Hawaii, 96825, United States",niu-valley,osm
osm-944547999,21.2818473,-157.7066842,,"Koko Isle Circle, Marina East, East Honolulu, Honolulu, Honolulu County, Hawaii, 96825, United States",hawaii-kai,osm
osm-944952834,21.2952318,-157.6636279,,"7998, Makaaoa Place, Kalama Valley, East Honolulu, Honolulu, Honolulu County, Hawaii, 96825, United States",unknown,osm
osm-944952835,21.2951858,-157.6637739,,"Makaaoa Place, Queen's Gate 2, Kalama Valley, East Honolulu, Honolulu, Honolulu County, Hawaii, 96825, United States",unknown,osm
osm-944952839,21.2951034,-157.6639149,,"7998, Makaaoa Place, Kalama Valley, East Honolulu, Honolulu, Honolulu County, Hawaii, 96825, United States",unknown,osm
osm-944952840,21.2950187,-157.6641248,,"Makaaoa Place, Queen's Gate 2, Kalama Valley, East Honolulu, Honolulu, Honolulu County, Hawaii, 96825, United States",unknown,osm
osm-944955100,21.2946499,-157.6641367,,"Makaaoa Place, Queen's Gate 2, Kalama Valley, East Honolulu, Honolulu, Honolulu County, Hawaii, 96825, United States",unknown,osm
osm-944955101,21.2948557,-157.6636697,,"7999, Makaaoa Place, Kalama Valley, East Honolulu, Honolulu, Honolulu County, Hawaii, 96825, United States",unknown,osm
osm-944955104,21.294562,-157.6643241,,"Makaaoa Place, Queen's Gate 2, Kalama Valley, East Honolulu, Honolulu, Honolulu County, Hawaii, 96825, United States",unknown,osm
osm-944955107,21.2944093,-157.6643773,,"Makaaoa Place, Queen's Gate 2, Kalama Valley, East Honolulu, Honolulu, Honolulu County, Hawaii, 96825, United States",unknown,osm
osm-944955109,21.2944792,-157.664677,,"Makaaoa Place, Queen's Gate 2, Kalama Valley, East Honolulu, Honolulu, Honolulu County, Hawaii, 96825, United States",unknown,osm
osm-944955110,21.2944688,-157.6646107,,"Championship Course, Kamaole Street, Kalama Valley, Mariner's Cove, East Honolulu, Honolulu, Honolulu County, Hawaii, 96825, United States",unknown,osm
osm-944955113,21.2940675,-157.6649463,,"Palea Way, Queen's Gate 2, Kalama Valley, East Honolulu, Honolulu, Honolulu County, Hawaii, 96825, United States",unknown,osm
osm-944955114,21.2940209,-157.6652101,,"Palea Way, Queen's Gate 2, Kalama Valley, East Honolulu, Honolulu, Honolulu County, Hawaii, 96825, United States",unknown,osm
osm-944955116,21.2942993,-157.6649306,,"Palea Way, Queen's Gate 2, Kalama Valley, East Honolulu, Honolulu, Honolulu County, Hawaii, 96825, United States",unknown,osm
osm-944955119,21.2942368,-157.6653324,,"Palea Way, Queen's Gate 2, Kalama Valley, East Honolulu, Honolulu, Honolulu County, Hawaii, 96825, United States",unknown,osm
osm-944955121,21.2944226,-157.6653352,,"Makaaoa Place, Queen's Gate 2, Kalama Valley, East Honolulu, Honolulu, Honolulu County, Hawaii, 96825, United States",unknown,osm
osm-952509883,21.4354416,-157.8248661,,"Hui Alaiaha Place, Ahuimanu, Kailua, Honolulu County, Hawaii, 96744, United States",ahuimanu,osm
osm-952509884,21.4352994,-157.8248234,,"Hui Alaiaha Place, Ahuimanu, Kailua, Honolulu County, Hawaii, 96744, United States",ahuimanu,osm
osm-961194306,21.3461755,-157.8259845,,"Nuuanu Pali Drive, Honolulu, Honolulu County, Hawaii, 98622, United States",unknown,osm
osm-961194311,21.346961,-157.8254109,,"Old Pali Road, Honolulu, Honolulu County, Hawaii, 98622, United States",unknown,osm
osm-961676795,21.3081214,-157.8440204,,"Maunaihi Terrace, 1031, Maunaihi Place, Makiki Kai, East Honolulu, Honolulu, Honolulu County, Hawaii, 96822, United States",honolulu,osm
osm-961676798,21.3077344,-157.8430709,,"Spencer Street, Makiki Kai, Honolulu, Honolulu County, Hawaii, 98622, United States",honolulu,osm
osm-962188916,21.3460586,-157.8284551,,"Palimalu Drive, Honolulu, Honolulu County, Hawaii, 98622, United States",unknown,osm
osm-988772747,21.4009767,-158.0035835,,"Lumiaina Street, Waikele, Crestview, Waipahu, Honolulu County, Hawaii, 96797, United States",waipahu,osm
osm-993770049,21.3311525,-158.0735173,,"Kunehi Street, City Center, Kalaeloa, Kapolei, Honolulu County, Hawaii, 96707, United States",kapolei,osm
osm-994074773,21.3082747,-157.843082,,"Spencer Street, Makiki Kai, Honolulu, Honolulu County, Hawaii, 98622, United States",honolulu,osm
osm-996448644,21.4652012,-158.2153909,,"Moua Street, Makaha, Honolulu County, Hawaii, 96792, United States",makaha,osm
osm-1004862548,21.2784323,-157.8222894,,"Camilla, 2411, Ala Wai Boulevard, Waikīkī, East Honolulu, Honolulu, Honolulu County, Hawaii, 96815, United States",waikiki,osm
osm-1005160681,21.3662121,-157.9181535,,"Epukane Street, Red Hill, Honolulu, Honolulu County, Hawaii, 96818, United States",salt-lake,osm
osm-1005428358,21.2749061,-157.81865,,"Wai Nani Way, Kapahulu, East Honolulu, Honolulu, Honolulu County, Hawaii, 96815, United States",waikiki,osm
osm-1005428359,21.2745042,-157.8203964,,"Paoakalani Avenue, Kapahulu, East Honolulu, Honolulu, Honolulu County, Hawaii, 96815, United States",waikiki,osm
osm-1006265065,21.3203277,-157.8432558,,"Namilimili Street, Pacific Heights, East Honolulu, Honolulu, Honolulu County, Hawaii, 98622, United States",honolulu,osm
osm-1009807834,21.3078688,-157.8274138,,"2299, Round Top Drive, Lower Mānoa, Mānoa, East Honolulu, Honolulu, Honolulu County, Hawaii, 96822, United States",honolulu,osm
osm-1010093050,21.2771676,-157.8260375,,"Kaʻiulani Avenue, Kalakaua Shopping District, Waikīkī, Honolulu, Honolulu County, Hawaii, 96815, United States",waikiki,osm
osm-1010794602,21.2758663,-157.821325,,"Liliʻuokalani Avenue, Waikīkī, Honolulu, Honolulu County, Hawaii, 96815, United States",waikiki,osm
osm-1011177717,21.272014,-157.8219228,,"Lemon Road, Waikīkī, Honolulu, Honolulu County, Hawaii, 96815, United States",waikiki,osm
osm-1011177731,21.2852216,-157.8358144,,"Ena Road, McCully, Honolulu, Honolulu County, Hawaii, 96830, United States",honolulu,osm
osm-1011178186,21.2852738,-157.8316972,,"Oahu Surf One, 419, Keoniana Street, McCully, Honolulu, Honolulu County, Hawaii, 96815, United States",honolulu,osm
osm-1011178187,21.2856769,-157.8313013,,"Oahu Surf Two, 439, Keoniana Street, McCully, Honolulu, Honolulu County, Hawaii, 96815, United States",honolulu,osm
osm-1015825839,21.300508,-157.8247429,,"Marques Street, Lower Mānoa, McCully, Honolulu, Honolulu County, Hawaii, 96822, United States",honolulu,osm
osm-1037072572,21.2763006,-157.8199242,,"Ala Wai Boulevard, Kapahulu, East Honolulu, Honolulu, Honolulu County, Hawaii, 96815, United States",waikiki,osm
osm-1037072574,21.2801258,-157.8358228,Iluma Pool,"Iluma Pool, Paoa Place, Waikīkī, East Honolulu, Honolulu, Honolulu County, Hawaii, 96830, United States",honolulu,osm
osm-1042064073,21.2746274,-157.7867278,The Regency at Kahala Pool,"The Regency at Kahala Pool, Pahoa Avenue, Waialae-Kahala, Kāhala, East Honolulu, Honolulu, Honolulu County, Hawaii, 96821, United States",unknown,osm
osm-1058396142,21.2819948,-157.8297775,,"Lauula Street, Waikīkī, Honolulu, Honolulu County, Hawaii, 96815, United States",honolulu,osm
osm-1058396144,21.2818684,-157.8297296,,"Lauula Street, Waikīkī, Honolulu, Honolulu County, Hawaii, 96815, United States",honolulu,osm
osm-1058396145,21.2824798,-157.8302466,,"Kalaimoku Street, Waikīkī, Honolulu, Honolulu County, Hawaii, 96815, United States",honolulu,osm
osm-1074415919,21.4199693,-157.8005783,,"Lilipuna Road, Kaneohe, Honolulu County, Hawaii, 96744, United States",kaneohe,osm
osm-1074415920,21.4213193,-157.8002024,,"PuuAlii PHASE I Office, 46-058, Aliianela Place, Kaneohe, Honolulu County, Hawaii, 96744, United States",kaneohe,osm
osm-1075225789,21.2769145,-157.8282633,,"Surf Lanai, 2259, Kalākaua Avenue, Kalakaua Shopping District, Waikīkī, Honolulu, Honolulu County, Hawaii, 96815, United States",waikiki,osm
osm-1077853767,21.643841,-158.0255157,,"Pupukea Road, Honolulu County, Hawaii, United States",unknown,osm
osm-1079933487,21.4078622,-157.9490141,,"Wailuna, Waimalu, Waipahu, Honolulu County, Hawaii, 96782, United States",pearl-city,osm
osm-1081103162,21.3429705,-158.1226476,,"Olani Street, The Coconut Plantation, Kapolei, Honolulu County, Hawaii, 96707, United States",unknown,osm
osm-1081103163,21.3436125,-158.1245479,,"Olani Street, The Coconut Plantation, Kapolei, Honolulu County, Hawaii, 96707, United States",unknown,osm
osm-1081132520,21.3419073,-158.1178826,,"Koi'o Drive, Ko'Olina Kai Golf Estates and Villas, Kapolei, Honolulu County, Hawaii, 96707, United States",unknown,osm
osm-1082574094,21.2809044,-157.8261382,,"Island Colony, 445, Seaside Avenue, Waikīkī, Honolulu, Honolulu County, Hawaii, 96815, United States",honolulu,osm
osm-1090883447,21.5163012,-158.0032736,NCTAMS Pool,"NCTAMS Pool, 500, Center Street, Wahiawa, Honolulu County, Hawaii, 96786, United States",unknown,osm
osm-1095523221,21.2866559,-157.8237709,,"Iolani Court Plaza, 2499, Kapiolani Boulevard, Moiliili, McCully, Honolulu, Honolulu County, Hawaii, 96826, United States",honolulu,osm
osm-1095523243,21.2856634,-157.822887,,"ʻIolani School, 523, Kamoku Street, Moiliili, Waikīkī, Honolulu, Honolulu County, Hawaii, 96826, United States",honolulu,osm
osm-1095525720,21.2870914,-157.7052531,,"7000, Hawai’i Kai Drive, Hawaii Kai Ridge & Cove, East Honolulu, Honolulu, Honolulu County, Hawaii, 96825, United States",hawaii-kai,osm
osm-1095525848,21.2858165,-157.7054143,,"Keahole Place, Marina East, East Honolulu, Honolulu, Honolulu County, Hawaii, 96825, United States",hawaii-kai,osm
osm-1095525851,21.2875131,-157.6951088,,"Kukuiula Place, Lunalilo Park Mauka, East Honolulu, Honolulu, Honolulu County, Hawaii, 96825, United States",hawaii-kai,osm
osm-1095525852,21.2877762,-157.6945667,,"501, Kukuiula Place, Lunalilo Park Mauka, East Honolulu, Honolulu, Honolulu County, Hawaii, 96825, United States",hawaii-kai,osm
osm-1095525924,21.2764865,-157.8270421,,"The Beach Bar, 2365, Kalākaua Avenue, Kalakaua Shopping District, Waikīkī, Honolulu, Honolulu County, Hawaii, 96815, United States",waikiki,osm
osm-1095733732,21.2854007,-157.822543,,"ʻIolani School, 523, Kamoku Street, Waikīkī, East Honolulu, Honolulu, Honolulu County, Hawaii, 96826, United States",honolulu,osm
osm-1096712954,21.4514642,-158.0186472,Recreation Center 3 Pool,"Recreation Center 3 Pool, Kaloapau Street, Mililani Town, Honolulu County, Hawaii, 96789, United States",mililani,osm
osm-1099936824,21.6509104,-158.0582282,,"Wilinau Road, Honolulu County, Hawaii, United States",unknown,osm
osm-1099936825,21.6509033,-158.058187,,"Wilinau Road, Honolulu County, Hawaii, United States",unknown,osm
osm-1099936826,21.6505474,-158.0575994,,"Alapio Road, Honolulu County, Hawaii, United States",unknown,osm
osm-1103729785,21.2920122,-157.7071762,,"Hawai’i Kai Drive, Hahaione High Rise, East Honolulu, Honolulu, Honolulu County, Hawaii, 96825, United States",hawaii-kai,osm
osm-1103729786,21.2928819,-157.7072982,,"6754, Hawai’i Kai Drive, Hahaione High Rise, East Honolulu, Honolulu, Honolulu County, Hawaii, 96825, United States",hawaii-kai,osm
osm-1112158421,21.2832603,-157.8388815,Paradise Pool,"Lagoon Grill, 2005, Kalia Road, Waikīkī, Honolulu, Honolulu County, Hawaii, 96815, United States",honolulu,osm
osm-1112158441,21.2838863,-157.8363658,Kalia Adult Pool,"Kalia Adult Pool, Rainbow Drive, Waikīkī, Honolulu, Honolulu County, Hawaii, 96815, United States",honolulu,osm
osm-1112158442,21.2825055,-157.8364586,Tapa Pool,"Aloha Bowls & Teas, 2005, Kalia Road, Waikīkī, Honolulu, Honolulu County, Hawaii, 96815, United States",honolulu,osm
osm-1112333702,21.2724064,-157.8225686,,"Jamba, 2470, Kapahulu Avenue, Waikīkī, Honolulu, Honolulu County, Hawaii, 96815, United States",waikiki,osm
osm-1112776945,21.2755447,-157.8194296,,"Paoakalani Avenue, Kapahulu, East Honolulu, Honolulu, Honolulu County, Hawaii, 96815, United States",waikiki,osm
osm-1113753933,21.2738026,-157.8222683,,"Ohua Avenue, Waikīkī, Honolulu, Honolulu County, Hawaii, 96815, United States",waikiki,osm
osm-1113753934,21.2731205,-157.8231432,,"Kuhio Beach Grill, Ohua Avenue, Waikīkī, Honolulu, Honolulu County, Hawaii, 96815, United States",waikiki,osm
osm-1113756027,21.2740068,-157.8231837,,"Kealohilani Avenue, Waikīkī, Honolulu, Honolulu County, Hawaii, 96815, United States",waikiki,osm
osm-1113756028,21.2747446,-157.8234961,,"Kai Coffee, Liliʻuokalani Avenue, Waikīkī, Honolulu, Honolulu County, Hawaii, 96815, United States",waikiki,osm
osm-1113756029,21.2749089,-157.8232011,,"SWELL Restaurant and Pool Bar, 2490, Kalākaua Avenue, Waikīkī, East Honolulu, Honolulu, Honolulu County, Hawaii, 96815, United States",waikiki,osm
osm-1114733033,21.2761488,-157.8254576,,"Reys Spooner, 2424, Kalākaua Avenue, Kalakaua Shopping District, Waikīkī, Honolulu, Honolulu County, Hawaii, 96815, United States",waikiki,osm
osm-1114734115,21.2777901,-157.8228675,,"Waikiki Skytower, 2410, Cleghorn Street, Waikīkī, East Honolulu, Honolulu, Honolulu County, Hawaii, 96815, United States",waikiki,osm
osm-1115388335,21.2768106,-157.8280381,,"OUTRIGGER Waikiki Beach Resort, 2335, Kalākaua Avenue, Kalakaua Shopping District, Waikīkī, East Honolulu, Honolulu, Honolulu County, Hawaii, 96815, United States",waikiki,osm
osm-1116346673,21.2788994,-157.8318701,,"Embassy Suites valet parking entrance, Waikiki Beach Walk, Waikīkī, Honolulu, Honolulu County, Hawaii, 96815, United States",waikiki,osm
osm-1116346674,21.2787524,-157.830776,,"Carludovica, 227, Lewers Street, Waikiki Beach Walk, Kalakaua Shopping District, Waikīkī, Honolulu, Honolulu County, Hawaii, 96815, United States",waikiki,osm
osm-1116346675,21.2779687,-157.8305984,,"Halekulani Bakery, Kalia Road, Waikīkī, Honolulu, Honolulu County, Hawaii, 96815, United States",waikiki,osm
osm-1116386883,21.2845848,-157.8392144,,"Morimoto Waikiki, 1777, Ala Moana Boulevard, Ala Moana, East Honolulu, Honolulu, Honolulu County, Hawaii, 96815, United States",honolulu,osm
osm-1116386884,21.2847624,-157.8390134,,"Morimoto Waikiki, 1777, Ala Moana Boulevard, Ala Moana, Honolulu, Honolulu County, Hawaii, 96815, United States",honolulu,osm
osm-1121961800,21.3317667,-158.0143327,Montecity Community Pool,"Montecity Community Pool, Kanela Street, Ewa Beach, Honolulu County, Hawaii, 96706, United States",ewa-beach,osm
osm-1121961803,21.3365442,-158.0158158,TCLT Community Pool,"TCLT Community Pool, Kamailio Street, Ewa Beach, Honolulu County, Hawaii, 96706, United States",ewa-beach,osm
osm-1157060797,21.2984877,-157.8359099,,"South Beretania Street, Pawaa, Honolulu, Honolulu County, Hawaii, 96814, United States",honolulu,osm
osm-1157060800,21.2990941,-157.8315847,,"1801, Bingham Street, Moiliili, McCully, East Honolulu, Honolulu, Honolulu County, Hawaii, 96826, United States",honolulu,osm
osm-1181208846,21.4423157,-157.7567226,K-Bay Pool,"K-Bay Pool, 5th Street, Honolulu County, Hawaii, 96863, United States",unknown,osm
osm-1197578055,21.3703041,-157.7486353,,"Ohana Trail, Maunawili, Enchanted Lake, East Honolulu, Honolulu County, Hawaii, 96734, United States",kailua,osm
osm-1197578074,21.2843712,-157.7390671,,"Kanau Street, Niu Valley, Niu and Niuiki Circle, Hawaii Loa Ridge, East Honolulu, Honolulu, Honolulu County, Hawaii, 96821, United States",aina-haina,osm
osm-1201560482,21.3531618,-157.9072706,,"Honolulu Country Club, 1690, Ala Puʻumalu Street, Moanalua Gardens, Honolulu, Honolulu County, Hawaii, 96818, United States",salt-lake,osm
osm-1204348315,21.2633665,-157.7857737,,"Ulili Street, Waialae-Kahala, Kāhala, East Honolulu, Honolulu, Honolulu County, Hawaii, 96821, United States",unknown,osm
osm-1204348924,21.2672038,-157.7825939,,"Kolohala Street, Waialae-Kahala, Kāhala, East Honolulu, Honolulu, Honolulu County, Hawaii, 96821, United States",unknown,osm
osm-1204567104,21.2640839,-157.7851161,,"ʻAukai Avenue, Waialae-Kahala, Kāhala, East Honolulu, Honolulu, Honolulu County, Hawaii, 96821, United States",unknown,osm
osm-1204567185,21.2636707,-157.7854454,,"Kahala Avenue, Waialae-Kahala, Black Point, Kāhala, East Honolulu, Honolulu, Honolulu County, Hawaii, 96821, United States",unknown,osm
osm-1204567213,21.2638019,-157.7851981,,"Kahala Avenue, Waialae-Kahala, Black Point, Kāhala, East Honolulu, Honolulu, Honolulu County, Hawaii, 96821, United States",unknown,osm
osm-1204567283,21.2634944,-157.7856999,,"Ulili Street, Waialae-Kahala, Kāhala, East Honolulu, Honolulu, Honolulu County, Hawaii, 96821, United States",unknown,osm
osm-1204568145,21.26356,-157.7859459,,"469, Ulili Street, Waialae-Kahala, Kāhala, East Honolulu, Honolulu, Honolulu County, Hawaii, 96816, United States",unknown,osm
osm-1204568325,21.2640301,-157.7857607,,"ʻAukai Avenue, Waialae-Kahala, Kāhala, East Honolulu, Honolulu, Honolulu County, Hawaii, 96821, United States",unknown,osm
osm-1204568367,21.26367,-157.7857392,,"4563, ʻAukai Avenue, Waialae-Kahala, Wailupe, Kāhala, East Honolulu, Honolulu, Honolulu County, Hawaii, 96816, United States",unknown,osm
osm-1204568436,21.264105,-157.7852472,,"ʻAukai Avenue, Waialae-Kahala, Kāhala, East Honolulu, Honolulu, Honolulu County, Hawaii, 96821, United States",unknown,osm
osm-1204570903,21.267199,-157.7851034,,"Ulumaika Street, Waialae-Kahala, Kāhala, East Honolulu, Honolulu, Honolulu County, Hawaii, 96821, United States",unknown,osm
osm-1204570906,21.2671889,-157.7847668,,"Iiwi Street, Waialae-Kahala, Kāhala, East Honolulu, Honolulu, Honolulu County, Hawaii, 96821, United States",unknown,osm
osm-1204571039,21.2679994,-157.7858923,,"Iiwi Street, Waialae-Kahala, Kāhala, East Honolulu, Honolulu, Honolulu County, Hawaii, 96821, United States",unknown,osm
osm-1204571040,21.2679283,-157.7856786,,"Iiwi Street, Waialae-Kahala, Kāhala, East Honolulu, Honolulu, Honolulu County, Hawaii, 96821, United States",unknown,osm
osm-1204571083,21.2679835,-157.7871244,,"745, Ulumaika Street, Waialae-Kahala, Kāhala, East Honolulu, Honolulu, Honolulu County, Hawaii, 96816, United States",unknown,osm
osm-1204571090,21.2677905,-157.7854782,,"Farmers Road, Waialae-Kahala, Kāhala, East Honolulu, Honolulu, Honolulu County, Hawaii, 96821, United States",unknown,osm
osm-1204573341,21.2657784,-157.7853819,,"Kolohala Street, Waialae-Kahala, Kāhala, East Honolulu, Honolulu, Honolulu County, Hawaii, 96821, United States",unknown,osm
osm-1204573429,21.265887,-157.7853409,,"Kolohala Street, Waialae-Kahala, Kāhala, East Honolulu, Honolulu, Honolulu County, Hawaii, 96821, United States",unknown,osm
osm-1204573498,21.2659247,-157.7850863,,"Kolohala Street, Waialae-Kahala, Kāhala, East Honolulu, Honolulu, Honolulu County, Hawaii, 96821, United States",unknown,osm
osm-1204581252,21.2665536,-157.7845329,,"Kolohala Street, Waialae-Kahala, Kāhala, East Honolulu, Honolulu, Honolulu County, Hawaii, 96821, United States",unknown,osm
osm-1204581432,21.2667303,-157.7842275,,"Iiwi Street, Waialae-Kahala, Kāhala, East Honolulu, Honolulu, Honolulu County, Hawaii, 96821, United States",unknown,osm
osm-1204583057,21.2658398,-157.7856956,,"655, Hunakai Street, Waialae-Kahala, Kāhala, East Honolulu, Honolulu, Honolulu County, Hawaii, 96816, United States",unknown,osm
osm-1204583124,21.2676372,-157.7875133,,"Hunakai Street, Waialae-Kahala, Kāhala, East Honolulu, Honolulu, Honolulu County, Hawaii, 96821, United States",unknown,osm
osm-1204583231,21.2679768,-157.7873808,,"Onaha Street, Waialae-Kahala, Black Point, Kāhala, East Honolulu, Honolulu, Honolulu County, Hawaii, 96821, United States",unknown,osm
osm-1204584019,21.2687742,-157.7858206,,"Iiwi Street, Waialae-Kahala, Kāhala, East Honolulu, Honolulu, Honolulu County, Hawaii, 96821, United States",unknown,osm
osm-1204606033,21.2646135,-157.7861254,,"Kolohala Street, Waialae-Kahala, Kāhala, East Honolulu, Honolulu, Honolulu County, Hawaii, 96821, United States",unknown,osm
osm-1204606109,21.2647446,-157.785842,,"ʻAukai Avenue, Waialae-Kahala, Wailupe, Kāhala, East Honolulu, Honolulu, Honolulu County, Hawaii, 96821, United States",unknown,osm
osm-1204606152,21.2648685,-157.785389,,"Hunakai Street, Waialae-Kahala, Kāhala, East Honolulu, Honolulu, Honolulu County, Hawaii, 96821, United States",unknown,osm
osm-1204618984,21.2644335,-157.7863728,,"Kolohala Street, Waialae-Kahala, Kāhala, East Honolulu, Honolulu, Honolulu County, Hawaii, 96821, United States",unknown,osm
osm-1204720576,21.263035,-157.7864159,,"Kahala Avenue, Waialae-Kahala, Black Point, Kāhala, East Honolulu, Honolulu, Honolulu County, Hawaii, 96821, United States",unknown,osm
osm-1204720818,21.2628419,-157.7871953,,"Kahala Avenue, Waialae-Kahala, Wailupe, Kāhala, East Honolulu, Honolulu, Honolulu County, Hawaii, 96821, United States",unknown,osm
osm-1204720881,21.2625502,-157.787173,,"Kala Place, Waialae-Kahala, Kāhala, East Honolulu, Honolulu, Honolulu County, Hawaii, 96821, United States",unknown,osm
osm-1204721752,21.263242,-157.7866364,,"ʻAukai Avenue, Waialae-Kahala, Kāhala, East Honolulu, Honolulu, Honolulu County, Hawaii, 96821, United States",unknown,osm
osm-1204722799,21.2629172,-157.7866818,,"Kahala Avenue, Waialae-Kahala, Black Point, Kāhala, East Honolulu, Honolulu, Honolulu County, Hawaii, 96821, United States",unknown,osm
osm-1204724979,21.2659958,-157.7865589,,"Honua Street, Waialae-Kahala, Kāhala, East Honolulu, Honolulu, Honolulu County, Hawaii, 96821, United States",unknown,osm
osm-1204725193,21.2656638,-157.7866015,,"Honua Street, Waialae-Kahala, Kāhala, East Honolulu, Honolulu, Honolulu County, Hawaii, 96821, United States",unknown,osm
osm-1204725231,21.2655653,-157.7861482,,"Hunakai Street, Waialae-Kahala, Kāhala, East Honolulu, Honolulu, Honolulu County, Hawaii, 96821, United States",unknown,osm
osm-1204726302,21.2667638,-157.7872162,,"Hunakai Street, Waialae-Kahala, Kāhala, East Honolulu, Honolulu, Honolulu County, Hawaii, 96821, United States",unknown,osm
osm-1204726367,21.2635034,-157.7831516,,"Kahala Avenue, Waialae-Kahala, Black Point, Kāhala, East Honolulu, Honolulu, Honolulu County, Hawaii, 96821, United States",unknown,osm
osm-1204729761,21.2867725,-157.8261918,,"University Avenue, Moiliili, Waikīkī, Honolulu, Honolulu County, Hawaii, 96926, United States",honolulu,osm
osm-1204729762,21.2872561,-157.8258778,,"Ala Wai Skyrise, 555, University Avenue, Waikīkī, East Honolulu, Honolulu, Honolulu County, Hawaii, 96826, United States",honolulu,osm
osm-1204731380,21.2859742,-157.8238533,,"ʻIolani School, 523, Kamoku Street, Waikīkī, East Honolulu, Honolulu, Honolulu County, Hawaii, 96826, United States",honolulu,osm
osm-1204731381,21.2862126,-157.8232037,,"Regency Tower, 2525, Date Street, Waikīkī, East Honolulu, Honolulu, Honolulu County, Hawaii, 96826, United States",honolulu,osm
osm-1204737673,21.2669,-157.787474,,"Hunakai Street, Waialae-Kahala, Kāhala, East Honolulu, Honolulu, Honolulu County, Hawaii, 96821, United States",unknown,osm
osm-1204743482,21.2671014,-157.7837838,,"Iiwi Street, Waialae-Kahala, Wailupe, Kāhala, East Honolulu, Honolulu, Honolulu County, Hawaii, 96821, United States",unknown,osm
osm-1204743483,21.268089,-157.7835745,,"Koloa Street, Waialae-Kahala, Kāhala, East Honolulu, Honolulu, Honolulu County, Hawaii, 96821, United States",unknown,osm
osm-1204743484,21.2681935,-157.7831733,,"Noio Street, Waialae-Kahala, Kāhala, East Honolulu, Honolulu, Honolulu County, Hawaii, 96821, United States",unknown,osm
osm-1204743485,21.2687519,-157.7828247,,"Noio Street, Waialae-Kahala, Kāhala, East Honolulu, Honolulu, Honolulu County, Hawaii, 96821, United States",unknown,osm
osm-1204743486,21.2680044,-157.7827709,,"Noio Street, Waialae-Kahala, Kāhala, East Honolulu, Honolulu, Honolulu County, Hawaii, 96821, United States",unknown,osm
osm-1204743500,21.2639667,-157.7867629,,"Ulili Street, Waialae-Kahala, Kāhala, East Honolulu, Honolulu, Honolulu County, Hawaii, 96821, United States",unknown,osm
osm-1204743893,21.2636629,-157.7876902,,"Honorary Consulate of New Zealand, ʻAukai Avenue, Waialae-Kahala, Wailupe, Kāhala, East Honolulu, Honolulu, Honolulu County, Hawaii, 96821, United States",unknown,osm
osm-1204744094,21.2631943,-157.788299,,"ʻAukai Avenue, Waialae-Kahala, Kāhala, East Honolulu, Honolulu, Honolulu County, Hawaii, 96821, United States",unknown,osm
osm-1204744102,21.263204,-157.7879835,,"ʻAukai Avenue, Waialae-Kahala, Kāhala, East Honolulu, Honolulu, Honolulu County, Hawaii, 96821, United States",unknown,osm
osm-1204744130,21.263512,-157.7879434,,"Honorary Consulate of New Zealand, ʻAukai Avenue, Waialae-Kahala, Wailupe, Kāhala, East Honolulu, Honolulu, Honolulu County, Hawaii, 96821, United States",unknown,osm
osm-1204744155,21.2625946,-157.7892432,,"Elepaio Street, Waialae-Kahala, Black Point, Kāhala, East Honolulu, Honolulu, Honolulu County, Hawaii, 96828, United States",unknown,osm
osm-1204744197,21.2628946,-157.7888914,,"4456, ʻAukai Avenue, Waialae-Kahala, Wailupe, Kāhala, East Honolulu, Honolulu, Honolulu County, Hawaii, 96816, United States",unknown,osm
osm-1204744270,21.2629954,-157.7886773,,"ʻAukai Avenue, Waialae-Kahala, Kāhala, East Honolulu, Honolulu, Honolulu County, Hawaii, 96821, United States",unknown,osm
osm-1204744450,21.2627745,-157.7889879,,"ʻAukai Avenue, Waialae-Kahala, Kāhala, East Honolulu, Honolulu, Honolulu County, Hawaii, 96821, United States",unknown,osm
osm-1204744469,21.2632503,-157.7884736,,"Kolohala Street, Waialae-Kahala, Kāhala, East Honolulu, Honolulu, Honolulu County, Hawaii, 96821, United States",unknown,osm
osm-1204744479,21.2631733,-157.788682,,"4459, Kolohala Street, Waialae-Kahala, Wailupe, Kāhala, East Honolulu, Honolulu, Honolulu County, Hawaii, 96816, United States",unknown,osm
osm-1204744504,21.2644438,-157.7876794,,"Kolohala Street, Waialae-Kahala, Wailupe, Kāhala, East Honolulu, Honolulu, Honolulu County, Hawaii, 96821, United States",unknown,osm
osm-1204744541,21.2645528,-157.788564,,"Kuana Street, Waialae-Kahala, Kāhala, East Honolulu, Honolulu, Honolulu County, Hawaii, 96821, United States",unknown,osm
osm-1204744615,21.2645489,-157.7887852,,"633, Onaha Street, Waialae-Kahala, Kāhala, East Honolulu, Honolulu, Honolulu County, Hawaii, 96816, United States",unknown,osm
osm-1204744624,21.2642303,-157.7884226,,"Kuana Street, Waialae-Kahala, Kāhala, East Honolulu, Honolulu, Honolulu County, Hawaii, 96821, United States",unknown,osm
osm-1204744833,21.2650469,-157.7890335,,"Onaha Street, Waialae-Kahala, Black Point, Kāhala, East Honolulu, Honolulu, Honolulu County, Hawaii, 96821, United States",unknown,osm
osm-1204745489,21.2655387,-157.7891414,,"Onaha Street, Waialae-Kahala, Black Point, Kāhala, East Honolulu, Honolulu, Honolulu County, Hawaii, 96821, United States",unknown,osm
osm-1204745536,21.2653356,-157.7874666,,"669, Ulili Street, Waialae-Kahala, Kāhala, East Honolulu, Honolulu, Honolulu County, Hawaii, 96816, United States",unknown,osm
osm-1204745639,21.2684338,-157.784915,,"4570, Farmers Road, Waialae-Kahala, Wailupe, Kāhala, East Honolulu, Honolulu, Honolulu County, Hawaii, 96816, United States",unknown,osm
osm-1204745659,21.2682548,-157.7850725,,"Iiwi Street, Waialae-Kahala, Kāhala, East Honolulu, Honolulu, Honolulu County, Hawaii, 96821, United States",unknown,osm
osm-1204745673,21.2682699,-157.7853367,,"Iiwi Street, Waialae-Kahala, Kāhala, East Honolulu, Honolulu, Honolulu County, Hawaii, 96821, United States",unknown,osm
osm-1204745916,21.2686571,-157.7856531,,"1041, Iiwi Street, Waialae-Kahala, Wailupe, Kāhala, East Honolulu, Honolulu, Honolulu County, Hawaii, 96816, United States",unknown,osm
osm-1204745924,21.268472,-157.785325,,"1023, Iiwi Street, Waialae-Kahala, Wailupe, Kāhala, East Honolulu, Honolulu, Honolulu County, Hawaii, 96816, United States",unknown,osm
osm-1204745958,21.2674994,-157.7831109,,"Koloa Street, Waialae-Kahala, Kāhala, East Honolulu, Honolulu, Honolulu County, Hawaii, 96821, United States",unknown,osm
osm-1204746012,21.2678846,-157.7831648,,"Koloa Street, Waialae-Kahala, Kāhala, East Honolulu, Honolulu, Honolulu County, Hawaii, 96821, United States",unknown,osm
osm-1204746112,21.2684946,-157.7841026,,"Koloa Street, Waialae-Kahala, Kāhala, East Honolulu, Honolulu, Honolulu County, Hawaii, 96821, United States",unknown,osm
osm-1204746113,21.2687871,-157.7838511,,"Noio Street, Waialae-Kahala, Kāhala, East Honolulu, Honolulu, Honolulu County, Hawaii, 96821, United States",unknown,osm
osm-1204746158,21.2673543,-157.7824395,,"Kolohala Street, Waialae-Kahala, Kāhala, East Honolulu, Honolulu, Honolulu County, Hawaii, 96821, United States",unknown,osm
osm-1204746182,21.2673733,-157.7811751,,"ʻAukai Avenue, Waialae-Kahala, Wailupe, Kāhala, East Honolulu, Honolulu, Honolulu County, Hawaii, 96821, United States",unknown,osm
osm-1204746227,21.2667494,-157.7814402,,"Kahala Avenue, Waialae-Kahala, Black Point, Kāhala, East Honolulu, Honolulu, Honolulu County, Hawaii, 96821, United States",unknown,osm
osm-1204746281,21.2666017,-157.7817703,,"ʻAukai Avenue, Waialae-Kahala, Kāhala, East Honolulu, Honolulu, Honolulu County, Hawaii, 96821, United States",unknown,osm
osm-1204746370,21.2664185,-157.781616,,"Kahala Avenue, Waialae-Kahala, Black Point, Kāhala, East Honolulu, Honolulu, Honolulu County, Hawaii, 96821, United States",unknown,osm
osm-1204746464,21.2658985,-157.7823213,,"Koloa Street, Waialae-Kahala, Kāhala, East Honolulu, Honolulu, Honolulu County, Hawaii, 96821, United States",unknown,osm
osm-1204746529,21.2660391,-157.7824594,,"670, Koloa Street, Waialae-Kahala, Wailupe, Kāhala, East Honolulu, Honolulu, Honolulu County, Hawaii, 96816, United States",unknown,osm
osm-1204746533,21.2658077,-157.7828092,,"Kahala Avenue, Waialae-Kahala, Wailupe, Kāhala, East Honolulu, Honolulu, Honolulu County, Hawaii, 96821, United States",unknown,osm
osm-1204746556,21.265603,-157.7830675,,"ʻAukai Avenue, Waialae-Kahala, Kāhala, East Honolulu, Honolulu, Honolulu County, Hawaii, 96821, United States",unknown,osm
osm-1204746585,21.2655443,-157.7827042,,"Kahala Avenue, Waialae-Kahala, Black Point, Kāhala, East Honolulu, Honolulu, Honolulu County, Hawaii, 96821, United States",unknown,osm
osm-1204746657,21.2646526,-157.7841547,,"Kahala Avenue, Waialae-Kahala, Black Point, Kāhala, East Honolulu, Honolulu, Honolulu County, Hawaii, 96821, United States",unknown,osm
osm-1204747177,21.2646898,-157.7843792,,"ʻAukai Avenue, Waialae-Kahala, Kāhala, East Honolulu, Honolulu, Honolulu County, Hawaii, 96821, United States",unknown,osm
osm-1204747232,21.2647847,-157.7839159,,"Kahala Avenue, Waialae-Kahala, Black Point, Kāhala, East Honolulu, Honolulu, Honolulu County, Hawaii, 96821, United States",unknown,osm
osm-1204747296,21.266808,-157.7825256,,"Koloa Street, Waialae-Kahala, Kāhala, East Honolulu, Honolulu, Honolulu County, Hawaii, 96821, United States",unknown,osm
osm-1204747321,21.2654152,-157.7846568,,"ʻAukai Avenue, Waialae-Kahala, Kāhala, East Honolulu, Honolulu, Honolulu County, Hawaii, 96821, United States",unknown,osm
osm-1204747331,21.2652014,-157.7847781,,"ʻAukai Avenue, Waialae-Kahala, Kāhala, East Honolulu, Honolulu, Honolulu County, Hawaii, 96821, United States",unknown,osm
osm-1204747432,21.2659082,-157.7839977,,"ʻAukai Avenue, Waialae-Kahala, Kāhala, East Honolulu, Honolulu, Honolulu County, Hawaii, 96821, United States",unknown,osm
osm-1204747524,21.266284,-157.7834386,,"4672, ʻAukai Avenue, Waialae-Kahala, Wailupe, Kāhala, East Honolulu, Honolulu, Honolulu County, Hawaii, 96816, United States",unknown,osm
osm-1204747994,21.2661472,-157.7836074,,"ʻAukai Avenue, Waialae-Kahala, Kāhala, East Honolulu, Honolulu, Honolulu County, Hawaii, 96821, United States",unknown,osm
osm-1204748063,21.2660048,-157.783823,,"ʻAukai Avenue, Waialae-Kahala, Kāhala, East Honolulu, Honolulu, Honolulu County, Hawaii, 96821, United States",unknown,osm
osm-1204748191,21.2664246,-157.7832478,,"ʻAukai Avenue, Waialae-Kahala, Kāhala, East Honolulu, Honolulu, Honolulu County, Hawaii, 96821, United States",unknown,osm
osm-1204750973,21.2666175,-157.7829257,,"780, Koloa Street, Waialae-Kahala, Wailupe, Kāhala, East Honolulu, Honolulu, Honolulu County, Hawaii, 96816, United States",unknown,osm
osm-1204751180,21.2657243,-157.7841353,,"ʻAukai Avenue, Waialae-Kahala, Kāhala, East Honolulu, Honolulu, Honolulu County, Hawaii, 96821, United States",unknown,osm
osm-1204781722,21.2584239,-157.8166458,,"Mākālei Place, East Honolulu, Honolulu, Honolulu County, Hawaii, 96828, United States",unknown,osm
osm-1204795975,21.265135,-157.7850869,,"557, Hunakai Street, Waialae-Kahala, Kāhala, East Honolulu, Honolulu, Honolulu County, Hawaii, 96816, United States",unknown,osm
osm-1204795983,21.2652861,-157.7851066,,"Kolohala Street, Waialae-Kahala, Kāhala, East Honolulu, Honolulu, Honolulu County, Hawaii, 96821, United States",unknown,osm
osm-1204804636,21.2708815,-157.7752291,,"Kahala Avenue, Waialae-Kahala, Kāhala, East Honolulu, Honolulu, Honolulu County, Hawaii, 96821, United States",kahala,osm
osm-1204807094,21.2665013,-157.7831133,,"4686, ʻAukai Avenue, Waialae-Kahala, Wailupe, Kāhala, East Honolulu, Honolulu, Honolulu County, Hawaii, 96816, United States",unknown,osm
osm-1204807422,21.2657804,-157.7843853,,"Kolohala Street, Waialae-Kahala, Kāhala, East Honolulu, Honolulu, Honolulu County, Hawaii, 96821, United States",unknown,osm
osm-1204807592,21.266001,-157.7818557,,"Koloa Street, Waialae-Kahala, Kāhala, East Honolulu, Honolulu, Honolulu County, Hawaii, 96821, United States",unknown,osm
osm-1204807754,21.2657967,-157.7825045,,"Koloa Street, Waialae-Kahala, Kāhala, East Honolulu, Honolulu, Honolulu County, Hawaii, 96821, United States",unknown,osm
osm-1204808028,21.2653177,-157.7830042,,"Kahala Avenue, Waialae-Kahala, Black Point, Kāhala, East Honolulu, Honolulu, Honolulu County, Hawaii, 96821, United States",unknown,osm
osm-1204813360,21.2649877,-157.7840377,,"ʻAukai Avenue, Waialae-Kahala, Kāhala, East Honolulu, Honolulu, Honolulu County, Hawaii, 96821, United States",unknown,osm
osm-1204988788,21.2631113,-157.788487,,"Kolohala Street, Waialae-Kahala, Kāhala, East Honolulu, Honolulu, Honolulu County, Hawaii, 96821, United States",unknown,osm
osm-1204993392,21.2610921,-157.7897114,,"Elepaio Street, Waialae-Kahala, Black Point, Kāhala, East Honolulu, Honolulu, Honolulu County, Hawaii, 96828, United States",unknown,osm
osm-1204993478,21.2618283,-157.7891113,,"ʻAukai Avenue, Waialae-Kahala, Kāhala, East Honolulu, Honolulu, Honolulu County, Hawaii, 96821, United States",unknown,osm
osm-1204993494,21.2616901,-157.7890896,,"Kahala Avenue, Waialae-Kahala, Black Point, Kāhala, East Honolulu, Honolulu, Honolulu County, Hawaii, 96821, United States",unknown,osm
osm-1204993574,21.2618249,-157.7887462,,"Kahala Avenue, Waialae-Kahala, Black Point, Kāhala, East Honolulu, Honolulu, Honolulu County, Hawaii, 96821, United States",unknown,osm
osm-1204993585,21.2620816,-157.7883259,,"Kahala Avenue, Waialae-Kahala, Black Point, Kāhala, East Honolulu, Honolulu, Honolulu County, Hawaii, 96821, United States",unknown,osm
osm-1204993736,21.2625612,-157.7877055,,"Kala Place, Waialae-Kahala, Kāhala, East Honolulu, Honolulu, Honolulu County, Hawaii, 96821, United States",unknown,osm
osm-1204994021,21.2624052,-157.7880707,,"ʻAukai Avenue, Waialae-Kahala, Kāhala, East Honolulu, Honolulu, Honolulu County, Hawaii, 96821, United States",unknown,osm
osm-1204994708,21.2622239,-157.7880493,,"Kahala Avenue, Waialae-Kahala, Black Point, Kāhala, East Honolulu, Honolulu, Honolulu County, Hawaii, 96821, United States",unknown,osm
osm-1204994784,21.2622187,-157.7884222,,"ʻAukai Avenue, Waialae-Kahala, Wailupe, Kāhala, East Honolulu, Honolulu, Honolulu County, Hawaii, 96821, United States",unknown,osm
osm-1204995542,21.2620704,-157.7886936,,"ʻAukai Avenue, Waialae-Kahala, Wailupe, Kāhala, East Honolulu, Honolulu, Honolulu County, Hawaii, 96821, United States",unknown,osm
osm-1204995896,21.2619298,-157.7902126,,"ʻAukai Avenue, Waialae-Kahala, Kāhala, East Honolulu, Honolulu, Honolulu County, Hawaii, 96821, United States",unknown,osm
osm-1204996107,21.2654005,-157.7808993,,"Kahala Avenue, Waialae-Kahala, Black Point, Kāhala, East Honolulu, Honolulu, Honolulu County, Hawaii, 96821, United States",unknown,osm
osm-1204996364,21.2591552,-157.7908058,,"Royal Place, Waialae-Kahala, Kāhala, East Honolulu, Honolulu, Honolulu County, Hawaii, 96828, United States",unknown,osm
osm-1204996583,21.26018,-157.7893735,,"Kahala Avenue, Waialae-Kahala, Black Point, Kāhala, East Honolulu, Honolulu, Honolulu County, Hawaii, 96821, United States",unknown,osm
osm-1204996589,21.2637121,-157.7891053,,"Kolohala Street, Waialae-Kahala, Kāhala, East Honolulu, Honolulu, Honolulu County, Hawaii, 96821, United States",unknown,osm
osm-1204996648,21.2645128,-157.7894705,,"Onaha Street, Waialae-Kahala, Kāhala, East Honolulu, Honolulu, Honolulu County, Hawaii, 96821, United States",unknown,osm
osm-1204996697,21.2641827,-157.7894812,,"Elepaio Street, Waialae-Kahala, Black Point, Kāhala, East Honolulu, Honolulu, Honolulu County, Hawaii, 96828, United States",unknown,osm
osm-1204996777,21.2650002,-157.7897723,,"Elepaio Street, Waialae-Kahala, Black Point, Kāhala, East Honolulu, Honolulu, Honolulu County, Hawaii, 96828, United States",unknown,osm
osm-1204996810,21.2654505,-157.7898412,,"Alae Street, Waialae-Kahala, Kāhala, East Honolulu, Honolulu, Honolulu County, Hawaii, 96828, United States",unknown,osm
osm-1204996968,21.2638248,-157.7893812,,"Elepaio Street, Waialae-Kahala, Black Point, Kāhala, East Honolulu, Honolulu, Honolulu County, Hawaii, 96828, United States",unknown,osm
osm-1204997025,21.2639325,-157.7886527,,"Onaha Street, Waialae-Kahala, Black Point, Kāhala, East Honolulu, Honolulu, Honolulu County, Hawaii, 96821, United States",unknown,osm
osm-1204997166,21.2657861,-157.7887885,,"Ulili Street, Waialae-Kahala, Kāhala, East Honolulu, Honolulu, Honolulu County, Hawaii, 96821, United States",unknown,osm
osm-1204997374,21.2652372,-157.7870824,,"Ulili Street, Waialae-Kahala, Kāhala, East Honolulu, Honolulu, Honolulu County, Hawaii, 96821, United States",unknown,osm
osm-1205005221,21.2652588,-157.7871028,,"Ulili Street, Waialae-Kahala, Kāhala, East Honolulu, Honolulu, Honolulu County, Hawaii, 96821, United States",unknown,osm
osm-1205005392,21.2652464,-157.7861921,,"Honua Street, Waialae-Kahala, Kāhala, East Honolulu, Honolulu, Honolulu County, Hawaii, 96821, United States",unknown,osm
osm-1205005608,21.2650615,-157.7814662,,"Kahala Avenue, Waialae-Kahala, Black Point, Kāhala, East Honolulu, Honolulu, Honolulu County, Hawaii, 96821, United States",unknown,osm
osm-1205005717,21.2661286,-157.7806055,,"Kahala Avenue, Waialae-Kahala, Black Point, Kāhala, East Honolulu, Honolulu, Honolulu County, Hawaii, 96821, United States",unknown,osm
osm-1205005859,21.2676252,-157.7794864,,"Kahala Avenue, Waialae-Kahala, Black Point, Kāhala, East Honolulu, Honolulu, Honolulu County, Hawaii, 96821, United States",unknown,osm
osm-1205006949,21.2681771,-157.708787,,"Portlock Road, Portlock, Koko Head, East Honolulu, Honolulu, Honolulu County, Hawaii, 96825, United States",unknown,osm
osm-1205006954,21.2691746,-157.7073249,,"Portlock Road, Portlock, Koko Head, East Honolulu, Honolulu, Honolulu County, Hawaii, 96825, United States",unknown,osm
osm-1205083638,21.2634699,-157.7881136,,"Kolohala Street, Waialae-Kahala, Kāhala, East Honolulu, Honolulu, Honolulu County, Hawaii, 96821, United States",unknown,osm
osm-1205088264,21.2634492,-157.7877983,,"ʻAukai Avenue, Waialae-Kahala, Kāhala, East Honolulu, Honolulu, Honolulu County, Hawaii, 96821, United States",unknown,osm
osm-1205089921,21.2624444,-157.7879377,,"ʻAukai Avenue, Waialae-Kahala, Kāhala, East Honolulu, Honolulu, Honolulu County, Hawaii, 96821, United States",unknown,osm
osm-1205091681,21.2600966,-157.7909494,,"Royal Place, Waialae-Kahala, Kāhala, East Honolulu, Honolulu, Honolulu County, Hawaii, 96828, United States",unknown,osm
osm-1205092061,21.2640027,-157.7880642,,"Kolohala Street, Waialae-Kahala, Kāhala, East Honolulu, Honolulu, Honolulu County, Hawaii, 96821, United States",unknown,osm
osm-1205092121,21.2646591,-157.7875758,,"Ulili Street, Waialae-Kahala, Kāhala, East Honolulu, Honolulu, Honolulu County, Hawaii, 96821, United States",unknown,osm
osm-1205093034,21.264366,-157.78865,,"Onaha Street, Waialae-Kahala, Black Point, Kāhala, East Honolulu, Honolulu, Honolulu County, Hawaii, 96821, United States",unknown,osm
osm-1205093348,21.2648031,-157.7876622,,"Ulili Street, Waialae-Kahala, Kāhala, East Honolulu, Honolulu, Honolulu County, Hawaii, 96821, United States",unknown,osm
osm-1205093712,21.2648065,-157.7878028,,"Kolohala Street, Waialae-Kahala, Wailupe, Kāhala, East Honolulu, Honolulu, Honolulu County, Hawaii, 96821, United States",unknown,osm
osm-1205093756,21.2651157,-157.7878001,,"Ulili Street, Waialae-Kahala, Kāhala, East Honolulu, Honolulu, Honolulu County, Hawaii, 96821, United States",unknown,osm
osm-1205093910,21.2651844,-157.7880393,,"Ulili Street, Waialae-Kahala, Kāhala, East Honolulu, Honolulu, Honolulu County, Hawaii, 96821, United States",unknown,osm
osm-1205093968,21.2654106,-157.7882041,,"Ulili Street, Waialae-Kahala, Kāhala, East Honolulu, Honolulu, Honolulu County, Hawaii, 96821, United States",unknown,osm
osm-1205094046,21.2651573,-157.7881174,,"Kuana Street, Waialae-Kahala, Kāhala, East Honolulu, Honolulu, Honolulu County, Hawaii, 96821, United States",unknown,osm
osm-1205094167,21.2656669,-157.788584,,"Ulili Street, Waialae-Kahala, Kāhala, East Honolulu, Honolulu, Honolulu County, Hawaii, 96821, United States",unknown,osm
osm-1205094220,21.2660066,-157.788939,,"713, Onaha Street, Waialae-Kahala, Kāhala, East Honolulu, Honolulu, Honolulu County, Hawaii, 96816, United States",unknown,osm
osm-1205094303,21.2663074,-157.787944,,"748, Honua Street, Waialae-Kahala, Kāhala, East Honolulu, Honolulu, Honolulu County, Hawaii, 96816, United States",unknown,osm
osm-1205094474,21.2672113,-157.7876248,,"754, Hunakai Street, Waialae-Kahala, Kāhala, East Honolulu, Honolulu, Honolulu County, Hawaii, 96816, United States",unknown,osm
osm-1205094621,21.2654586,-157.7862808,,"Honua Street, Waialae-Kahala, Kāhala, East Honolulu, Honolulu, Honolulu County, Hawaii, 96821, United States",unknown,osm
osm-1205094689,21.2655765,-157.7865495,,"Honua Street, Waialae-Kahala, Kāhala, East Honolulu, Honolulu, Honolulu County, Hawaii, 96821, United States",unknown,osm
osm-1205094813,21.2642442,-157.7848776,,"Hunakai Street, Waialae-Kahala, Kāhala, East Honolulu, Honolulu, Honolulu County, Hawaii, 96821, United States",unknown,osm
osm-1205094889,21.2630567,-157.7859857,,"416, Ulili Street, Waialae-Kahala, Kāhala, East Honolulu, Honolulu, Honolulu County, Hawaii, 96816, United States",unknown,osm
osm-1205095066,21.2628877,-157.7870946,,"Kahala Avenue, Waialae-Kahala, Wailupe, Kāhala, East Honolulu, Honolulu, Honolulu County, Hawaii, 96821, United States",unknown,osm
osm-1205095134,21.2623093,-157.7878937,,"Kahala Avenue, Waialae-Kahala, Black Point, Kāhala, East Honolulu, Honolulu, Honolulu County, Hawaii, 96821, United States",unknown,osm
osm-1205095240,21.2619104,-157.7888908,,"ʻAukai Avenue, Waialae-Kahala, Kāhala, East Honolulu, Honolulu, Honolulu County, Hawaii, 96821, United States",unknown,osm
osm-1205117691,21.2646249,-157.7873169,,"Ulili Street, Waialae-Kahala, Kāhala, East Honolulu, Honolulu, Honolulu County, Hawaii, 96821, United States",unknown,osm
osm-1205118118,21.2656548,-157.7882503,,"728, Ulili Street, Waialae-Kahala, Kāhala, East Honolulu, Honolulu, Honolulu County, Hawaii, 96816, United States",unknown,osm
osm-1205123395,21.2671671,-157.7898128,,"Koloa Street, Waialae-Kahala, Kāhala, East Honolulu, Honolulu, Honolulu County, Hawaii, 96821, United States",unknown,osm
osm-1205125503,21.2663604,-157.7883444,,"Ulili Street, Waialae-Kahala, Kāhala, East Honolulu, Honolulu, Honolulu County, Hawaii, 96821, United States",unknown,osm
osm-1205126293,21.2657373,-157.7874292,,"694, Honua Street, Waialae-Kahala, Kāhala, East Honolulu, Honolulu, Honolulu County, Hawaii, 96816, United States",unknown,osm
osm-1205126875,21.2659925,-157.7876718,,"718, Honua Street, Waialae-Kahala, Kāhala, East Honolulu, Honolulu, Honolulu County, Hawaii, 96816, United States",unknown,osm
osm-1205126971,21.2655552,-157.787244,,"Honua Street, Waialae-Kahala, Kāhala, East Honolulu, Honolulu, Honolulu County, Hawaii, 96821, United States",unknown,osm
osm-1205127417,21.2652943,-157.7869586,,"Honua Street, Waialae-Kahala, Kāhala, East Honolulu, Honolulu, Honolulu County, Hawaii, 96821, United States",unknown,osm
osm-1205127507,21.265142,-157.7868196,,"Honua Street, Waialae-Kahala, Kāhala, East Honolulu, Honolulu, Honolulu County, Hawaii, 96821, United States",unknown,osm
osm-1205127549,21.265034,-157.7866324,,"Honua Street, Waialae-Kahala, Kāhala, East Honolulu, Honolulu, Honolulu County, Hawaii, 96821, United States",unknown,osm
osm-1205270838,21.2656502,-157.787517,,"687, Ulili Street, Waialae-Kahala, Kāhala, East Honolulu, Honolulu, Honolulu County, Hawaii, 96816, United States",unknown,osm
osm-1205273372,21.2636114,-157.7894076,,"Elepaio Street, Waialae-Kahala, Black Point, Kāhala, East Honolulu, Honolulu, Honolulu County, Hawaii, 96828, United States",unknown,osm
osm-1205273480,21.2640007,-157.789403,,"Elepaio Street, Waialae-Kahala, Black Point, Kāhala, East Honolulu, Honolulu, Honolulu County, Hawaii, 96828, United States",unknown,osm
osm-1205282191,21.2652702,-157.7901063,,"677, Elepaio Street, Waialae-Kahala, Kāhala, East Honolulu, Honolulu, Honolulu County, Hawaii, 96816, United States",unknown,osm
osm-1205400305,21.2653317,-157.7896983,,"Onaha Street, Waialae-Kahala, Black Point, Kāhala, East Honolulu, Honolulu, Honolulu County, Hawaii, 96821, United States",unknown,osm
osm-1205401515,21.2638159,-157.7891698,,"Onaha Street, Waialae-Kahala, Black Point, Kāhala, East Honolulu, Honolulu, Honolulu County, Hawaii, 96821, United States",unknown,osm
osm-1205402342,21.2663081,-157.7899522,,"Elepaio Street, Waialae-Kahala, Black Point, Kāhala, East Honolulu, Honolulu, Honolulu County, Hawaii, 96828, United States",unknown,osm
osm-1205402728,21.266109,-157.7900786,,"Elepaio Street, Waialae-Kahala, Black Point, Kāhala, East Honolulu, Honolulu, Honolulu County, Hawaii, 96828, United States",unknown,osm
osm-1205402729,21.266543,-157.7897533,,"Elepaio Street, Waialae-Kahala, Black Point, Kāhala, East Honolulu, Honolulu, Honolulu County, Hawaii, 96828, United States",unknown,osm
osm-1205402730,21.2672119,-157.7892335,,"1256, Koloa Street, Waialae-Kahala, Wailupe, Kāhala, East Honolulu, Honolulu, Honolulu County, Hawaii, 96816, United States",unknown,osm
osm-1205402731,21.2671546,-157.7890597,,"1254, Koloa Street, Waialae-Kahala, Wailupe, Kāhala, East Honolulu, Honolulu, Honolulu County, Hawaii, 96816, United States",unknown,osm
osm-1205402732,21.2673993,-157.7888007,,"Koloa Street, Waialae-Kahala, Kāhala, East Honolulu, Honolulu, Honolulu County, Hawaii, 96821, United States",unknown,osm
osm-1205402733,21.2675507,-157.7886001,,"Koloa Street, Waialae-Kahala, Wailupe, Kāhala, East Honolulu, Honolulu, Honolulu County, Hawaii, 96821, United States",unknown,osm
osm-1205402734,21.2676092,-157.7881417,,"Onaha Street, Waialae-Kahala, Black Point, Kāhala, East Honolulu, Honolulu, Honolulu County, Hawaii, 96821, United States",unknown,osm
osm-1205402735,21.2677182,-157.7884745,,"Koloa Street, Waialae-Kahala, Wailupe, Kāhala, East Honolulu, Honolulu, Honolulu County, Hawaii, 96821, United States",unknown,osm
osm-1205402922,21.2668016,-157.7890467,,"Onaha Street, Waialae-Kahala, Black Point, Kāhala, East Honolulu, Honolulu, Honolulu County, Hawaii, 96821, United States",unknown,osm
osm-1205560913,21.2674885,-157.7895512,,"Koloa Street, Waialae-Kahala, Kāhala, East Honolulu, Honolulu, Honolulu County, Hawaii, 96821, United States",unknown,osm
osm-1205561665,21.2676576,-157.7896088,,"Elepaio Street, Waialae-Kahala, Black Point, Kāhala, East Honolulu, Honolulu, Honolulu County, Hawaii, 96828, United States",unknown,osm
osm-1205561666,21.267799,-157.7896593,,"765, Elepaio Street, Waialae-Kahala, Kāhala, East Honolulu, Honolulu, Honolulu County, Hawaii, 96816, United States",unknown,osm
osm-1205561667,21.2677387,-157.7894,,"Koloa Street, Waialae-Kahala, Kāhala, East Honolulu, Honolulu, Honolulu County, Hawaii, 96821, United States",unknown,osm
osm-1205561668,21.2679404,-157.7892634,,"Koloa Street, Waialae-Kahala, Kāhala, East Honolulu, Honolulu, Honolulu County, Hawaii, 96821, United States",unknown,osm
osm-1205561669,21.2682325,-157.7894384,,"783, Elepaio Street, Waialae-Kahala, Kāhala, East Honolulu, Honolulu, Honolulu County, Hawaii, 96816, United States",unknown,osm
osm-1205561670,21.268537,-157.7892226,,"Hunakai Street, Waialae-Kahala, Kāhala, East Honolulu, Honolulu, Honolulu County, Hawaii, 96821, United States",unknown,osm
osm-1205569632,21.2682725,-157.7882583,,"Hunakai Street, Waialae-Kahala, Kāhala, East Honolulu, Honolulu, Honolulu County, Hawaii, 96821, United States",unknown,osm
osm-1205569633,21.2690451,-157.7876337,,"Koloa Street, Waialae-Kahala, Kāhala, East Honolulu, Honolulu, Honolulu County, Hawaii, 96821, United States",unknown,osm
osm-1205569634,21.2690775,-157.7873915,,"Onaha Street, Waialae-Kahala, Black Point, Kāhala, East Honolulu, Honolulu, Honolulu County, Hawaii, 96821, United States",unknown,osm
osm-1205569635,21.2689278,-157.7875063,,"Koloa Street, Waialae-Kahala, Wailupe, Kāhala, East Honolulu, Honolulu, Honolulu County, Hawaii, 96821, United States",unknown,osm
osm-1205569636,21.2692904,-157.7873209,,"Koloa Street, Waialae-Kahala, Kāhala, East Honolulu, Honolulu, Honolulu County, Hawaii, 96821, United States",unknown,osm
osm-1205576048,21.2690428,-157.786726,,"Onaha Street, Waialae-Kahala, Black Point, Kāhala, East Honolulu, Honolulu, Honolulu County, Hawaii, 96821, United States",unknown,osm
osm-1205576049,21.2691559,-157.7863914,,"Koloa Street, Waialae-Kahala, Kāhala, East Honolulu, Honolulu, Honolulu County, Hawaii, 96821, United States",unknown,osm
osm-1205576050,21.2688725,-157.786318,,"Iiwi Street, Waialae-Kahala, Kāhala, East Honolulu, Honolulu, Honolulu County, Hawaii, 96821, United States",unknown,osm
osm-1205576051,21.2689571,-157.7859669,,"Koloa Street, Waialae-Kahala, Kāhala, East Honolulu, Honolulu, Honolulu County, Hawaii, 96821, United States",unknown,osm
osm-1205576052,21.2687896,-157.7859473,,"Iiwi Street, Waialae-Kahala, Kāhala, East Honolulu, Honolulu, Honolulu County, Hawaii, 96821, United States",unknown,osm
osm-1205576053,21.268619,-157.785281,,"Koloa Street, Waialae-Kahala, Kāhala, East Honolulu, Honolulu, Honolulu County, Hawaii, 96821, United States",unknown,osm
osm-1205576054,21.2684724,-157.7849883,,"Koloa Street, Waialae-Kahala, Kāhala, East Honolulu, Honolulu, Honolulu County, Hawaii, 96821, United States",unknown,osm
osm-1206239576,21.2673686,-157.7835218,,"Koloa Street, Waialae-Kahala, Kāhala, East Honolulu, Honolulu, Honolulu County, Hawaii, 96821, United States",unknown,osm
osm-1206240562,21.2673996,-157.7836822,,"Koloa Street, Waialae-Kahala, Kāhala, East Honolulu, Honolulu, Honolulu County, Hawaii, 96821, United States",unknown,osm
osm-1206240563,21.267626,-157.7839361,,"Iiwi Street, Waialae-Kahala, Wailupe, Kāhala, East Honolulu, Honolulu, Honolulu County, Hawaii, 96821, United States",unknown,osm
osm-1206240564,21.2677576,-157.7840232,,"Koloa Street, Waialae-Kahala, Kāhala, East Honolulu, Honolulu, Honolulu County, Hawaii, 96821, United States",unknown,osm
osm-1206240565,21.2679633,-157.7843104,,"Koloa Street, Waialae-Kahala, Kāhala, East Honolulu, Honolulu, Honolulu County, Hawaii, 96821, United States",unknown,osm
osm-1206240566,21.2678079,-157.7847028,,"Iiwi Street, Waialae-Kahala, Kāhala, East Honolulu, Honolulu, Honolulu County, Hawaii, 96821, United States",unknown,osm
osm-1206240567,21.2676607,-157.784464,,"Iiwi Street, Waialae-Kahala, Kāhala, East Honolulu, Honolulu, Honolulu County, Hawaii, 96821, United States",unknown,osm
osm-1206240568,21.2673311,-157.7838607,,"Iiwi Street, Waialae-Kahala, Kāhala, East Honolulu, Honolulu, Honolulu County, Hawaii, 96821, United States",unknown,osm
osm-1206240716,21.2670895,-157.7836548,,"Kolohala Street, Waialae-Kahala, Kāhala, East Honolulu, Honolulu, Honolulu County, Hawaii, 96821, United States",unknown,osm
osm-1206290778,21.2677863,-157.7829913,,"Kolohala Street, Waialae-Kahala, Kāhala, East Honolulu, Honolulu, Honolulu County, Hawaii, 96821, United States",unknown,osm
osm-1206290779,21.2684701,-157.7837993,,"977, Koloa Street, Waialae-Kahala, Wailupe, Kāhala, East Honolulu, Honolulu, Honolulu County, Hawaii, 96816, United States",unknown,osm
osm-1206290854,21.2688933,-157.7846275,,"1013, Koloa Street, Waialae-Kahala, Wailupe, Kāhala, East Honolulu, Honolulu, Honolulu County, Hawaii, 96816, United States",unknown,osm
osm-1206290855,21.2689491,-157.7844231,,"Farmers Road, Waialae-Kahala, Kāhala, East Honolulu, Honolulu, Honolulu County, Hawaii, 96821, United States",unknown,osm
osm-1206448993,21.2684399,-157.7831979,,"Noio Street, Waialae-Kahala, Kāhala, East Honolulu, Honolulu, Honolulu County, Hawaii, 96821, United States",unknown,osm
osm-1206474133,21.2679949,-157.7833059,,"Koloa Street, Waialae-Kahala, Kāhala, East Honolulu, Honolulu, Honolulu County, Hawaii, 96821, United States",unknown,osm
osm-1206474136,21.2682815,-157.7836543,,"Koloa Street, Waialae-Kahala, Kāhala, East Honolulu, Honolulu, Honolulu County, Hawaii, 96821, United States",unknown,osm
osm-1206474785,21.2689716,-157.7842627,,"4615, Farmers Road, Waialae-Kahala, Wailupe, Kāhala, East Honolulu, Honolulu, Honolulu County, Hawaii, 96816, United States",unknown,osm
osm-1206474786,21.269279,-157.7847863,,"1026, Noio Street, Waialae-Kahala, Wailupe, Kāhala, East Honolulu, Honolulu, Honolulu County, Hawaii, 96816, United States",unknown,osm
osm-1206474787,21.2691766,-157.7848768,,"Koloa Street, Waialae-Kahala, Kāhala, East Honolulu, Honolulu, Honolulu County, Hawaii, 96821, United States",unknown,osm
osm-1206474788,21.2695192,-157.785155,,"Noio Street, Waialae-Kahala, Kāhala, East Honolulu, Honolulu, Honolulu County, Hawaii, 96821, United States",unknown,osm
osm-1206474789,21.2692884,-157.7849948,,"Koloa Street, Waialae-Kahala, Kāhala, East Honolulu, Honolulu, Honolulu County, Hawaii, 96821, United States",unknown,osm
osm-1206474790,21.2697008,-157.7854251,,"Noio Street, Waialae-Kahala, Kāhala, East Honolulu, Honolulu, Honolulu County, Hawaii, 96821, United States",unknown,osm
osm-1206474791,21.2694734,-157.785523,,"1057, Koloa Street, Waialae-Kahala, Wailupe, Kāhala, East Honolulu, Honolulu, Honolulu County, Hawaii, 96816, United States",unknown,osm
osm-1206474792,21.269629,-157.7856769,,"Koloa Street, Waialae-Kahala, Kāhala, East Honolulu, Honolulu, Honolulu County, Hawaii, 96821, United States",unknown,osm
osm-1206474793,21.2698055,-157.7861592,,"Koloa Street, Waialae-Kahala, Kāhala, East Honolulu, Honolulu, Honolulu County, Hawaii, 96821, United States",unknown,osm
osm-1206474794,21.2701688,-157.7862054,,"Noio Street, Waialae-Kahala, Kāhala, East Honolulu, Honolulu, Honolulu County, Hawaii, 96821, United States",unknown,osm
osm-1206474795,21.2698792,-157.7860419,,"1084, Noio Street, Waialae-Kahala, Wailupe, Kāhala, East Honolulu, Honolulu, Honolulu County, Hawaii, 96816, United States",unknown,osm
osm-1206474796,21.2692829,-157.7853659,,"Koloa Street, Waialae-Kahala, Kāhala, East Honolulu, Honolulu, Honolulu County, Hawaii, 96821, United States",unknown,osm
osm-1206477992,21.2698634,-157.7855106,,"Noio Street, Waialae-Kahala, Kāhala, East Honolulu, Honolulu, Honolulu County, Hawaii, 96821, United States",unknown,osm
osm-1206477998,21.269669,-157.7859975,,"Koloa Street, Waialae-Kahala, Kāhala, East Honolulu, Honolulu, Honolulu County, Hawaii, 96821, United States",unknown,osm
osm-1206481115,21.2683239,-157.7826449,,"Noio Street, Waialae-Kahala, Kāhala, East Honolulu, Honolulu, Honolulu County, Hawaii, 96821, United States",unknown,osm
osm-1206481116,21.2683588,-157.7827551,,"Noio Street, Waialae-Kahala, Kāhala, East Honolulu, Honolulu, Honolulu County, Hawaii, 96821, United States",unknown,osm
osm-1206481117,21.2689183,-157.7829474,,"Noio Street, Waialae-Kahala, Kāhala, East Honolulu, Honolulu, Honolulu County, Hawaii, 96821, United States",unknown,osm
osm-1206481118,21.2692478,-157.7830606,,"Kolohala Street, Waialae-Kahala, Kāhala, East Honolulu, Honolulu, Honolulu County, Hawaii, 96821, United States",unknown,osm
osm-1206481119,21.2689494,-157.782707,,"Kolohala Street, Waialae-Kahala, Kāhala, East Honolulu, Honolulu, Honolulu County, Hawaii, 96821, United States",unknown,osm
osm-1206481120,21.2688902,-157.7825353,,"4810, Kolohala Street, Waialae-Kahala, Wailupe, Kāhala, East Honolulu, Honolulu, Honolulu County, Hawaii, 96816, United States",unknown,osm
osm-1206481121,21.2687198,-157.782506,,"Kolohala Street, Waialae-Kahala, Kāhala, East Honolulu, Honolulu, Honolulu County, Hawaii, 96821, United States",unknown,osm
osm-1206481122,21.2684838,-157.7824769,,"Kolohala Street, Waialae-Kahala, Kāhala, East Honolulu, Honolulu, Honolulu County, Hawaii, 96821, United States",unknown,osm
osm-1206481123,21.2691074,-157.7828865,,"Kolohala Street, Waialae-Kahala, Kāhala, East Honolulu, Honolulu, Honolulu County, Hawaii, 96821, United States",unknown,osm
osm-1206481124,21.2692838,-157.7834859,,"4651, Farmers Road, Waialae-Kahala, Wailupe, Kāhala, East Honolulu, Honolulu, Honolulu County, Hawaii, 96816, United States",unknown,osm
osm-1206481859,21.2694932,-157.7830872,,"4872, Kolohala Street, Waialae-Kahala, Wailupe, Kāhala, East Honolulu, Honolulu, Honolulu County, Hawaii, 96816, United States",unknown,osm
osm-1206536138,21.2695882,-157.7839076,,"Farmers Road, Waialae-Kahala, Kāhala, East Honolulu, Honolulu, Honolulu County, Hawaii, 96821, United States",unknown,osm
osm-1206536139,21.2697515,-157.7838888,,"Farmers Road, Waialae-Kahala, Kāhala, East Honolulu, Honolulu, Honolulu County, Hawaii, 96821, United States",unknown,osm
osm-1206536140,21.2696513,-157.7842255,,"Noio Street, Waialae-Kahala, Kāhala, East Honolulu, Honolulu, Honolulu County, Hawaii, 96821, United States",unknown,osm
osm-1206536141,21.2697211,-157.7842773,,"Noio Street, Waialae-Kahala, Kāhala, East Honolulu, Honolulu, Honolulu County, Hawaii, 96821, United States",unknown,osm
osm-1206536142,21.2700413,-157.7848604,,"Noio Street, Waialae-Kahala, Kāhala, East Honolulu, Honolulu, Honolulu County, Hawaii, 96821, United States",unknown,osm
osm-1206536143,21.2701385,-157.7849521,,"Noio Street, Waialae-Kahala, Kāhala, East Honolulu, Honolulu, Honolulu County, Hawaii, 96821, United States",unknown,osm
osm-1206536144,21.2704723,-157.7853317,,"Kolohala Street, Waialae-Kahala, Kāhala, East Honolulu, Honolulu, Honolulu County, Hawaii, 96821, United States",unknown,osm
osm-1206536146,21.270513,-157.7857168,,"1079, Noio Street, Waialae-Kahala, Wailupe, Kāhala, East Honolulu, Honolulu, Honolulu County, Hawaii, 96816, United States",unknown,osm
osm-1206536147,21.2703766,-157.7861795,,"Noio Street, Waialae-Kahala, Kāhala, East Honolulu, Honolulu, Honolulu County, Hawaii, 96821, United States",unknown,osm
osm-1206536148,21.270769,-157.786192,,"Onaha Street, Waialae-Kahala, Black Point, Kāhala, East Honolulu, Honolulu, Honolulu County, Hawaii, 96821, United States",unknown,osm
osm-1206536149,21.2706866,-157.7859373,,"4990, Kolohala Street, Waialae-Kahala, Wailupe, Kāhala, East Honolulu, Honolulu, Honolulu County, Hawaii, 96816, United States",unknown,osm
osm-1206536150,21.2701986,-157.7851738,,"1057, Noio Street, Waialae-Kahala, Wailupe, Kāhala, East Honolulu, Honolulu, Honolulu County, Hawaii, 96816, United States",unknown,osm
osm-1206536151,21.2702905,-157.7847769,,"Kolohala Street, Waialae-Kahala, Kāhala, East Honolulu, Honolulu, Honolulu County, Hawaii, 96821, United States",unknown,osm
osm-1206772357,21.2662409,-157.7818168,,"Koloa Street, Waialae-Kahala, Kāhala, East Honolulu, Honolulu, Honolulu County, Hawaii, 96821, United States",unknown,osm
osm-1206772358,21.2664466,-157.7822486,,"4703, ʻAukai Avenue, Waialae-Kahala, Wailupe, Kāhala, East Honolulu, Honolulu, Honolulu County, Hawaii, 96816, United States",unknown,osm
osm-1206772359,21.2678708,-157.7806183,,"ʻAukai Avenue, Waialae-Kahala, Wailupe, Kāhala, East Honolulu, Honolulu, Honolulu County, Hawaii, 96821, United States",unknown,osm
osm-1206772360,21.2677807,-157.7808374,,"ʻAukai Avenue, Waialae-Kahala, Wailupe, Kāhala, East Honolulu, Honolulu, Honolulu County, Hawaii, 96821, United States",unknown,osm
osm-1206772361,21.2680797,-157.7809113,,"ʻAukai Avenue, Waialae-Kahala, Kāhala, East Honolulu, Honolulu, Honolulu County, Hawaii, 96821, United States",unknown,osm
osm-1206772848,21.2680225,-157.7805373,,"Kahala Avenue, Waialae-Kahala, Black Point, Kāhala, East Honolulu, Honolulu, Honolulu County, Hawaii, 96821, United States",unknown,osm
osm-1206773048,21.2694576,-157.7815432,,"Pueo Street, Waialae-Kahala, Kāhala, East Honolulu, Honolulu, Honolulu County, Hawaii, 96821, United States",unknown,osm
osm-1206783904,21.269897,-157.7832011,,"Kolohala Street, Waialae-Kahala, Kāhala, East Honolulu, Honolulu, Honolulu County, Hawaii, 96821, United States",unknown,osm
osm-1206784175,21.2699802,-157.7828674,,"4881, Kolohala Street, Waialae-Kahala, Wailupe, Kāhala, East Honolulu, Honolulu, Honolulu County, Hawaii, 96816, United States",unknown,osm
osm-1206785703,21.2702136,-157.7827959,,"Pueo Street, Waialae-Kahala, Kāhala, East Honolulu, Honolulu, Honolulu County, Hawaii, 96821, United States",unknown,osm
osm-1206785705,21.2704456,-157.7828199,,"Pueo Street + Farmers Road, Pueo Street, Waialae-Kahala, Wailupe, Kāhala, East Honolulu, Honolulu, Honolulu County, Hawaii, 96821, United States",unknown,osm
osm-1206785709,21.2698477,-157.7822413,,"Pueo Street, Waialae-Kahala, Kāhala, East Honolulu, Honolulu, Honolulu County, Hawaii, 96821, United States",unknown,osm
osm-1206785712,21.2697323,-157.7827847,,"Kolohala Street, Waialae-Kahala, Kāhala, East Honolulu, Honolulu, Honolulu County, Hawaii, 96821, United States",unknown,osm
osm-1206785715,21.2696659,-157.7822554,,"Kolohala Street, Waialae-Kahala, Kāhala, East Honolulu, Honolulu, Honolulu County, Hawaii, 96821, United States",unknown,osm
osm-1206785718,21.2691622,-157.7821232,,"Kolohala Street, Waialae-Kahala, Kāhala, East Honolulu, Honolulu, Honolulu County, Hawaii, 96821, United States",unknown,osm
osm-1206785720,21.2691626,-157.781651,,"Kolohala Street, Waialae-Kahala, Kāhala, East Honolulu, Honolulu, Honolulu County, Hawaii, 96821, United States",unknown,osm
osm-1206785722,21.2688365,-157.7815544,,"Kolohala Street, Waialae-Kahala, Kāhala, East Honolulu, Honolulu, Honolulu County, Hawaii, 96821, United States",unknown,osm
osm-1206785724,21.2686724,-157.7814542,,"ʻAukai Avenue, Waialae-Kahala, Kāhala, East Honolulu, Honolulu, Honolulu County, Hawaii, 96821, United States",unknown,osm
osm-1206785747,21.2684157,-157.7814608,,"ʻAukai Avenue, Waialae-Kahala, Kāhala, East Honolulu, Honolulu, Honolulu County, Hawaii, 96821, United States",unknown,osm
osm-1206973875,21.2681307,-157.7818626,,"Kolohala Street, Waialae-Kahala, Kāhala, East Honolulu, Honolulu, Honolulu County, Hawaii, 96821, United States",unknown,osm
osm-1206973877,21.2679262,-157.7819465,,"ʻAukai Avenue, Waialae-Kahala, Wailupe, Kāhala, East Honolulu, Honolulu, Honolulu County, Hawaii, 96821, United States",unknown,osm
osm-1206973880,21.267549,-157.7822487,,"ʻAukai Avenue, Waialae-Kahala, Wailupe, Kāhala, East Honolulu, Honolulu, Honolulu County, Hawaii, 96821, United States",unknown,osm
osm-1206973884,21.2670982,-157.7826077,,"Koloa Street, Waialae-Kahala, Kāhala, East Honolulu, Honolulu, Honolulu County, Hawaii, 96821, United States",unknown,osm
osm-1207016710,21.2674171,-157.782171,,"ʻAukai Avenue, Waialae-Kahala, Kāhala, East Honolulu, Honolulu, Honolulu County, Hawaii, 96821, United States",unknown,osm
osm-1207017338,21.2675321,-157.781967,,"ʻAukai Avenue, Waialae-Kahala, Wailupe, Kāhala, East Honolulu, Honolulu, Honolulu County, Hawaii, 96821, United States",unknown,osm
osm-1207017340,21.2678679,-157.781837,,"ʻAukai Avenue, Waialae-Kahala, Kāhala, East Honolulu, Honolulu, Honolulu County, Hawaii, 96821, United States",unknown,osm
osm-1207017889,21.2685372,-157.7813587,,"ʻAukai Avenue, Waialae-Kahala, Kāhala, East Honolulu, Honolulu, Honolulu County, Hawaii, 96821, United States",unknown,osm
osm-1207018870,21.2684303,-157.7804092,,"ʻAukai Avenue, Waialae-Kahala, Kāhala, East Honolulu, Honolulu, Honolulu County, Hawaii, 96821, United States",unknown,osm
osm-1207018871,21.2684316,-157.780086,,"Kahala Avenue, Waialae-Kahala, Black Point, Kāhala, East Honolulu, Honolulu, Honolulu County, Hawaii, 96821, United States",unknown,osm
osm-1207018872,21.2688578,-157.7803245,,"ʻAukai Avenue, Waialae-Kahala, Kāhala, East Honolulu, Honolulu, Honolulu County, Hawaii, 96821, United States",unknown,osm
osm-1207019570,21.2696615,-157.7818392,,"Pueo Street, Waialae-Kahala, Kāhala, East Honolulu, Honolulu, Honolulu County, Hawaii, 96821, United States",unknown,osm
osm-1207019571,21.269749,-157.7820551,,"Pueo Street, Waialae-Kahala, Kāhala, East Honolulu, Honolulu, Honolulu County, Hawaii, 96821, United States",unknown,osm
osm-1207019572,21.2695467,-157.7817581,,"Pueo Street, Waialae-Kahala, Wailupe, Kāhala, East Honolulu, Honolulu, Honolulu County, Hawaii, 96821, United States",unknown,osm
osm-1207019574,21.2690464,-157.7809959,,"Pueo Street, Waialae-Kahala, Kāhala, East Honolulu, Honolulu, Honolulu County, Hawaii, 96821, United States",unknown,osm
osm-1207019575,21.269148,-157.7808184,,"Pueo Street, Waialae-Kahala, Kāhala, East Honolulu, Honolulu, Honolulu County, Hawaii, 96821, United States",unknown,osm
osm-1207019576,21.2688506,-157.7810619,,"ʻAukai Avenue, Waialae-Kahala, Kāhala, East Honolulu, Honolulu, Honolulu County, Hawaii, 96821, United States",unknown,osm
osm-1207078311,21.2691381,-157.7813607,,"Pueo Street, Waialae-Kahala, Wailupe, Kāhala, East Honolulu, Honolulu, Honolulu County, Hawaii, 96821, United States",unknown,osm
osm-1207078489,21.2690726,-157.7811282,,"Pueo Street, Waialae-Kahala, Kāhala, East Honolulu, Honolulu, Honolulu County, Hawaii, 96821, United States",unknown,osm
osm-1207078831,21.270522,-157.7854564,,"Kolohala Street, Waialae-Kahala, Kāhala, East Honolulu, Honolulu, Honolulu County, Hawaii, 96821, United States",unknown,osm
osm-1207079471,21.2704018,-157.7836449,,"Kolohala Street, Waialae-Kahala, Kāhala, East Honolulu, Honolulu, Honolulu County, Hawaii, 96821, United States",unknown,osm
osm-1207082334,21.2704002,-157.7854004,,"Noio Street, Waialae-Kahala, Kāhala, East Honolulu, Honolulu, Honolulu County, Hawaii, 96821, United States",unknown,osm
osm-1207082376,21.2705857,-157.7859103,,"1085, Noio Street, Waialae-Kahala, Wailupe, Kāhala, East Honolulu, Honolulu, Honolulu County, Hawaii, 96816, United States",unknown,osm
osm-1207082928,21.2716735,-157.7860671,,"Kilauea Avenue, Waialae-Kahala, Kāhala, East Honolulu, Honolulu, Honolulu County, Hawaii, 96821, United States",unknown,osm
osm-1207082929,21.2716924,-157.7858801,,"Kilauea Avenue, Waialae-Kahala, Kāhala, East Honolulu, Honolulu, Honolulu County, Hawaii, 96821, United States",unknown,osm
osm-1207082930,21.2714523,-157.7854638,,"Pueo Street, Waialae-Kahala, Kāhala, East Honolulu, Honolulu, Honolulu County, Hawaii, 96821, United States",unknown,osm
osm-1207082931,21.2711395,-157.7852625,,"Kolohala Street, Waialae-Kahala, Kāhala, East Honolulu, Honolulu, Honolulu County, Hawaii, 96821, United States",unknown,osm
osm-1207082932,21.2717437,-157.7852388,,"Pueo Street, Waialae-Kahala, Kāhala, East Honolulu, Honolulu, Honolulu County, Hawaii, 96821, United States",unknown,osm
osm-1207082933,21.2714319,-157.7851861,,"Pueo Street, Waialae-Kahala, Kāhala, East Honolulu, Honolulu, Honolulu County, Hawaii, 96821, United States",unknown,osm
osm-1207082934,21.2711551,-157.7850228,,"Kolohala Street, Waialae-Kahala, Kāhala, East Honolulu, Honolulu, Honolulu County, Hawaii, 96821, United States",unknown,osm
osm-1207082935,21.2713336,-157.784969,,"Pueo Street, Waialae-Kahala, Kāhala, East Honolulu, Honolulu, Honolulu County, Hawaii, 96821, United States",unknown,osm
osm-1207084989,21.2702115,-157.7834246,,"Farmers Road, Waialae-Kahala, Kāhala, East Honolulu, Honolulu, Honolulu County, Hawaii, 96821, United States",unknown,osm
osm-1207084994,21.2714174,-157.7862013,,"4995, Kolohala Street, Waialae-Kahala, Wailupe, Kāhala, East Honolulu, Honolulu, Honolulu County, Hawaii, 96816, United States",unknown,osm
osm-1207378790,21.3496949,-158.0852711,,"Aoloko Street, Makakilo Gardens I, Makakilo City, Kapolei, Honolulu County, Hawaii, 96707, United States",kapolei,osm
osm-1208217995,21.2704834,-157.7841322,,"Kolohala Street, Waialae-Kahala, Kāhala, East Honolulu, Honolulu, Honolulu County, Hawaii, 96821, United States",unknown,osm
osm-1208329804,21.2706144,-157.7844761,,"Kolohala Street, Waialae-Kahala, Kāhala, East Honolulu, Honolulu, Honolulu County, Hawaii, 96821, United States",unknown,osm
osm-1208329807,21.2710862,-157.7849269,,"4963, Kolohala Street, Waialae-Kahala, Wailupe, Kāhala, East Honolulu, Honolulu, Honolulu County, Hawaii, 96816, United States",unknown,osm
osm-1208329814,21.270954,-157.7846894,,"Kolohala Street, Waialae-Kahala, Kāhala, East Honolulu, Honolulu, Honolulu County, Hawaii, 96821, United States",unknown,osm
osm-1208332076,21.2707876,-157.7839765,,"Pueo Street, Waialae-Kahala, Kāhala, East Honolulu, Honolulu, Honolulu County, Hawaii, 96821, United States",unknown,osm
osm-1208332679,21.2713616,-157.7813802,,"Waiohinu Drive, Waialae-Kahala, Kāhala, East Honolulu, Honolulu, Honolulu County, Hawaii, 96821, United States",unknown,osm
osm-1208332681,21.2707525,-157.7809251,,"938, Makaiwa Street, Waialae-Kahala, Wailupe, Kāhala, East Honolulu, Honolulu, Honolulu County, Hawaii, 96816, United States",unknown,osm
osm-1208866207,21.2701641,-157.7869467,,"Onaha Street, Waialae-Kahala, Black Point, Kāhala, East Honolulu, Honolulu, Honolulu County, Hawaii, 96821, United States",unknown,osm
osm-1208866208,21.2699451,-157.786966,,"1111, Koloa Street, Waialae-Kahala, Wailupe, Kāhala, East Honolulu, Honolulu, Honolulu County, Hawaii, 96816, United States",unknown,osm
osm-1208866209,21.2699187,-157.7878953,,"4365, Kilauea Avenue, Waialae-Kahala, Kāhala, East Honolulu, Honolulu, Honolulu County, Hawaii, 96816, United States",unknown,osm
osm-1208866210,21.2687638,-157.7888084,,"Hunakai Street, Waialae-Kahala, Kāhala, East Honolulu, Honolulu, Honolulu County, Hawaii, 96821, United States",unknown,osm
osm-1208866211,21.2688414,-157.7886218,,"Koloa Street, Waialae-Kahala, Kāhala, East Honolulu, Honolulu, Honolulu County, Hawaii, 96821, United States",unknown,osm
osm-1208866214,21.2692131,-157.7885976,,"Kilauea Avenue, Waialae-Kahala, Kāhala, East Honolulu, Honolulu, Honolulu County, Hawaii, 96821, United States",unknown,osm
osm-1208866216,21.2694239,-157.7884643,,"Kilauea Avenue, Waialae-Kahala, Kāhala, East Honolulu, Honolulu, Honolulu County, Hawaii, 96821, United States",unknown,osm
osm-1208866219,21.2697471,-157.7881236,,"4351, Kilauea Avenue, Waialae-Kahala, Kāhala, East Honolulu, Honolulu, Honolulu County, Hawaii, 96816, United States",unknown,osm
osm-1208880578,21.3407917,-157.9086959,,"Pool Street, Salt Lake, Honolulu, Honolulu County, Hawaii, 96820, United States",unknown,osm
osm-1210481173,21.271265,-157.7847375,,"1118, Pueo Street, Waialae-Kahala, Wailupe, Kāhala, East Honolulu, Honolulu, Honolulu County, Hawaii, 96816, United States",unknown,osm
osm-1210856114,21.2701224,-157.7876986,,"4377, Kilauea Avenue, Waialae-Kahala, Kāhala, East Honolulu, Honolulu, Honolulu County, Hawaii, 96816, United States",unknown,osm
osm-1210856116,21.2702211,-157.7873683,,"4391, Kilauea Avenue, Waialae-Kahala, Kāhala, East Honolulu, Honolulu, Honolulu County, Hawaii, 96816, United States",unknown,osm
osm-1210856122,21.2706906,-157.786901,,"Onaha Street, Waialae-Kahala, Black Point, Kāhala, East Honolulu, Honolulu, Honolulu County, Hawaii, 96821, United States",unknown,osm
osm-1210856123,21.2706539,-157.7868357,,"Onaha Street, Waialae-Kahala, Black Point, Kāhala, East Honolulu, Honolulu, Honolulu County, Hawaii, 96821, United States",unknown,osm
osm-1210856124,21.2704475,-157.7868038,,"928, Onaha Street, Waialae-Kahala, Kāhala, East Honolulu, Honolulu, Honolulu County, Hawaii, 96816, United States",unknown,osm
osm-1210856127,21.2690674,-157.7884859,,"Koloa Street, Waialae-Kahala, Kāhala, East Honolulu, Honolulu, Honolulu County, Hawaii, 96821, United States",unknown,osm
osm-1214874864,21.2617482,-157.7898181,,"ʻAukai Avenue, Waialae-Kahala, Kāhala, East Honolulu, Honolulu, Honolulu County, Hawaii, 96821, United States",unknown,osm
osm-1214874865,21.2614122,-157.7901784,,"ʻAukai Avenue, Waialae-Kahala, Kāhala, East Honolulu, Honolulu, Honolulu County, Hawaii, 96821, United States",unknown,osm
osm-1214874867,21.2612567,-157.79032,,"ʻAukai Avenue, Waialae-Kahala, Kāhala, East Honolulu, Honolulu, Honolulu County, Hawaii, 96821, United States",unknown,osm
osm-1214874869,21.2611264,-157.7904221,,"4395, ʻAukai Avenue, Waialae-Kahala, Wailupe, Kāhala, East Honolulu, Honolulu, Honolulu County, Hawaii, 96816, United States",unknown,osm
osm-1215427260,21.260898,-157.7914126,,"ʻAukai Avenue, Waialae-Kahala, Kāhala, East Honolulu, Honolulu, Honolulu County, Hawaii, 96821, United States",unknown,osm
osm-1215427262,21.261031,-157.7908517,,"ʻAukai Avenue, Waialae-Kahala, Kāhala, East Honolulu, Honolulu, Honolulu County, Hawaii, 96821, United States",unknown,osm
osm-1215427264,21.2608936,-157.7911759,,"ʻAukai Avenue, Waialae-Kahala, Kāhala, East Honolulu, Honolulu, Honolulu County, Hawaii, 96821, United States",unknown,osm
osm-1215427266,21.2608065,-157.7918421,,"ʻAukai Avenue, Waialae-Kahala, Kāhala, East Honolulu, Honolulu, Honolulu County, Hawaii, 96821, United States",unknown,osm
osm-1215427269,21.2606692,-157.7922976,,"ʻAukai Avenue, Waialae-Kahala, Kāhala, East Honolulu, Honolulu, Honolulu County, Hawaii, 96821, United States",unknown,osm
osm-1215427271,21.2606187,-157.7925698,,"ʻAukai Avenue, Waialae-Kahala, Kāhala, East Honolulu, Honolulu, Honolulu County, Hawaii, 96821, United States",unknown,osm
osm-1215427273,21.2604939,-157.7926403,,"ʻAukai Avenue, Waialae-Kahala, Kāhala, East Honolulu, Honolulu, Honolulu County, Hawaii, 96821, United States",unknown,osm
osm-1215427787,21.2606216,-157.7921286,,"ʻAukai Avenue, Waialae-Kahala, Kāhala, East Honolulu, Honolulu, Honolulu County, Hawaii, 96821, United States",unknown,osm
osm-1215427788,21.2606946,-157.7915418,,"Kahala Avenue, Waialae-Kahala, Kāhala, East Honolulu, Honolulu, Honolulu County, Hawaii, 96828, United States",unknown,osm
osm-1215427789,21.2608865,-157.7908519,,"Kahala Avenue, Waialae-Kahala, Kāhala, East Honolulu, Honolulu, Honolulu County, Hawaii, 96828, United States",unknown,osm
osm-1215427790,21.2609048,-157.7906011,,"Kahala Avenue, Waialae-Kahala, Kāhala, East Honolulu, Honolulu, Honolulu County, Hawaii, 96828, United States",unknown,osm
osm-1215427791,21.2610928,-157.7902404,,"Elepaio Street, Waialae-Kahala, Black Point, Kāhala, East Honolulu, Honolulu, Honolulu County, Hawaii, 96828, United States",unknown,osm
osm-1215427792,21.2610002,-157.7903291,,"Elepaio Street, Waialae-Kahala, Black Point, Kāhala, East Honolulu, Honolulu, Honolulu County, Hawaii, 96828, United States",unknown,osm
osm-1215457187,21.2624313,-157.7898647,,"Elepaio Street, Waialae-Kahala, Black Point, Kāhala, East Honolulu, Honolulu, Honolulu County, Hawaii, 96828, United States",unknown,osm
osm-1215457188,21.2623356,-157.7898816,,"Ahakea Street, Waialae-Kahala, Kāhala, East Honolulu, Honolulu, Honolulu County, Hawaii, 96828, United States",unknown,osm
osm-1215457189,21.2622378,-157.7899714,,"ʻAukai Avenue, Waialae-Kahala, Kāhala, East Honolulu, Honolulu, Honolulu County, Hawaii, 96821, United States",unknown,osm
osm-1215457190,21.2623172,-157.7899955,,"Ahakea Street, Waialae-Kahala, Kāhala, East Honolulu, Honolulu, Honolulu County, Hawaii, 96828, United States",unknown,osm
osm-1215457191,21.2626921,-157.7898876,,"Ahakea Street, Waialae-Kahala, Kāhala, East Honolulu, Honolulu, Honolulu County, Hawaii, 96828, United States",unknown,osm
osm-1215457192,21.2624887,-157.7900014,,"Ahakea Street, Waialae-Kahala, Kāhala, East Honolulu, Honolulu, Honolulu County, Hawaii, 96828, United States",unknown,osm
osm-1215457193,21.262791,-157.7899753,,"Ahakea Street, Waialae-Kahala, Kāhala, East Honolulu, Honolulu, Honolulu County, Hawaii, 96828, United States",unknown,osm
osm-1215457194,21.2629206,-157.7900303,,"Ahakea Street, Waialae-Kahala, Kāhala, East Honolulu, Honolulu, Honolulu County, Hawaii, 96828, United States",unknown,osm
osm-1215457195,21.2631077,-157.7901464,,"Ahakea Street, Waialae-Kahala, Kāhala, East Honolulu, Honolulu, Honolulu County, Hawaii, 96828, United States",unknown,osm
osm-1215457196,21.2633678,-157.789963,,"Elepaio Street, Waialae-Kahala, Black Point, Kāhala, East Honolulu, Honolulu, Honolulu County, Hawaii, 96828, United States",unknown,osm
osm-1215457197,21.2635954,-157.7899901,,"Elepaio Street, Waialae-Kahala, Black Point, Kāhala, East Honolulu, Honolulu, Honolulu County, Hawaii, 96828, United States",unknown,osm
osm-1215457198,21.2633019,-157.7902088,,"601, Ahakea Street, Waialae-Kahala, Kāhala, East Honolulu, Honolulu, Honolulu County, Hawaii, 96816, United States",unknown,osm
osm-1215457199,21.2639326,-157.7902837,,"Ahakea Street, Waialae-Kahala, Kāhala, East Honolulu, Honolulu, Honolulu County, Hawaii, 96828, United States",unknown,osm
osm-1215457200,21.2637884,-157.7901286,,"Elepaio Street, Waialae-Kahala, Black Point, Kāhala, East Honolulu, Honolulu, Honolulu County, Hawaii, 96828, United States",unknown,osm
osm-1215457201,21.2637506,-157.7902535,,"Ahakea Street, Waialae-Kahala, Kāhala, East Honolulu, Honolulu, Honolulu County, Hawaii, 96828, United States",unknown,osm
osm-1215615197,21.4106797,-157.7425506,,"Kai One Beach Access, Kailua, Honolulu County, Hawaii, 96735, United States",kailua,osm
osm-1215616335,21.274715,-157.6999682,,"Kalaniana’ole Highway, Portlock, Koko Head, East Honolulu, Honolulu, Honolulu County, Hawaii, 96825, United States",unknown,osm
osm-1215616583,21.2753957,-157.8220386,,"Hilton Waikiki Beach, 2500, Kūhiō Avenue, Waikīkī, Honolulu, Honolulu County, Hawaii, 96815, United States",waikiki,osm
osm-1216081488,21.2626604,-157.7906491,,"Ahakea Street, Waialae-Kahala, Kāhala, East Honolulu, Honolulu, Honolulu County, Hawaii, 96828, United States",unknown,osm
osm-1216081489,21.2626835,-157.7908041,,"Ahina Street, Waialae-Kahala, Kāhala, East Honolulu, Honolulu, Honolulu County, Hawaii, 96828, United States",unknown,osm
osm-1216081490,21.2627852,-157.7906675,,"584, Ahakea Street, Waialae-Kahala, Kāhala, East Honolulu, Honolulu, Honolulu County, Hawaii, 96816, United States",unknown,osm
osm-1216081491,21.2624444,-157.7908365,,"Ahina Street, Waialae-Kahala, Kāhala, East Honolulu, Honolulu, Honolulu County, Hawaii, 96828, United States",unknown,osm
osm-1216081492,21.2620556,-157.7905503,,"Ahakea Street, Waialae-Kahala, Kāhala, East Honolulu, Honolulu, Honolulu County, Hawaii, 96828, United States",unknown,osm
osm-1216081493,21.2618978,-157.7905749,,"Ahakea Street, Waialae-Kahala, Kāhala, East Honolulu, Honolulu, Honolulu County, Hawaii, 96828, United States",unknown,osm
osm-1216081494,21.2617094,-157.7907856,,"ʻAukai Avenue, Waialae-Kahala, Kāhala, East Honolulu, Honolulu, Honolulu County, Hawaii, 96821, United States",unknown,osm
osm-1216081495,21.2617589,-157.7911371,,"Ahina Street, Waialae-Kahala, Kāhala, East Honolulu, Honolulu, Honolulu County, Hawaii, 96828, United States",unknown,osm
osm-1216136572,21.2603594,-157.7940981,,"Kaimanahila Street, Black Point, Kāhala, East Honolulu, Honolulu, Honolulu County, Hawaii, 96828, United States",unknown,osm
osm-1216136573,21.2602397,-157.7940989,,"Kaimanahila Street, Black Point, Kāhala, East Honolulu, Honolulu, Honolulu County, Hawaii, 96828, United States",unknown,osm
osm-1216136574,21.2602778,-157.7937691,,"Kahala Avenue, Waialae-Kahala, Kāhala, East Honolulu, Honolulu, Honolulu County, Hawaii, 96828, United States",unknown,osm
osm-1216136575,21.2605791,-157.7936302,,"Kaimanahila Street, Black Point, Kāhala, East Honolulu, Honolulu, Honolulu County, Hawaii, 96828, United States",unknown,osm
osm-1216137555,21.2603501,-157.7936181,,"Kaimanahila Street, Black Point, Kāhala, East Honolulu, Honolulu, Honolulu County, Hawaii, 96828, United States",unknown,osm
osm-1216137559,21.260476,-157.7931638,,"ʻAukai Avenue, Waialae-Kahala, Kāhala, East Honolulu, Honolulu, Honolulu County, Hawaii, 96821, United States",unknown,osm
osm-1216137565,21.2603202,-157.7930732,,"ʻAukai Avenue, Waialae-Kahala, Kāhala, East Honolulu, Honolulu, Honolulu County, Hawaii, 96821, United States",unknown,osm
osm-1216608296,21.2609676,-157.7930601,,"ʻAukai Avenue, Waialae-Kahala, Kāhala, East Honolulu, Honolulu, Honolulu County, Hawaii, 96821, United States",unknown,osm
osm-1216608297,21.2609282,-157.793257,,"4332, ʻAukai Avenue, Waialae-Kahala, Wailupe, Kāhala, East Honolulu, Honolulu, Honolulu County, Hawaii, 96816, United States",unknown,osm
osm-1216608298,21.2614568,-157.7929838,,"Hakaka Place, Black Point, Kāhala, East Honolulu, Honolulu, Honolulu County, Hawaii, 96828, United States",unknown,osm
osm-1216608299,21.2613318,-157.793193,,"Kaimanahila Street, Black Point, Kāhala, East Honolulu, Honolulu, Honolulu County, Hawaii, 96828, United States",unknown,osm
osm-1216608300,21.2621106,-157.7925935,,"Hakaka Street, Black Point, Kāhala, East Honolulu, Honolulu, Honolulu County, Hawaii, 96828, United States",unknown,osm
osm-1216612807,21.2599164,-157.791134,,"Royal Place, Waialae-Kahala, Kāhala, East Honolulu, Honolulu, Honolulu County, Hawaii, 96828, United States",unknown,osm
osm-1216612808,21.2597952,-157.7915939,,"Royal Place, Waialae-Kahala, Kāhala, East Honolulu, Honolulu, Honolulu County, Hawaii, 96828, United States",unknown,osm
osm-1216612809,21.2600211,-157.7916403,,"Kahala Avenue, Waialae-Kahala, Kāhala, East Honolulu, Honolulu, Honolulu County, Hawaii, 96828, United States",unknown,osm
osm-1216612810,21.2597955,-157.791352,,"4370, Royal Place, Waialae-Kahala, Kāhala, East Honolulu, Honolulu, Honolulu County, Hawaii, 96816, United States",unknown,osm
osm-1216613268,21.261796,-157.791798,,"Ahina Street, Waialae-Kahala, Kāhala, East Honolulu, Honolulu, Honolulu County, Hawaii, 96828, United States",unknown,osm
osm-1216613269,21.2619769,-157.7917367,,"Ahina Street, Waialae-Kahala, Kāhala, East Honolulu, Honolulu, Honolulu County, Hawaii, 96828, United States",unknown,osm
osm-1216613270,21.2615588,-157.7918302,,"Ahina Street, Waialae-Kahala, Kāhala, East Honolulu, Honolulu, Honolulu County, Hawaii, 96828, United States",unknown,osm
osm-1216613271,21.26264,-157.7916337,,"Hakaka Place, Black Point, Kāhala, East Honolulu, Honolulu, Honolulu County, Hawaii, 96828, United States",unknown,osm
osm-1216613272,21.2626178,-157.7919827,,"Hakaka Place, Black Point, Kāhala, East Honolulu, Honolulu, Honolulu County, Hawaii, 96828, United States",unknown,osm
osm-1216613273,21.2624835,-157.7920015,,"619, Hakaka Place, Black Point, Kāhala, East Honolulu, Honolulu, Honolulu County, Hawaii, 96816, United States",unknown,osm
osm-1216613274,21.2614758,-157.7921993,,"Hakaka Place, Black Point, Kāhala, East Honolulu, Honolulu, Honolulu County, Hawaii, 96828, United States",unknown,osm
osm-1216614697,21.2703443,-157.7800072,,"ʻAukai Avenue, Waialae-Kahala, Kāhala, East Honolulu, Honolulu, Honolulu County, Hawaii, 96821, United States",unknown,osm
osm-1216614698,21.2703753,-157.7801997,,"Makaiwa Street, Waialae-Kahala, Kāhala, East Honolulu, Honolulu, Honolulu County, Hawaii, 96821, United States",unknown,osm
osm-1216617733,21.2624723,-157.7916235,,"548, Ahina Street, Waialae-Kahala, Kāhala, East Honolulu, Honolulu, Honolulu County, Hawaii, 96816, United States",unknown,osm
osm-1216621407,21.2613626,-157.7918444,,"ʻAukai Avenue, Waialae-Kahala, Kāhala, East Honolulu, Honolulu, Honolulu County, Hawaii, 96821, United States",unknown,osm
osm-1216621415,21.2630213,-157.7913742,,"Ahina Street, Waialae-Kahala, Kāhala, East Honolulu, Honolulu, Honolulu County, Hawaii, 96828, United States",unknown,osm
osm-1216621416,21.2628259,-157.7915213,,"Ahina Street, Waialae-Kahala, Kāhala, East Honolulu, Honolulu, Honolulu County, Hawaii, 96828, United States",unknown,osm
osm-1216621417,21.2632586,-157.7911767,,"Ahina Street, Waialae-Kahala, Kāhala, East Honolulu, Honolulu, Honolulu County, Hawaii, 96828, United States",unknown,osm
osm-1216889447,21.2633881,-157.7911187,,"Ahina Street, Waialae-Kahala, Kāhala, East Honolulu, Honolulu, Honolulu County, Hawaii, 96828, United States",unknown,osm
osm-1216889448,21.2632979,-157.7908865,,"Ahina Street, Waialae-Kahala, Kāhala, East Honolulu, Honolulu, Honolulu County, Hawaii, 96828, United States",unknown,osm
osm-1216889449,21.2635895,-157.7911345,,"Ahakea Street, Waialae-Kahala, Kāhala, East Honolulu, Honolulu, Honolulu County, Hawaii, 96828, United States",unknown,osm
osm-1216889450,21.2640999,-157.7910072,,"Ahakea Street, Waialae-Kahala, Kāhala, East Honolulu, Honolulu, Honolulu County, Hawaii, 96828, United States",unknown,osm
osm-1216893885,21.2638508,-157.7909778,,"Ahakea Street, Waialae-Kahala, Kāhala, East Honolulu, Honolulu, Honolulu County, Hawaii, 96828, United States",unknown,osm
osm-1216893886,21.2646152,-157.7905072,,"Ahakea Street, Waialae-Kahala, Kāhala, East Honolulu, Honolulu, Honolulu County, Hawaii, 96828, United States",unknown,osm
osm-1216893888,21.2645315,-157.7906106,,"Ahakea Street, Waialae-Kahala, Kāhala, East Honolulu, Honolulu, Honolulu County, Hawaii, 96828, United States",unknown,osm
osm-1216893890,21.2642704,-157.7908909,,"660, Ahakea Street, Waialae-Kahala, Kāhala, East Honolulu, Honolulu, Honolulu County, Hawaii, 96816, United States",unknown,osm
osm-1216895572,21.2633526,-157.7918067,,"Hakaka Place, Black Point, Kāhala, East Honolulu, Honolulu, Honolulu County, Hawaii, 96828, United States",unknown,osm
osm-1216895573,21.2630776,-157.7920689,,"651, Hakaka Place, Black Point, Kāhala, East Honolulu, Honolulu, Honolulu County, Hawaii, 96816, United States",unknown,osm
osm-1216895576,21.2633965,-157.7926106,,"Hakaka Place, Black Point, Kāhala, East Honolulu, Honolulu, Honolulu County, Hawaii, 96828, United States",unknown,osm
osm-1216895577,21.2639562,-157.7928861,,"Hakaka Place, Black Point, Kāhala, East Honolulu, Honolulu, Honolulu County, Hawaii, 96828, United States",unknown,osm
osm-1216895578,21.2641787,-157.7937043,,"701, Palekaua Place, Kāhala, East Honolulu, Honolulu, Honolulu County, Hawaii, 96816, United States",unknown,osm
osm-1216895579,21.2638746,-157.7942853,,"Palekaua Street, Black Point, Kāhala, East Honolulu, Honolulu, Honolulu County, Hawaii, 96828, United States",unknown,osm
osm-1216895580,21.263684,-157.7937334,,"Palekaua Place, Black Point, Kāhala, East Honolulu, Honolulu, Honolulu County, Hawaii, 96828, United States",unknown,osm
osm-1216895581,21.2636485,-157.7934934,,"Hakaka Place, Black Point, Kāhala, East Honolulu, Honolulu, Honolulu County, Hawaii, 96828, United States",unknown,osm
osm-1216895582,21.2633574,-157.7934401,,"Hakaka Place, Black Point, Kāhala, East Honolulu, Honolulu, Honolulu County, Hawaii, 96828, United States",unknown,osm
osm-1216895583,21.2633567,-157.7939601,,"Hakaka Street, Black Point, Kāhala, East Honolulu, Honolulu, Honolulu County, Hawaii, 96828, United States",unknown,osm
osm-1216895584,21.2628426,-157.7932737,,"Hakaka Street, Black Point, Kāhala, East Honolulu, Honolulu, Honolulu County, Hawaii, 96828, United States",unknown,osm
osm-1216914353,21.2624664,-157.7925485,,"Hakaka Street, Black Point, Kāhala, East Honolulu, Honolulu, Honolulu County, Hawaii, 96828, United States",unknown,osm
osm-1216914354,21.2629185,-157.7927443,,"672, Hakaka Place, Black Point, Kāhala, East Honolulu, Honolulu, Honolulu County, Hawaii, 96816, United States",unknown,osm
osm-1216914355,21.2632576,-157.7934288,,"Hakaka Street, Black Point, Kāhala, East Honolulu, Honolulu, Honolulu County, Hawaii, 96828, United States",unknown,osm
osm-1216921767,21.2635973,-157.7941822,,"687, Hakaka Street, Black Point, Kāhala, East Honolulu, Honolulu, Honolulu County, Hawaii, 96816, United States",unknown,osm
osm-1216922840,21.263879,-157.7933203,,"Hakaka Place, Black Point, Kāhala, East Honolulu, Honolulu, Honolulu County, Hawaii, 96828, United States",unknown,osm
osm-1216922841,21.2642856,-157.7932961,,"Panini Loop, Black Point, Kāhala, East Honolulu, Honolulu, Honolulu County, Hawaii, 96828, United States",unknown,osm
osm-1216922842,21.2641522,-157.7933894,,"Panini Loop, Kāhala, East Honolulu, Honolulu, Honolulu County, Hawaii, 96828, United States",unknown,osm
osm-1216924806,21.2644451,-157.7940627,,"Palekaua Street, Black Point, Kāhala, East Honolulu, Honolulu, Honolulu County, Hawaii, 96828, United States",unknown,osm
osm-1216924810,21.2638947,-157.7929609,,"Hakaka Place, Black Point, Kāhala, East Honolulu, Honolulu, Honolulu County, Hawaii, 96828, United States",unknown,osm
osm-1216947382,21.2643884,-157.7914493,,"Hopeloa Place, Black Point, Kāhala, East Honolulu, Honolulu, Honolulu County, Hawaii, 96828, United States",unknown,osm
osm-1216947383,21.2641739,-157.7915184,,"Hopeloa Place, Black Point, Kāhala, East Honolulu, Honolulu, Honolulu County, Hawaii, 96828, United States",unknown,osm
osm-1216947384,21.2645404,-157.7922209,,"4357, Panini Loop, Kāhala, East Honolulu, Honolulu, Honolulu County, Hawaii, 96816, United States",unknown,osm
osm-1216947385,21.264459,-157.7925064,,"Panini Loop, Black Point, Kāhala, East Honolulu, Honolulu, Honolulu County, Hawaii, 96828, United States",unknown,osm
osm-1216947510,21.2653858,-157.7907435,,"Elepaio Street, Waialae-Kahala, Black Point, Kāhala, East Honolulu, Honolulu, Honolulu County, Hawaii, 96828, United States",unknown,osm
osm-1216947628,21.2656398,-157.7907296,,"692, Elepaio Street, Waialae-Kahala, Kāhala, East Honolulu, Honolulu, Honolulu County, Hawaii, 96816, United States",unknown,osm
osm-1216947629,21.265487,-157.793207,,"Huanui Place, Kāhala, East Honolulu, Honolulu, Honolulu County, Hawaii, 96828, United States",unknown,osm
osm-1217180445,21.2645327,-157.790964,,"4399, Hopeloa Place, Kāhala, East Honolulu, Honolulu, Honolulu County, Hawaii, 96816, United States",unknown,osm
osm-1217182844,21.2647044,-157.791859,,"Hopeloa Place, Black Point, Kāhala, East Honolulu, Honolulu, Honolulu County, Hawaii, 96828, United States",unknown,osm
osm-1217182847,21.2648771,-157.7922304,,"Panini Loop, Black Point, Kāhala, East Honolulu, Honolulu, Honolulu County, Hawaii, 96828, United States",unknown,osm
osm-1217185138,21.2644323,-157.7936448,,"Puu Panini Avenue, Black Point, Kāhala, East Honolulu, Honolulu, Honolulu County, Hawaii, 96828, United States",unknown,osm
osm-1217186238,21.2631617,-157.7948118,,"Hakaka Street, Black Point, Kāhala, East Honolulu, Honolulu, Honolulu County, Hawaii, 96828, United States",unknown,osm
osm-1217186239,21.2631286,-157.7949887,,"Hakaka Street, Black Point, Kāhala, East Honolulu, Honolulu, Honolulu County, Hawaii, 96828, United States",unknown,osm
osm-1217186242,21.2627261,-157.7940312,,"652, Hakaka Street, Black Point, Kāhala, East Honolulu, Honolulu, Honolulu County, Hawaii, 96816, United States",unknown,osm
osm-1217186243,21.262493,-157.7935174,,"Hakaka Street, Black Point, Kāhala, East Honolulu, Honolulu, Honolulu County, Hawaii, 96828, United States",unknown,osm
osm-1217186692,21.2621545,-157.7935974,,"Kaimanahila Street, Black Point, Kāhala, East Honolulu, Honolulu, Honolulu County, Hawaii, 96828, United States",unknown,osm
osm-1217186693,21.2620165,-157.7936629,,"Kaimanahila Street, Black Point, Kāhala, East Honolulu, Honolulu, Honolulu County, Hawaii, 96828, United States",unknown,osm
osm-1217186694,21.2617962,-157.7937706,,"Kaimanahila Street, Black Point, Kāhala, East Honolulu, Honolulu, Honolulu County, Hawaii, 96828, United States",unknown,osm
osm-1217186695,21.2616287,-157.7940356,,"Kaimanahila Street, Black Point, Kāhala, East Honolulu, Honolulu, Honolulu County, Hawaii, 96828, United States",unknown,osm
osm-1217186696,21.2612276,-157.7941158,,"Kaimanahila Street, Black Point, Kāhala, East Honolulu, Honolulu, Honolulu County, Hawaii, 96828, United States",unknown,osm
osm-1217186697,21.2609846,-157.7943216,,"Kaimanahila Street, Black Point, Kāhala, East Honolulu, Honolulu, Honolulu County, Hawaii, 96828, United States",unknown,osm
osm-1217186698,21.2607966,-157.7946515,,"4172, Kaimanahila Street, Black Point, Kāhala, East Honolulu, Honolulu, Honolulu County, Hawaii, 96816, United States",unknown,osm
osm-1217186699,21.2607072,-157.794865,,"4160, Kaimanahila Street, Black Point, Kāhala, East Honolulu, Honolulu, Honolulu County, Hawaii, 96816, United States",unknown,osm
osm-1217186700,21.2602274,-157.7959352,,"Paikau Street, Black Point, Kāhala, East Honolulu, Honolulu, Honolulu County, Hawaii, 96828, United States",unknown,osm
osm-1217191063,21.2682663,-157.7901778,,"Elepaio Street, Waialae-Kahala, Black Point, Kāhala, East Honolulu, Honolulu, Honolulu County, Hawaii, 96828, United States",unknown,osm
osm-1217191064,21.2680603,-157.7902315,,"Elepaio Street, Waialae-Kahala, Black Point, Kāhala, East Honolulu, Honolulu, Honolulu County, Hawaii, 96828, United States",unknown,osm
osm-1217191065,21.2675816,-157.7905961,,"Puu Panini Avenue, Kāhala, East Honolulu, Honolulu, Honolulu County, Hawaii, 96828, United States",unknown,osm
osm-1217191067,21.2658294,-157.7906316,,"Elepaio Street, Waialae-Kahala, Black Point, Kāhala, East Honolulu, Honolulu, Honolulu County, Hawaii, 96828, United States",unknown,osm
osm-1217191068,21.2662296,-157.7905648,,"Elepaio Street, Waialae-Kahala, Black Point, Kāhala, East Honolulu, Honolulu, Honolulu County, Hawaii, 96828, United States",unknown,osm
osm-1217191069,21.2665625,-157.7905803,,"722, Elepaio Street, Waialae-Kahala, Kāhala, East Honolulu, Honolulu, Honolulu County, Hawaii, 96816, United States",unknown,osm
osm-1217191070,21.2677768,-157.7902282,,"Elepaio Street, Waialae-Kahala, Black Point, Kāhala, East Honolulu, Honolulu, Honolulu County, Hawaii, 96828, United States",unknown,osm
osm-1217199968,21.2670224,-157.7904812,,"Elepaio Street, Waialae-Kahala, Black Point, Kāhala, East Honolulu, Honolulu, Honolulu County, Hawaii, 96828, United States",unknown,osm
osm-1217207800,21.2692705,-157.7798133,,"Pueo Street, Waialae-Kahala, Kāhala, East Honolulu, Honolulu, Honolulu County, Hawaii, 96821, United States",unknown,osm
osm-1217207801,21.2691696,-157.779855,,"Pueo Street, Waialae-Kahala, Wailupe, Kāhala, East Honolulu, Honolulu, Honolulu County, Hawaii, 96821, United States",unknown,osm
osm-1217207802,21.268946,-157.7795277,,"Kahala Avenue, Waialae-Kahala, Kāhala, East Honolulu, Honolulu, Honolulu County, Hawaii, 96821, United States",unknown,osm
osm-1217207803,21.2693375,-157.7794717,,"Kahala Avenue, Waialae-Kahala, Wailupe, Kāhala, East Honolulu, Honolulu, Honolulu County, Hawaii, 96821, United States",unknown,osm
osm-1217207804,21.2694316,-157.7796412,,"ʻAukai Avenue, Waialae-Kahala, Kāhala, East Honolulu, Honolulu, Honolulu County, Hawaii, 96821, United States",unknown,osm
osm-1217207805,21.2695074,-157.7794537,,"Kahala Avenue, Waialae-Kahala, Kāhala, East Honolulu, Honolulu, Honolulu County, Hawaii, 96821, United States",unknown,osm
osm-1217207807,21.2699543,-157.779447,,"ʻAukai Avenue, Waialae-Kahala, Kāhala, East Honolulu, Honolulu, Honolulu County, Hawaii, 96821, United States",unknown,osm
osm-1217207808,21.2697899,-157.7797992,,"ʻAukai Avenue, Waialae-Kahala, Kāhala, East Honolulu, Honolulu, Honolulu County, Hawaii, 96821, United States",unknown,osm
osm-1217218076,21.2697916,-157.7792048,,"Kealaolu Avenue, Waialae-Kahala, Kāhala, East Honolulu, Honolulu, Honolulu County, Hawaii, 96821, United States",unknown,osm
osm-1217218078,21.2701926,-157.7790241,,"865, Kealaolu Avenue, Waialae-Kahala, Wailupe, Kāhala, East Honolulu, Honolulu, Honolulu County, Hawaii, 96816, United States",kahala,osm
osm-1217218079,21.2700464,-157.7788515,,"Kealaolu Avenue, Waialae-Kahala, Kāhala, East Honolulu, Honolulu, Honolulu County, Hawaii, 96821, United States",kahala,osm
osm-1217218080,21.2703732,-157.7784304,,"Kahala Avenue, Waialae-Kahala, Kāhala, East Honolulu, Honolulu, Honolulu County, Hawaii, 96821, United States",kahala,osm
osm-1217218089,21.2700629,-157.78127,,"Pueo Street, Waialae-Kahala, Kāhala, East Honolulu, Honolulu, Honolulu County, Hawaii, 96821, United States",unknown,osm
osm-1217218090,21.2702453,-157.7811143,,"912, Makaiwa Street, Waialae-Kahala, Wailupe, Kāhala, East Honolulu, Honolulu, Honolulu County, Hawaii, 96816, United States",unknown,osm
osm-1217218092,21.2703361,-157.7814395,,"Waiohinu Drive, Waialae-Kahala, Kāhala, East Honolulu, Honolulu, Honolulu County, Hawaii, 96821, United States",unknown,osm
osm-1217218094,21.2702583,-157.7815528,,"Pueo Street, Waialae-Kahala, Wailupe, Kāhala, East Honolulu, Honolulu, Honolulu County, Hawaii, 96821, United States",unknown,osm
osm-1217218095,21.2705749,-157.7816929,,"Waiohinu Drive, Waialae-Kahala, Kāhala, East Honolulu, Honolulu, Honolulu County, Hawaii, 96821, United States",unknown,osm
osm-1217218096,21.2705891,-157.782058,,"Pueo Street, Waialae-Kahala, Kāhala, East Honolulu, Honolulu, Honolulu County, Hawaii, 96821, United States",unknown,osm
osm-1217218097,21.270699,-157.7822585,,"Pueo Street, Waialae-Kahala, Kāhala, East Honolulu, Honolulu, Honolulu County, Hawaii, 96821, United States",unknown,osm
osm-1217218098,21.2713276,-157.7819885,,"Waiohinu Drive, Waialae-Kahala, Kāhala, East Honolulu, Honolulu, Honolulu County, Hawaii, 96821, United States",unknown,osm
osm-1217218099,21.2718137,-157.7817874,,"974, Makaiwa Street, Waialae-Kahala, Wailupe, Kāhala, East Honolulu, Honolulu, Honolulu County, Hawaii, 96816, United States",unknown,osm
osm-1217218100,21.2705272,-157.7808703,,"Makaiwa Street, Waialae-Kahala, Kāhala, East Honolulu, Honolulu, Honolulu County, Hawaii, 96821, United States",unknown,osm
osm-1217238329,21.2716174,-157.7819065,,"4757, Farmers Road, Waialae-Kahala, Wailupe, Kāhala, East Honolulu, Honolulu, Honolulu County, Hawaii, 96816, United States",unknown,osm
osm-1217238331,21.2713803,-157.782055,,"4751, Farmers Road, Waialae-Kahala, Wailupe, Kāhala, East Honolulu, Honolulu, Honolulu County, Hawaii, 96816, United States",unknown,osm
osm-1217238339,21.2707067,-157.7827072,,"Pueo Street, Waialae-Kahala, Kāhala, East Honolulu, Honolulu, Honolulu County, Hawaii, 96821, United States",unknown,osm
osm-1217242660,21.2698551,-157.7807122,,"Makaiwa Street, Waialae-Kahala, Kāhala, East Honolulu, Honolulu, Honolulu County, Hawaii, 96821, United States",unknown,osm
osm-1217242661,21.2698488,-157.7804202,,"ʻAukai Avenue, Waialae-Kahala, Kāhala, East Honolulu, Honolulu, Honolulu County, Hawaii, 96821, United States",unknown,osm
osm-1217242662,21.2697744,-157.7805017,,"ʻAukai Avenue, Waialae-Kahala, Kāhala, East Honolulu, Honolulu, Honolulu County, Hawaii, 96821, United States",unknown,osm
osm-1217242663,21.2700615,-157.7802547,,"ʻAukai Avenue, Waialae-Kahala, Kāhala, East Honolulu, Honolulu, Honolulu County, Hawaii, 96821, United States",unknown,osm
osm-1217242664,21.2707267,-157.780039,,"Kealaolu Avenue, Waialae-Kahala, Kāhala, East Honolulu, Honolulu, Honolulu County, Hawaii, 96821, United States",unknown,osm
osm-1217242665,21.2705252,-157.7799418,,"Kealaolu Avenue, Waialae-Kahala, Kāhala, East Honolulu, Honolulu, Honolulu County, Hawaii, 96821, United States",kahala,osm
osm-1217242666,21.2708639,-157.7802535,,"935, Makaiwa Street, Waialae-Kahala, Wailupe, Kāhala, East Honolulu, Honolulu, Honolulu County, Hawaii, 96816, United States",unknown,osm
osm-1217242667,21.2711761,-157.7801283,,"Kealaolu Avenue, Waialae-Kahala, Kāhala, East Honolulu, Honolulu, Honolulu County, Hawaii, 96821, United States",unknown,osm
osm-1217242668,21.2711012,-157.7805131,,"Makaiwa Street, Waialae-Kahala, Kāhala, East Honolulu, Honolulu, Honolulu County, Hawaii, 96821, United States",unknown,osm
osm-1217242669,21.2713744,-157.7806082,,"Kealaolu Avenue, Waialae-Kahala, Wailupe, Kāhala, East Honolulu, Honolulu, Honolulu County, Hawaii, 96821, United States",unknown,osm
osm-1217242670,21.271905,-157.7809144,,"Kealaolu Avenue, Waialae-Kahala, Kāhala, East Honolulu, Honolulu, Honolulu County, Hawaii, 96821, United States",unknown,osm
osm-1217242671,21.2717755,-157.7808749,,"Kealaolu Avenue, Waialae-Kahala, Kāhala, East Honolulu, Honolulu, Honolulu County, Hawaii, 96821, United States",unknown,osm
osm-1217242672,21.2717799,-157.7810474,,"Kealaolu Avenue, Waialae-Kahala, Wailupe, Kāhala, East Honolulu, Honolulu, Honolulu County, Hawaii, 96821, United States",unknown,osm
osm-1217242673,21.2715921,-157.7809596,,"Kealaolu Avenue, Waialae-Kahala, Wailupe, Kāhala, East Honolulu, Honolulu, Honolulu County, Hawaii, 96821, United States",unknown,osm
osm-1217242674,21.2716081,-157.7807575,,"Kealaolu Avenue, Waialae-Kahala, Kāhala, East Honolulu, Honolulu, Honolulu County, Hawaii, 96821, United States",unknown,osm
osm-1217242675,21.2721045,-157.7812822,,"Makaiwa Street, Waialae-Kahala, Wailupe, Kāhala, East Honolulu, Honolulu, Honolulu County, Hawaii, 96821, United States",unknown,osm
osm-1217242676,21.2722466,-157.7814439,,"Makaiwa Street, Waialae-Kahala, Kāhala, East Honolulu, Honolulu, Honolulu County, Hawaii, 96821, United States",unknown,osm
osm-1217242677,21.2722744,-157.7812522,,"Makaiwa Street, Waialae-Kahala, Wailupe, Kāhala, East Honolulu, Honolulu, Honolulu County, Hawaii, 96821, United States",unknown,osm
osm-1217242678,21.2724268,-157.7812973,,"Kealaolu Avenue, Waialae-Kahala, Kāhala, East Honolulu, Honolulu, Honolulu County, Hawaii, 96821, United States",unknown,osm
osm-1217242679,21.2725782,-157.7813804,,"Farmers Road, Waialae-Kahala, Kāhala, East Honolulu, Honolulu, Honolulu County, Hawaii, 96821, United States",unknown,osm
osm-1217243398,21.2726357,-157.7805623,,"Kealaolu Avenue, Waialae-Kahala, Kāhala, East Honolulu, Honolulu, Honolulu County, Hawaii, 96821, United States",unknown,osm
osm-1217243399,21.2722251,-157.7800277,,"Kealaolu Avenue, Waialae-Kahala, Kāhala, East Honolulu, Honolulu, Honolulu County, Hawaii, 96821, United States",unknown,osm
osm-1217243406,21.2725072,-157.7815006,,"Farmers Road, Waialae-Kahala, Kāhala, East Honolulu, Honolulu, Honolulu County, Hawaii, 96821, United States",unknown,osm
osm-1217461858,21.2705253,-157.7803275,,"Makaiwa Street, Waialae-Kahala, Kāhala, East Honolulu, Honolulu, Honolulu County, Hawaii, 96821, United States",unknown,osm
osm-1217608169,21.2710237,-157.7832314,,"Pueo Street, Waialae-Kahala, Kāhala, East Honolulu, Honolulu, Honolulu County, Hawaii, 96821, United States",unknown,osm
osm-1217608170,21.2709832,-157.7833726,,"1065, Pueo Street, Waialae-Kahala, Wailupe, Kāhala, East Honolulu, Honolulu, Honolulu County, Hawaii, 96816, United States",unknown,osm
osm-1217608171,21.2713142,-157.7831668,,"Moa Street, Waialae-Kahala, Kāhala, East Honolulu, Honolulu, Honolulu County, Hawaii, 96821, United States",unknown,osm
osm-1217608172,21.2721928,-157.7826391,,"4757, Moa Street, Waialae-Kahala, Wailupe, Kāhala, East Honolulu, Honolulu, Honolulu County, Hawaii, 96816, United States",unknown,osm
osm-1217608173,21.2724691,-157.7824304,,"Moa Street, Waialae-Kahala, Kāhala, East Honolulu, Honolulu, Honolulu County, Hawaii, 96821, United States",unknown,osm
osm-1217608174,21.2724936,-157.7822387,,"Makaiwa Street, Waialae-Kahala, Kāhala, East Honolulu, Honolulu, Honolulu County, Hawaii, 96821, United States",unknown,osm
osm-1217608175,21.2718104,-157.7824407,,"Farmers Road, Waialae-Kahala, Kāhala, East Honolulu, Honolulu, Honolulu County, Hawaii, 96821, United States",unknown,osm
osm-1217608180,21.2715539,-157.7828161,,"Farmers Road, Waialae-Kahala, Kāhala, East Honolulu, Honolulu, Honolulu County, Hawaii, 96821, United States",unknown,osm
osm-1217608558,21.2705932,-157.7791393,,"Kealaolu Avenue, Waialae-Kahala, Wailupe, Kāhala, East Honolulu, Honolulu, Honolulu County, Hawaii, 96821, United States",kahala,osm
osm-1217659392,21.2719488,-157.7795845,,"Keolaolu Place, Waialae-Kahala, Kāhala, East Honolulu, Honolulu, Honolulu County, Hawaii, 96821, United States",kahala,osm
osm-1217659393,21.2717848,-157.7792659,,"Keolaolu Place, Waialae-Kahala, Kāhala, East Honolulu, Honolulu, Honolulu County, Hawaii, 96821, United States",kahala,osm
osm-1217659394,21.2716021,-157.7789869,,"Keolaolu Place, Waialae-Kahala, Kāhala, East Honolulu, Honolulu, Honolulu County, Hawaii, 96821, United States",kahala,osm
osm-1217659395,21.2712623,-157.7789696,,"Keolaolu Place, Waialae-Kahala, Kāhala, East Honolulu, Honolulu, Honolulu County, Hawaii, 96821, United States",kahala,osm
osm-1217659396,21.2710038,-157.779168,,"Keolaolu Place, Waialae-Kahala, Kāhala, East Honolulu, Honolulu, Honolulu County, Hawaii, 96821, United States",kahala,osm
osm-1217659397,21.2707173,-157.7790437,,"Kealaolu Avenue, Waialae-Kahala, Kāhala, East Honolulu, Honolulu, Honolulu County, Hawaii, 96821, United States",kahala,osm
osm-1217659398,21.2714513,-157.7797066,,"Kealaolu Avenue, Waialae-Kahala, Kāhala, East Honolulu, Honolulu, Honolulu County, Hawaii, 96821, United States",kahala,osm
osm-1217659399,21.2717357,-157.7799077,,"Kealaolu Avenue, Waialae-Kahala, Kāhala, East Honolulu, Honolulu, Honolulu County, Hawaii, 96821, United States",kahala,osm
osm-1217659400,21.2720597,-157.7798801,,"978, Keolaolu Place, Waialae-Kahala, Wailupe, Kāhala, East Honolulu, Honolulu, Honolulu County, Hawaii, 96816, United States",kahala,osm
osm-1217659401,21.2721988,-157.7802832,,"Kealaolu Avenue, Waialae-Kahala, Kāhala, East Honolulu, Honolulu, Honolulu County, Hawaii, 96821, United States",unknown,osm
osm-1217848726,21.2713643,-157.7794929,,"Keolaolu Place, Waialae-Kahala, Kāhala, East Honolulu, Honolulu, Honolulu County, Hawaii, 96821, United States",kahala,osm
osm-1217854158,21.2708945,-157.779373,,"Kealaolu Avenue, Waialae-Kahala, Wailupe, Kāhala, East Honolulu, Honolulu, Honolulu County, Hawaii, 96821, United States",kahala,osm
osm-1217854164,21.2710351,-157.7778081,,"Kahala Avenue, Waialae-Kahala, Wailupe, Kāhala, East Honolulu, Honolulu, Honolulu County, Hawaii, 96821, United States",kahala,osm
osm-1217854166,21.2711381,-157.778294,,"Kahala Avenue, Waialae-Kahala, Kāhala, East Honolulu, Honolulu, Honolulu County, Hawaii, 96821, United States",kahala,osm
osm-1217854171,21.2706777,-157.7780463,,"Kahala Avenue, Waialae-Kahala, Kāhala, East Honolulu, Honolulu, Honolulu County, Hawaii, 96821, United States",kahala,osm
osm-1217905252,21.2730151,-157.7827334,,"Moa Street, Waialae-Kahala, Kāhala, East Honolulu, Honolulu, Honolulu County, Hawaii, 96821, United States",unknown,osm
osm-1217905253,21.2727886,-157.7827878,,"4770, Moa Street, Waialae-Kahala, Wailupe, Kāhala, East Honolulu, Honolulu, Honolulu County, Hawaii, 96816, United States",unknown,osm
osm-1217905254,21.2730324,-157.7828835,,"Pahoa Avenue, Waialae-Kahala, Kāhala, East Honolulu, Honolulu, Honolulu County, Hawaii, 96821, United States",unknown,osm
osm-1217905255,21.2733273,-157.7832931,,"Pahoa Avenue, Waialae-Kahala, Kāhala, East Honolulu, Honolulu, Honolulu County, Hawaii, 96821, United States",unknown,osm
osm-1217905256,21.2743509,-157.7834735,,"1078, Makaiwa Street, Waialae-Kahala, Wailupe, Kāhala, East Honolulu, Honolulu, Honolulu County, Hawaii, 96816, United States",unknown,osm
osm-1217905257,21.2741982,-157.7834277,,"Makaiwa Street, Waialae-Kahala, Kāhala, East Honolulu, Honolulu, Honolulu County, Hawaii, 96821, United States",unknown,osm
osm-1217905258,21.274271,-157.7838716,,"Pahoa Avenue, Waialae-Kahala, Kāhala, East Honolulu, Honolulu, Honolulu County, Hawaii, 96821, United States",unknown,osm
osm-1217905259,21.2745408,-157.783417,,"Makaiwa Street, Waialae-Kahala, Kāhala, East Honolulu, Honolulu, Honolulu County, Hawaii, 96821, United States",unknown,osm
osm-1217905260,21.2744753,-157.7835824,,"Makaiwa Street, Waialae-Kahala, Kāhala, East Honolulu, Honolulu, Honolulu County, Hawaii, 96821, United States",unknown,osm
osm-1217962746,21.2733206,-157.7830637,,"Pahoa Avenue, Waialae-Kahala, Kāhala, East Honolulu, Honolulu, Honolulu County, Hawaii, 96821, United States",unknown,osm
osm-1218342045,21.2728526,-157.782044,,"1020, Makaiwa Street, Waialae-Kahala, Wailupe, Kāhala, East Honolulu, Honolulu, Honolulu County, Hawaii, 96816, United States",unknown,osm
osm-1218342046,21.2732241,-157.7815537,,"Kealaolu Avenue, Waialae-Kahala, Kāhala, East Honolulu, Honolulu, Honolulu County, Hawaii, 96821, United States",unknown,osm
osm-1218342047,21.2731643,-157.7820288,,"Makaiwa Street, Waialae-Kahala, Wailupe, Kāhala, East Honolulu, Honolulu, Honolulu County, Hawaii, 96821, United States",unknown,osm
osm-1218342048,21.2731766,-157.7818778,,"Farmers Road, Waialae-Kahala, Kāhala, East Honolulu, Honolulu, Honolulu County, Hawaii, 96821, United States",unknown,osm
osm-1218342049,21.2734215,-157.7819849,,"Kealaolu Avenue, Waialae-Kahala, Kāhala, East Honolulu, Honolulu, Honolulu County, Hawaii, 96821, United States",unknown,osm
osm-1218342050,21.2736048,-157.7820617,,"Kealaolu Avenue, Waialae-Kahala, Kāhala, East Honolulu, Honolulu, Honolulu County, Hawaii, 96821, United States",unknown,osm
osm-1218342051,21.2738099,-157.7825164,,"Makaiwa Street, Waialae-Kahala, Kāhala, East Honolulu, Honolulu, Honolulu County, Hawaii, 96821, United States",unknown,osm
osm-1218342052,21.273962,-157.7822827,,"Kealaolu Avenue, Waialae-Kahala, Kāhala, East Honolulu, Honolulu, Honolulu County, Hawaii, 96821, United States",unknown,osm
osm-1218342053,21.274177,-157.7823274,,"Kealaolu Avenue, Waialae-Kahala, Kāhala, East Honolulu, Honolulu, Honolulu County, Hawaii, 96821, United States",unknown,osm
osm-1218342054,21.2743085,-157.7824765,,"Kealaolu Avenue, Waialae-Kahala, Kāhala, East Honolulu, Honolulu, Honolulu County, Hawaii, 96821, United States",unknown,osm
osm-1218342055,21.2748926,-157.7830796,,"Moho Street, Waialae-Kahala, Kāhala, East Honolulu, Honolulu, Honolulu County, Hawaii, 96821, United States",unknown,osm
osm-1218342056,21.2750723,-157.7827343,,"4681, Moho Street, Waialae-Kahala, Wailupe, Kāhala, East Honolulu, Honolulu, Honolulu County, Hawaii, 96816, United States",unknown,osm
osm-1218351434,21.2765131,-157.7839933,,"Makaiwa Street, Waialae-Kahala, Kāhala, East Honolulu, Honolulu, Honolulu County, Hawaii, 96821, United States",unknown,osm
osm-1218351435,21.2762523,-157.7838339,,"Makaiwa Street, Waialae-Kahala, Kāhala, East Honolulu, Honolulu, Honolulu County, Hawaii, 96821, United States",unknown,osm
osm-1218351436,21.2766424,-157.783778,,"Kealaolu Avenue, Waialae-Kahala, Kāhala, East Honolulu, Honolulu, Honolulu County, Hawaii, 96821, United States",unknown,osm
osm-1218351437,21.276939,-157.7838332,,"Kealaolu Avenue, Waialae-Kahala, Kāhala, East Honolulu, Honolulu, Honolulu County, Hawaii, 96821, United States",unknown,osm
osm-1218351438,21.2765847,-157.7834015,,"1140, Kealaolu Avenue, Waialae-Kahala, Wailupe, Kāhala, East Honolulu, Honolulu, Honolulu County, Hawaii, 96816, United States",unknown,osm
osm-1218351439,21.2761323,-157.7835086,,"Kealaolu Avenue, Waialae-Kahala, Wailupe, Kāhala, East Honolulu, Honolulu, Honolulu County, Hawaii, 96821, United States",unknown,osm
osm-1218351440,21.2758176,-157.7834998,,"Makaiwa Street, Waialae-Kahala, Kāhala, East Honolulu, Honolulu, Honolulu County, Hawaii, 96821, United States",unknown,osm
osm-1218351441,21.2759358,-157.7834396,,"Makaiwa Street, Waialae-Kahala, Kāhala, East Honolulu, Honolulu, Honolulu County, Hawaii, 96821, United States",unknown,osm
osm-1218351442,21.2757857,-157.7837235,,"Makaiwa Street, Waialae-Kahala, Kāhala, East Honolulu, Honolulu, Honolulu County, Hawaii, 96821, United States",unknown,osm
osm-1218351443,21.2753789,-157.7832256,,"Moho Street, Waialae-Kahala, Kāhala, East Honolulu, Honolulu, Honolulu County, Hawaii, 96821, United States",unknown,osm
osm-1218377244,21.2746822,-157.7846257,,"4411, Pahoa Avenue, Waialae-Kahala, Wailupe, Kāhala, East Honolulu, Honolulu, Honolulu County, Hawaii, 96816, United States",unknown,osm
osm-1218377245,21.2755152,-157.7842339,,"Makaiwa Street, Waialae-Kahala, Kāhala, East Honolulu, Honolulu, Honolulu County, Hawaii, 96821, United States",unknown,osm
osm-1218377246,21.2754544,-157.7844204,,"Kilauea Avenue, Waialae-Kahala, Kāhala, East Honolulu, Honolulu, Honolulu County, Hawaii, 96821, United States",unknown,osm
osm-1218377247,21.2758049,-157.7843915,,"Makaiwa Street, Waialae-Kahala, Kāhala, East Honolulu, Honolulu, Honolulu County, Hawaii, 96821, United States",unknown,osm
osm-1218377248,21.2756633,-157.7844535,,"Kilauea Avenue, Waialae-Kahala, Kāhala, East Honolulu, Honolulu, Honolulu County, Hawaii, 96821, United States",unknown,osm
osm-1218380058,21.2757553,-157.784252,,"Makaiwa Street, Waialae-Kahala, Kāhala, East Honolulu, Honolulu, Honolulu County, Hawaii, 96821, United States",unknown,osm
osm-1218593696,21.2584957,-157.7945001,,"Papu Circle, Black Point, Kāhala, East Honolulu, Honolulu, Honolulu County, Hawaii, 96828, United States",unknown,osm
osm-1218593697,21.2584287,-157.794336,,"Papu Circle, Black Point, Kāhala, East Honolulu, Honolulu, Honolulu County, Hawaii, 96828, United States",unknown,osm
osm-1218593698,21.2578526,-157.7937967,,"Papu Circle, Black Point, Kāhala, East Honolulu, Honolulu, Honolulu County, Hawaii, 96828, United States",unknown,osm
osm-1218593699,21.2574006,-157.7932902,,"4178, Papu Circle, Black Point, Kāhala, East Honolulu, Honolulu, Honolulu County, Hawaii, 96816, United States",unknown,osm
osm-1218593700,21.2575791,-157.7932379,,"4242, Papu Circle, Black Point, Kāhala, East Honolulu, Honolulu, Honolulu County, Hawaii, 96816, United States",unknown,osm
osm-1218593701,21.2582972,-157.7938505,,"Papu Circle, Black Point, Kāhala, East Honolulu, Honolulu, Honolulu County, Hawaii, 96828, United States",unknown,osm
osm-1218593727,21.2585559,-157.7947283,,"Papu Circle, Black Point, Kāhala, East Honolulu, Honolulu, Honolulu County, Hawaii, 96828, United States",unknown,osm
osm-1218646413,21.2653826,-157.7804446,,"Kahala Avenue, Waialae-Kahala, Wailupe, Kāhala, East Honolulu, Honolulu, Honolulu County, Hawaii, 96821, United States",unknown,osm
osm-1218838290,21.2645213,-157.7815584,,"Kahala Avenue, Waialae-Kahala, Wailupe, Kāhala, East Honolulu, Honolulu, Honolulu County, Hawaii, 96821, United States",unknown,osm
osm-1218841832,21.2652138,-157.7810519,,"Kahala Avenue, Waialae-Kahala, Black Point, Kāhala, East Honolulu, Honolulu, Honolulu County, Hawaii, 96821, United States",unknown,osm
osm-1218841835,21.2656648,-157.781126,,"Kahala Avenue, Waialae-Kahala, Wailupe, Kāhala, East Honolulu, Honolulu, Honolulu County, Hawaii, 96821, United States",unknown,osm
osm-1218841837,21.2656523,-157.7800727,,"Kahala Avenue, Waialae-Kahala, Black Point, Kāhala, East Honolulu, Honolulu, Honolulu County, Hawaii, 96821, United States",unknown,osm
osm-1218841838,21.2659237,-157.7801515,,"Kahala Avenue, Waialae-Kahala, Black Point, Kāhala, East Honolulu, Honolulu, Honolulu County, Hawaii, 96821, United States",unknown,osm
osm-1218860342,21.2668607,-157.78044,,"Kahala Avenue, Waialae-Kahala, Black Point, Kāhala, East Honolulu, Honolulu, Honolulu County, Hawaii, 96821, United States",unknown,osm
osm-1218867810,21.266702,-157.7797496,,"Kahala Avenue, Waialae-Kahala, Black Point, Kāhala, East Honolulu, Honolulu, Honolulu County, Hawaii, 96821, United States",unknown,osm
osm-1218867811,21.2670221,-157.7795351,,"Kahala Avenue, Waialae-Kahala, Black Point, Kāhala, East Honolulu, Honolulu, Honolulu County, Hawaii, 96821, United States",unknown,osm
osm-1218867814,21.2671254,-157.7801435,,"Kahala Avenue, Waialae-Kahala, Black Point, Kāhala, East Honolulu, Honolulu, Honolulu County, Hawaii, 96821, United States",unknown,osm
osm-1219098717,21.2677825,-157.7791128,,"Pueo Street, Waialae-Kahala, Kāhala, East Honolulu, Honolulu, Honolulu County, Hawaii, 96821, United States",unknown,osm
osm-1219098722,21.2680015,-157.7789047,,"Pueo Street, Waialae-Kahala, Kāhala, East Honolulu, Honolulu, Honolulu County, Hawaii, 96821, United States",unknown,osm
osm-1219098726,21.2683884,-157.7791782,,"Pueo Street, Waialae-Kahala, Kāhala, East Honolulu, Honolulu, Honolulu County, Hawaii, 96821, United States",unknown,osm
osm-1219098728,21.2686028,-157.7791586,,"Pueo Street, Waialae-Kahala, Kāhala, East Honolulu, Honolulu, Honolulu County, Hawaii, 96821, United States",unknown,osm
osm-1219098729,21.2685804,-157.7787239,,"Kainapau Place, Waialae-Kahala, Kāhala, East Honolulu, Honolulu, Honolulu County, Hawaii, 96821, United States",unknown,osm
osm-1219098730,21.2682937,-157.7783106,,"Pueo Street, Waialae-Kahala, Kāhala, East Honolulu, Honolulu, Honolulu County, Hawaii, 96821, United States",unknown,osm
osm-1219098731,21.2686661,-157.777967,,"Kainapau Place, Waialae-Kahala, Wailupe, Kāhala, East Honolulu, Honolulu, Honolulu County, Hawaii, 96821, United States",unknown,osm
osm-1219099611,21.2690469,-157.7781862,,"Kainapau Place, Waialae-Kahala, Kāhala, East Honolulu, Honolulu, Honolulu County, Hawaii, 96821, United States",unknown,osm
osm-1219625230,21.2599867,-157.7897496,,"Kahala Avenue, Waialae-Kahala, Kāhala, East Honolulu, Honolulu, Honolulu County, Hawaii, 96828, United States",unknown,osm
osm-1220088843,21.2598712,-157.789943,,"Kahala Avenue, Waialae-Kahala, Kāhala, East Honolulu, Honolulu, Honolulu County, Hawaii, 96828, United States",unknown,osm
osm-1220096421,21.2592432,-157.7906567,,"Royal Place, Waialae-Kahala, Kāhala, East Honolulu, Honolulu, Honolulu County, Hawaii, 96828, United States",unknown,osm
osm-1220096428,21.2590443,-157.7913178,,"4301, Royal Circle, Waialae-Kahala, Kāhala, East Honolulu, Honolulu, Honolulu County, Hawaii, 96816, United States",unknown,osm
osm-1220096429,21.2594068,-157.7915986,,"154, Royal Circle, Waialae-Kahala, Kāhala, East Honolulu, Honolulu, Honolulu County, Hawaii, 96816, United States",unknown,osm
osm-1220096430,21.2593101,-157.7915253,,"Royal Circle, Waialae-Kahala, Kāhala, East Honolulu, Honolulu, Honolulu County, Hawaii, 96828, United States",unknown,osm
osm-1220102910,21.2655414,-157.7925581,,"4265, Huanui Street, Kāhala, East Honolulu, Honolulu, Honolulu County, Hawaii, 96816, United States",unknown,osm
osm-1220102913,21.2656031,-157.7919448,,"Huanui Street, Kāhala, East Honolulu, Honolulu, Honolulu County, Hawaii, 96828, United States",unknown,osm
osm-1220102916,21.2654863,-157.7921913,,"4299, Huanui Street, Kāhala, East Honolulu, Honolulu, Honolulu County, Hawaii, 96816, United States",unknown,osm
osm-1220102917,21.2653571,-157.7917834,,"Puu Panini Avenue, Black Point, Kāhala, East Honolulu, Honolulu, Honolulu County, Hawaii, 96828, United States",unknown,osm
osm-1220102924,21.265096,-157.7932323,,"Puu Panini Avenue, Black Point, Kāhala, East Honolulu, Honolulu, Honolulu County, Hawaii, 96828, United States",unknown,osm
osm-1220102925,21.2649765,-157.7935653,,"Puu Panini Avenue, Black Point, Kāhala, East Honolulu, Honolulu, Honolulu County, Hawaii, 96828, United States",unknown,osm
osm-1220157999,21.2663268,-157.7934849,,"Huanui Street, Kāhala, East Honolulu, Honolulu, Honolulu County, Hawaii, 96828, United States",unknown,osm
osm-1220594873,21.2684396,-157.7933547,,"Hunalewa Street, Kāhala, East Honolulu, Honolulu, Honolulu County, Hawaii, 96828, United States",unknown,osm
osm-1221593723,21.2587915,-157.7929469,,"4039, Black Point Road, Waialae-Kahala, Kāhala, East Honolulu, Honolulu, Honolulu County, Hawaii, 96816, United States",unknown,osm
osm-1221593724,21.2592645,-157.7940349,,"Kahala Avenue, Waialae-Kahala, Kāhala, East Honolulu, Honolulu, Honolulu County, Hawaii, 96828, United States",unknown,osm
osm-1221593725,21.2591658,-157.7947061,,"Papu Circle, Black Point, Kāhala, East Honolulu, Honolulu, Honolulu County, Hawaii, 96828, United States",unknown,osm
osm-1221593726,21.2594383,-157.7941096,,"Kahala Avenue, Waialae-Kahala, Kāhala, East Honolulu, Honolulu, Honolulu County, Hawaii, 96828, United States",unknown,osm
osm-1221593727,21.2590075,-157.7941748,,"Papu Circle, Black Point, Kāhala, East Honolulu, Honolulu, Honolulu County, Hawaii, 96828, United States",unknown,osm
osm-1221593728,21.2591666,-157.7938245,,"Black Point Road, Waialae-Kahala, Kāhala, East Honolulu, Honolulu, Honolulu County, Hawaii, 96828, United States",unknown,osm
osm-1221593729,21.2587775,-157.7934789,,"Papu Circle, Black Point, Kāhala, East Honolulu, Honolulu, Honolulu County, Hawaii, 96828, United States",unknown,osm
osm-1221593730,21.2579406,-157.7929499,,"Papu Circle, Black Point, Kāhala, East Honolulu, Honolulu, Honolulu County, Hawaii, 96828, United States",unknown,osm
osm-1221593732,21.2582417,-157.7928033,,"Papu Circle, Black Point, Kāhala, East Honolulu, Honolulu, Honolulu County, Hawaii, 96828, United States",unknown,osm
osm-1221593733,21.2571907,-157.7924133,,"Akulikuli Terrace, Waialae-Kahala, East Honolulu, Honolulu, Honolulu County, Hawaii, 96828, United States",unknown,osm
osm-1221593734,21.256821,-157.7922981,,"Black Point Road, Waialae-Kahala, Kāhala, East Honolulu, Honolulu, Honolulu County, Hawaii, 96828, United States",unknown,osm
osm-1221593735,21.2563437,-157.7919361,,"Black Point Road, Waialae-Kahala, East Honolulu, Honolulu, Honolulu County, Hawaii, 96828, United States",unknown,osm
osm-1221593736,21.2567612,-157.7916152,,"Black Point Road, Waialae-Kahala, East Honolulu, Honolulu, Honolulu County, Hawaii, 96828, United States",unknown,osm
osm-1221593737,21.2589028,-157.7931387,,"Black Point Road, Waialae-Kahala, Kāhala, East Honolulu, Honolulu, Honolulu County, Hawaii, 96828, United States",unknown,osm
osm-1222100444,21.2589706,-157.791724,,"Royal Circle, Waialae-Kahala, Kāhala, East Honolulu, Honolulu, Honolulu County, Hawaii, 96828, United States",unknown,osm
osm-1222100447,21.2585629,-157.7917173,,"Royal Circle, Waialae-Kahala, Kāhala, East Honolulu, Honolulu, Honolulu County, Hawaii, 96828, United States",unknown,osm
osm-1222100448,21.2587697,-157.7917619,,"Royal Circle, Waialae-Kahala, Kāhala, East Honolulu, Honolulu, Honolulu County, Hawaii, 96828, United States",unknown,osm
osm-1222100455,21.2581315,-157.7912126,,"Pu'ueleele Place, Waialae-Kahala, Kāhala, East Honolulu, Honolulu, Honolulu County, Hawaii, 96828, United States",unknown,osm
osm-1222106134,21.2589729,-157.792147,,"Royal Circle, Waialae-Kahala, Kāhala, East Honolulu, Honolulu, Honolulu County, Hawaii, 96828, United States",unknown,osm
osm-1222106136,21.2593498,-157.7922077,,"Royal Circle, Waialae-Kahala, Kāhala, East Honolulu, Honolulu, Honolulu County, Hawaii, 96828, United States",unknown,osm
osm-1222106139,21.2592243,-157.7927282,,"4028, Black Point Road, Waialae-Kahala, Kāhala, East Honolulu, Honolulu, Honolulu County, Hawaii, 96816, United States",unknown,osm
osm-1222106142,21.2597976,-157.7929567,,"Kahala Avenue, Waialae-Kahala, Kāhala, East Honolulu, Honolulu, Honolulu County, Hawaii, 96828, United States",unknown,osm
osm-1222106143,21.2597969,-157.7926915,,"4303, Royal Place, Waialae-Kahala, Kāhala, East Honolulu, Honolulu, Honolulu County, Hawaii, 96816, United States",unknown,osm
osm-1222106147,21.2590888,-157.7924837,,"Royal Circle, Waialae-Kahala, Kāhala, East Honolulu, Honolulu, Honolulu County, Hawaii, 96828, United States",unknown,osm
osm-1222106150,21.2595915,-157.7931335,,"Black Point Road, Waialae-Kahala, Kāhala, East Honolulu, Honolulu, Honolulu County, Hawaii, 96828, United States",unknown,osm
osm-1222108999,21.2573594,-157.7917671,,"Black Point Road, Waialae-Kahala, Kāhala, East Honolulu, Honolulu, Honolulu County, Hawaii, 96828, United States",unknown,osm
osm-1222109001,21.2572688,-157.7912852,,"Black Point Road, Waialae-Kahala, East Honolulu, Honolulu, Honolulu County, Hawaii, 96828, United States",unknown,osm
osm-1222115888,21.2574239,-157.7909516,,"Pu'ueleele Place, Waialae-Kahala, Kāhala, East Honolulu, Honolulu, Honolulu County, Hawaii, 96828, United States",unknown,osm
osm-1222115890,21.2570452,-157.7913815,,"Black Point Road, Waialae-Kahala, East Honolulu, Honolulu, Honolulu County, Hawaii, 96828, United States",unknown,osm
osm-1222115904,21.2564222,-157.7912305,,"Black Point Road, Waialae-Kahala, East Honolulu, Honolulu, Honolulu County, Hawaii, 96828, United States",unknown,osm
osm-1222115906,21.2563491,-157.7908208,,"4199, Black Point Road, Waialae-Kahala, Kāhala, East Honolulu, Honolulu, Honolulu County, Hawaii, 96816, United States",unknown,osm
osm-1222115909,21.2554693,-157.7918432,,"Black Point Place, Waialae-Kahala, East Honolulu, Honolulu, Honolulu County, Hawaii, 96828, United States",unknown,osm
osm-1222368650,21.2572249,-157.7920555,,"Black Point Road, Waialae-Kahala, Kāhala, East Honolulu, Honolulu, Honolulu County, Hawaii, 96828, United States",unknown,osm
osm-1222370599,21.2595234,-157.7940694,,"Kahala Avenue + Black Point Road, Kahala Avenue, Waialae-Kahala, Kāhala, East Honolulu, Honolulu, Honolulu County, Hawaii, 96828, United States",unknown,osm
osm-1222371817,21.2580204,-157.7925937,,"Papu Circle, Black Point, Kāhala, East Honolulu, Honolulu, Honolulu County, Hawaii, 96828, United States",unknown,osm
osm-1222416381,21.2560223,-157.7923936,,"Kaikoo Place, Black Point, East Honolulu, Honolulu, Honolulu County, Hawaii, 96828, United States",unknown,osm
osm-1222416384,21.2562919,-157.7922379,,"Black Point Road, Waialae-Kahala, Kāhala, East Honolulu, Honolulu, Honolulu County, Hawaii, 96828, United States",unknown,osm
osm-1222416386,21.2559889,-157.7922832,,"Black Point Place, Waialae-Kahala, East Honolulu, Honolulu, Honolulu County, Hawaii, 96828, United States",unknown,osm
osm-1222416392,21.2553805,-157.7927132,,"Kaikoo Place, Black Point, East Honolulu, Honolulu, Honolulu County, Hawaii, 96828, United States",unknown,osm
osm-1222431301,21.2554033,-157.7931241,,"Kaikoo Place, Black Point, East Honolulu, Honolulu, Honolulu County, Hawaii, 96828, United States",unknown,osm
osm-1222431302,21.2555676,-157.7935265,,"Kaikoo Place, Black Point, East Honolulu, Honolulu, Honolulu County, Hawaii, 96828, United States",unknown,osm
osm-1222431303,21.2559573,-157.7944126,,"Kaikoo Place, Black Point, East Honolulu, Honolulu, Honolulu County, Hawaii, 96828, United States",unknown,osm
osm-1222587515,21.2552645,-157.7928388,,"Kaikoo Place, Black Point, East Honolulu, Honolulu, Honolulu County, Hawaii, 96828, United States",unknown,osm
osm-1222587520,21.2553854,-157.792522,,"4343, Kaikoo Place, Black Point, Kāhala, East Honolulu, Honolulu, Honolulu County, Hawaii, 96816, United States",unknown,osm
osm-1222587522,21.2562586,-157.7939944,,"Kaikoo Place, Black Point, East Honolulu, Honolulu, Honolulu County, Hawaii, 96828, United States",unknown,osm
osm-1222587634,21.2569383,-157.7937842,,"Papu Circle, Black Point, Kāhala, East Honolulu, Honolulu, Honolulu County, Hawaii, 96828, United States",unknown,osm
osm-1222670078,21.2566632,-157.793993,,"Kaikoo Place, Black Point, East Honolulu, Honolulu, Honolulu County, Hawaii, 96828, United States",unknown,osm
osm-1222683997,21.2565208,-157.793642,,"4255, Kaikoo Place, Black Point, Kāhala, East Honolulu, Honolulu, Honolulu County, Hawaii, 96816, United States",unknown,osm
osm-1222683999,21.2561116,-157.7932503,,"Kaikoo Place, Black Point, East Honolulu, Honolulu, Honolulu County, Hawaii, 96828, United States",unknown,osm
osm-1222684001,21.2562229,-157.7934614,,"Kaikoo Place, Black Point, East Honolulu, Honolulu, Honolulu County, Hawaii, 96828, United States",unknown,osm
osm-1222684003,21.2564357,-157.7931186,,"Kaikoo Place, Black Point, Kāhala, East Honolulu, Honolulu, Honolulu County, Hawaii, 96828, United States",unknown,osm
osm-1222684008,21.2559534,-157.79282,,"Kaikoo Place, Black Point, East Honolulu, Honolulu, Honolulu County, Hawaii, 96828, United States",unknown,osm
osm-1222684011,21.2563397,-157.7930381,,"Kaikoo Place, Black Point, East Honolulu, Honolulu, Honolulu County, Hawaii, 96828, United States",unknown,osm
osm-1222684012,21.2566277,-157.7930927,,"Kaikoo Place, Black Point, East Honolulu, Honolulu, Honolulu County, Hawaii, 96828, United States",unknown,osm
osm-1222684013,21.2568171,-157.7935351,,"Papu Circle, Black Point, Kāhala, East Honolulu, Honolulu, Honolulu County, Hawaii, 96828, United States",unknown,osm
osm-1222882757,21.2574957,-157.7946117,,"Papu Circle, Black Point, Kāhala, East Honolulu, Honolulu, Honolulu County, Hawaii, 96828, United States",unknown,osm
osm-1222882759,21.2576504,-157.7947205,,"Shangri La, 4055, Papu Circle, Black Point, Kāhala, East Honolulu, Honolulu, Honolulu County, Hawaii, 96816, United States",unknown,osm
osm-1222883684,21.2589634,-157.7956979,,"Kulamanu Street, Black Point, Kāhala, East Honolulu, Honolulu, Honolulu County, Hawaii, 96828, United States",unknown,osm
osm-1222883685,21.2588879,-157.7953629,,"Kulamanu Street, Black Point, Kāhala, East Honolulu, Honolulu, Honolulu County, Hawaii, 96828, United States",unknown,osm
osm-1222883686,21.2589494,-157.7951746,,"Kulamanu Street, Black Point, Kāhala, East Honolulu, Honolulu, Honolulu County, Hawaii, 96828, United States",unknown,osm
osm-1222883687,21.2588992,-157.7959607,,"Kulamanu Street, Black Point, Kāhala, East Honolulu, Honolulu, Honolulu County, Hawaii, 96828, United States",unknown,osm
osm-1222883688,21.2588729,-157.7960872,,"Kulamanu Street, Black Point, Kāhala, East Honolulu, Honolulu, Honolulu County, Hawaii, 96828, United States",unknown,osm
osm-1222883690,21.258814,-157.7962963,,"Kulamanu Street, Black Point, Kāhala, East Honolulu, Honolulu, Honolulu County, Hawaii, 96828, United States",unknown,osm
osm-1222883691,21.2588358,-157.7970007,,"Kulamanu Street, Black Point, Kāhala, East Honolulu, Honolulu, Honolulu County, Hawaii, 96828, United States",unknown,osm
osm-1222883692,21.2587691,-157.7971046,,"Kulamanu Street, Black Point, Kāhala, East Honolulu, Honolulu, Honolulu County, Hawaii, 96828, United States",unknown,osm
osm-1222883693,21.2587865,-157.7973502,,"4000, Kulamanu Street, Black Point, Kāhala, East Honolulu, Honolulu, Honolulu County, Hawaii, 96816, United States",unknown,osm
osm-1222884056,21.2572431,-157.797035,,"101, Kuine Place, Black Point, Kāhala, East Honolulu, Honolulu, Honolulu County, Hawaii, 96816, United States",unknown,osm
osm-1222884057,21.2574241,-157.7963377,,"Kulamanu Place, Black Point, Kāhala, East Honolulu, Honolulu, Honolulu County, Hawaii, 96828, United States",unknown,osm
osm-1222884058,21.2582951,-157.7956985,,"4073, Kulamanu Street, Black Point, Kāhala, East Honolulu, Honolulu, Honolulu County, Hawaii, 96816, United States",unknown,osm
osm-1222884059,21.2581657,-157.7971043,,"155, Kuine Place, Black Point, Kāhala, East Honolulu, Honolulu, Honolulu County, Hawaii, 96816, United States",unknown,osm
osm-1222884060,21.2579717,-157.7967466,,"Kuine Place, Black Point, Kāhala, East Honolulu, Honolulu, Honolulu County, Hawaii, 96828, United States",unknown,osm
osm-1222884061,21.2579937,-157.7969726,,"Kuine Place, Black Point, Kāhala, East Honolulu, Honolulu, Honolulu County, Hawaii, 96828, United States",unknown,osm
osm-1223122098,21.2581777,-157.7954815,,"282, Kaikuono Place, Black Point, Kāhala, East Honolulu, Honolulu, Honolulu County, Hawaii, 96816, United States",unknown,osm
osm-1223122099,21.2581382,-157.7959552,,"Kulamanu Place, Black Point, Kāhala, East Honolulu, Honolulu, Honolulu County, Hawaii, 96828, United States",unknown,osm
osm-1223122106,21.2579634,-157.7954287,,"Kaikuono Place, Black Point, Kāhala, East Honolulu, Honolulu, Honolulu County, Hawaii, 96828, United States",unknown,osm
osm-1223275987,21.2573445,-157.7968267,,"Kulamanu Place, Black Point, Kāhala, East Honolulu, Honolulu, Honolulu County, Hawaii, 96828, United States",unknown,osm
osm-1223275991,21.2580062,-157.7972963,,"Kaimanawai Place, Black Point, Kāhala, East Honolulu, Honolulu, Honolulu County, Hawaii, 96828, United States",unknown,osm
osm-1223275992,21.2583268,-157.7973225,,"Kaimanawai Place, Black Point, Kāhala, East Honolulu, Honolulu, Honolulu County, Hawaii, 96828, United States",unknown,osm
osm-1223275995,21.2574006,-157.7975833,,"Kuine Place, Black Point, Kāhala, East Honolulu, Honolulu, Honolulu County, Hawaii, 96828, United States",unknown,osm
osm-1223275996,21.2576813,-157.7975829,,"Kaimanawai Place, Black Point, Kāhala, East Honolulu, Honolulu, Honolulu County, Hawaii, 96828, United States",unknown,osm
osm-1223275997,21.2576712,-157.7976461,,"Kaimanawai Place, Black Point, Kāhala, East Honolulu, Honolulu, Honolulu County, Hawaii, 96828, United States",unknown,osm
osm-1223275998,21.2574514,-157.7976963,,"Kaalawai Place, Black Point, Kāhala, East Honolulu, Honolulu, Honolulu County, Hawaii, 96828, United States",unknown,osm
osm-1223275999,21.2573016,-157.7977406,,"Kaalawai Place, Black Point, Kāhala, East Honolulu, Honolulu, Honolulu County, Hawaii, 96828, United States",unknown,osm
osm-1224018485,21.2584614,-157.7978232,,"Kulamanu Street, Black Point, Kāhala, East Honolulu, Honolulu, Honolulu County, Hawaii, 96828, United States",unknown,osm
osm-1224018497,21.2571779,-157.7980788,,"Kaalawai Place, Black Point, Kāhala, East Honolulu, Honolulu, Honolulu County, Hawaii, 96828, United States",unknown,osm
osm-1224019385,21.2626216,-157.7951465,,"Hakaka Street, Black Point, Kāhala, East Honolulu, Honolulu, Honolulu County, Hawaii, 96828, United States",unknown,osm
osm-1224021468,21.2571165,-157.7984934,,"Kaalawai Place, Black Point, Kāhala, East Honolulu, Honolulu, Honolulu County, Hawaii, 96828, United States",unknown,osm
osm-1224021469,21.2571589,-157.7983587,,"200, Kaalawai Place, Kāhala, East Honolulu, Honolulu, Honolulu County, Hawaii, 96816, United States",unknown,osm
osm-1224021470,21.258177,-157.7984461,,"Kaalawai Place, Black Point, Kāhala, East Honolulu, Honolulu, Honolulu County, Hawaii, 96828, United States",unknown,osm
osm-1224022000,21.2573099,-157.7992659,,"Palaoa Place, Black Point, Kāhala, East Honolulu, Honolulu, Honolulu County, Hawaii, 96828, United States",unknown,osm
osm-1224022006,21.258057,-157.7991421,,"232, Palaoa Place, Kāhala, East Honolulu, Honolulu, Honolulu County, Hawaii, 96816, United States",unknown,osm
osm-1224022009,21.2579912,-157.7988912,,"Palaoa Place, Black Point, Kāhala, East Honolulu, Honolulu, Honolulu County, Hawaii, 96828, United States",unknown,osm
osm-1224022010,21.2583652,-157.7989512,,"Palaoa Place, Black Point, Kāhala, East Honolulu, Honolulu, Honolulu County, Hawaii, 96828, United States",unknown,osm
osm-1224023372,21.2584966,-157.7988465,,"267, Palaoa Place, Kāhala, East Honolulu, Honolulu, Honolulu County, Hawaii, 96816, United States",unknown,osm
osm-1224023375,21.2585144,-157.7984697,,"Kaalawai Place, Black Point, Kāhala, East Honolulu, Honolulu, Honolulu County, Hawaii, 96828, United States",unknown,osm
osm-1224690360,21.2564312,-157.8006505,,"Diamond Head Road, Black Point, Kāhala, East Honolulu, Honolulu, Honolulu County, Hawaii, 96828, United States",unknown,osm
osm-1224714808,21.2578951,-157.8012301,,"Diamond Head Road, Black Point, Kāhala, East Honolulu, Honolulu, Honolulu County, Hawaii, 96828, United States",unknown,osm
osm-1224714809,21.2581206,-157.8008457,,"Poka Place, Black Point, Kāhala, East Honolulu, Honolulu, Honolulu County, Hawaii, 96828, United States",unknown,osm
osm-1224714810,21.2587653,-157.7999252,,"Poka Place, Black Point, Kāhala, East Honolulu, Honolulu, Honolulu County, Hawaii, 96828, United States",unknown,osm
osm-1224714811,21.2589193,-157.7994863,,"Poka Street, Black Point, Kāhala, East Honolulu, Honolulu, Honolulu County, Hawaii, 96828, United States",unknown,osm
osm-1224714812,21.2577493,-157.8014735,,"Diamond Head Road, Black Point, Kāhala, East Honolulu, Honolulu, Honolulu County, Hawaii, 96828, United States",unknown,osm
osm-1225127106,21.2578075,-157.8000088,,"Diamond Head Road, Black Point, Kāhala, East Honolulu, Honolulu, Honolulu County, Hawaii, 96828, United States",unknown,osm
osm-1225127107,21.2579053,-157.7997631,,"Diamond Head Road, Black Point, Kāhala, East Honolulu, Honolulu, Honolulu County, Hawaii, 96828, United States",unknown,osm
osm-1225127114,21.2571019,-157.8008247,,"Diamond Head Road, Black Point, Kāhala, East Honolulu, Honolulu, Honolulu County, Hawaii, 96828, United States",unknown,osm
osm-1225128045,21.2571667,-157.8016043,,"Diamond Head Road, Black Point, Kāhala, East Honolulu, Honolulu, Honolulu County, Hawaii, 96828, United States",unknown,osm
osm-1225136055,21.2569611,-157.8004717,,"Diamond Head Road, Black Point, Kāhala, East Honolulu, Honolulu, Honolulu County, Hawaii, 96828, United States",unknown,osm
osm-1225136057,21.2569447,-157.8019519,,"Diamond Head Road, Kāhala, East Honolulu, Honolulu, Honolulu County, Hawaii, 96828, United States",unknown,osm
osm-1225136060,21.2567318,-157.8021039,,"Diamond Head Road, Kāhala, East Honolulu, Honolulu, Honolulu County, Hawaii, 96828, United States",unknown,osm
osm-1225136061,21.2566882,-157.8024065,,"Diamond Head Road, East Honolulu, Honolulu, Honolulu County, Hawaii, 96828, United States",unknown,osm
osm-1225136065,21.2566454,-157.8029547,,"Diamond Head Road, East Honolulu, Honolulu, Honolulu County, Hawaii, 96828, United States",unknown,osm
osm-1225136067,21.2562353,-157.8022645,,"Diamond Head Road, East Honolulu, Honolulu, Honolulu County, Hawaii, 96828, United States",unknown,osm
osm-1225136068,21.2564794,-157.8031813,,"Diamond Head Road, East Honolulu, Honolulu, Honolulu County, Hawaii, 96828, United States",unknown,osm
osm-1225136069,21.2564479,-157.8033565,,"Diamond Head Road, East Honolulu, Honolulu, Honolulu County, Hawaii, 96828, United States",unknown,osm
osm-1225136071,21.2561568,-157.8031525,,"Diamond Head Road, East Honolulu, Honolulu, Honolulu County, Hawaii, 96828, United States",unknown,osm
osm-1225139432,21.2635171,-157.7977688,,"22nd Avenue, Black Point, Kāhala, East Honolulu, Honolulu, Honolulu County, Hawaii, 96828, United States",unknown,osm
osm-1225139438,21.2626989,-157.7983127,,"22nd Avenue, Black Point, Kāhala, East Honolulu, Honolulu, Honolulu County, Hawaii, 96828, United States",unknown,osm
osm-1225139439,21.2628675,-157.7982559,,"22nd Avenue, Black Point, Kāhala, East Honolulu, Honolulu, Honolulu County, Hawaii, 96828, United States",unknown,osm
osm-1225139443,21.2619625,-157.7980854,,"Pana Place, Black Point, Kāhala, East Honolulu, Honolulu, Honolulu County, Hawaii, 96828, United States",unknown,osm
osm-1225139447,21.2619863,-157.7985608,,"Pana Place, Black Point, Kāhala, East Honolulu, Honolulu, Honolulu County, Hawaii, 96828, United States",unknown,osm
osm-1225139448,21.2615231,-157.7988004,,"Pokapahu Place, Black Point, Kāhala, East Honolulu, Honolulu, Honolulu County, Hawaii, 96828, United States",unknown,osm
osm-1225139453,21.2610643,-157.7988788,,"Pokapahu Place, Black Point, Kāhala, East Honolulu, Honolulu, Honolulu County, Hawaii, 96828, United States",unknown,osm
osm-1225139776,21.2607998,-157.7988769,,"3842, Pokapahu Place, Black Point, Kāhala, East Honolulu, Honolulu, Honolulu County, Hawaii, 96816, United States",unknown,osm
osm-1225266210,21.2609273,-157.7981876,,"596, Paikau Street, Black Point, Kāhala, East Honolulu, Honolulu, Honolulu County, Hawaii, 96816, United States",unknown,osm
osm-1225266211,21.2602304,-157.7988542,,"Pokapahu Place, Black Point, Kāhala, East Honolulu, Honolulu, Honolulu County, Hawaii, 96828, United States",unknown,osm
osm-1225266212,21.2599301,-157.7989487,,"Poka Street, Black Point, Kāhala, East Honolulu, Honolulu, Honolulu County, Hawaii, 96828, United States",unknown,osm
osm-1225266213,21.2604074,-157.7984735,,"Poka Street, Black Point, Kāhala, East Honolulu, Honolulu, Honolulu County, Hawaii, 96828, United States",unknown,osm
osm-1225266214,21.2605531,-157.79799,,"Poka Street, Black Point, Kāhala, East Honolulu, Honolulu, Honolulu County, Hawaii, 96828, United States",unknown,osm
osm-1225367139,21.2595641,-157.7986782,,"Poka Street, Black Point, Kāhala, East Honolulu, Honolulu, Honolulu County, Hawaii, 96828, United States",unknown,osm
osm-1225367140,21.2592108,-157.7989563,,"Poka Street, Black Point, Kāhala, East Honolulu, Honolulu, Honolulu County, Hawaii, 96828, United States",unknown,osm
osm-1225367141,21.2592947,-157.7980802,,"Diamond Head Road, Black Point, Kāhala, East Honolulu, Honolulu, Honolulu County, Hawaii, 96828, United States",unknown,osm
osm-1225367142,21.2597434,-157.7981659,,"Poka Street, Black Point, Kāhala, East Honolulu, Honolulu, Honolulu County, Hawaii, 96828, United States",unknown,osm
osm-1225367143,21.2605167,-157.7973421,,"Paikau Street, Black Point, Kāhala, East Honolulu, Honolulu, Honolulu County, Hawaii, 96828, United States",unknown,osm
osm-1225369822,21.2630612,-157.7976266,,"22nd Avenue, Black Point, Kāhala, East Honolulu, Honolulu, Honolulu County, Hawaii, 96828, United States",unknown,osm
osm-1225369823,21.2631141,-157.7974757,,"22nd Avenue, Black Point, Kāhala, East Honolulu, Honolulu, Honolulu County, Hawaii, 96828, United States",unknown,osm
osm-1225494795,21.2615471,-157.7974106,,"Kaualio Place, Black Point, Kāhala, East Honolulu, Honolulu, Honolulu County, Hawaii, 96828, United States",unknown,osm
osm-1225494804,21.2628227,-157.7976166,,"Paikau Street, Black Point, Kāhala, East Honolulu, Honolulu, Honolulu County, Hawaii, 96828, United States",unknown,osm
osm-1225505233,21.2633027,-157.7966875,,"Diamond Head Road, Black Point, Kaimukī, East Honolulu, Honolulu, Honolulu County, Hawaii, 96828, United States",unknown,osm
osm-1225505236,21.2625422,-157.796512,,"4012, Diamond Head Road, Black Point, Kaimukī, East Honolulu, Honolulu, Honolulu County, Hawaii, 96816, United States",unknown,osm
osm-1225505239,21.2617255,-157.7965906,,"Diamond Head Road, Black Point, Kaimukī, East Honolulu, Honolulu, Honolulu County, Hawaii, 96828, United States",unknown,osm
osm-1225837834,21.4220843,-157.9611034,,"Pacific Palisades Community Center, 2106, Aamanu Street, Pacific Palisades, Pearl City, Honolulu County, Hawaii, 96782, United States",unknown,osm
osm-1226579938,21.266013,-157.7840775,,"Kolohala Street, Waialae-Kahala, Kāhala, East Honolulu, Honolulu, Honolulu County, Hawaii, 96821, United States",unknown,osm
osm-1226579939,21.2653787,-157.7849395,,"Kolohala Street, Waialae-Kahala, Kāhala, East Honolulu, Honolulu, Honolulu County, Hawaii, 96821, United States",unknown,osm
osm-1226579941,21.2652226,-157.7848918,,"ʻAukai Avenue, Waialae-Kahala, Kāhala, East Honolulu, Honolulu, Honolulu County, Hawaii, 96821, United States",unknown,osm
osm-1226580932,21.2691433,-157.7875327,,"Koloa Street, Waialae-Kahala, Kāhala, East Honolulu, Honolulu, Honolulu County, Hawaii, 96821, United States",unknown,osm
osm-1226660033,21.2633585,-157.7863263,,"Ulili Street, Waialae-Kahala, Kāhala, East Honolulu, Honolulu, Honolulu County, Hawaii, 96821, United States",unknown,osm
osm-1226660034,21.2632387,-157.786397,,"468, Ulili Street, Waialae-Kahala, Kāhala, East Honolulu, Honolulu, Honolulu County, Hawaii, 96816, United States",unknown,osm
osm-1226660035,21.2629494,-157.7876032,,"4501, ʻAukai Avenue, Waialae-Kahala, Wailupe, Kāhala, East Honolulu, Honolulu, Honolulu County, Hawaii, 96816, United States",unknown,osm
osm-1226660036,21.264106,-157.7848517,,"Hunakai Street, Waialae-Kahala, Kāhala, East Honolulu, Honolulu, Honolulu County, Hawaii, 96821, United States",unknown,osm
osm-1226660390,21.2643786,-157.7860666,,"ʻAukai Avenue, Waialae-Kahala, Kāhala, East Honolulu, Honolulu, Honolulu County, Hawaii, 96821, United States",unknown,osm
osm-1226660391,21.2643201,-157.7864442,,"561, Ulili Street, Waialae-Kahala, Kāhala, East Honolulu, Honolulu, Honolulu County, Hawaii, 96816, United States",unknown,osm
osm-1226660392,21.2646568,-157.7858069,,"Kolohala Street, Waialae-Kahala, Kāhala, East Honolulu, Honolulu, Honolulu County, Hawaii, 96821, United States",unknown,osm
osm-1226660393,21.2649517,-157.7857623,,"Kolohala Street, Waialae-Kahala, Kāhala, East Honolulu, Honolulu, Honolulu County, Hawaii, 96821, United States",unknown,osm
osm-1226661023,21.264801,-157.7855304,,"600, Hunakai Street, Waialae-Kahala, Kāhala, East Honolulu, Honolulu, Honolulu County, Hawaii, 96816, United States",unknown,osm
osm-1226661025,21.2639353,-157.7869035,,"Ulili Street, Waialae-Kahala, Kāhala, East Honolulu, Honolulu, Honolulu County, Hawaii, 96821, United States",unknown,osm
osm-1226661026,21.2639676,-157.7870388,,"Kolohala Street, Waialae-Kahala, Kāhala, East Honolulu, Honolulu, Honolulu County, Hawaii, 96821, United States",unknown,osm
osm-1226661027,21.2634553,-157.7875166,,"ʻAukai Avenue, Waialae-Kahala, Kāhala, East Honolulu, Honolulu, Honolulu County, Hawaii, 96821, United States",unknown,osm
osm-1226661028,21.2628182,-157.7890415,,"4448, ʻAukai Avenue, Waialae-Kahala, Wailupe, Kāhala, East Honolulu, Honolulu, Honolulu County, Hawaii, 96816, United States",unknown,osm
osm-1226661029,21.2631426,-157.7888593,,"Kolohala Street, Waialae-Kahala, Kāhala, East Honolulu, Honolulu, Honolulu County, Hawaii, 96821, United States",unknown,osm
osm-1226661624,21.265943,-157.7854481,,"619, Ulumaika Street, Waialae-Kahala, Kāhala, East Honolulu, Honolulu, Honolulu County, Hawaii, 96816, United States",unknown,osm
osm-1226661625,21.266123,-157.7849066,,"Kolohala Street, Waialae-Kahala, Kāhala, East Honolulu, Honolulu, Honolulu County, Hawaii, 96821, United States",unknown,osm
osm-1226661626,21.2663955,-157.7847253,,"Kolohala Street, Waialae-Kahala, Kāhala, East Honolulu, Honolulu, Honolulu County, Hawaii, 96821, United States",unknown,osm
osm-1226661627,21.2668684,-157.7844691,,"936, Iiwi Street, Waialae-Kahala, Wailupe, Kāhala, East Honolulu, Honolulu, Honolulu County, Hawaii, 96816, United States",unknown,osm
osm-1226661628,21.2674519,-157.7850149,,"Farmers Road, Waialae-Kahala, Kāhala, East Honolulu, Honolulu, Honolulu County, Hawaii, 96821, United States",unknown,osm
osm-1226662641,21.2665306,-157.7872373,,"Honua Street, Waialae-Kahala, Kāhala, East Honolulu, Honolulu, Honolulu County, Hawaii, 96821, United States",unknown,osm
osm-1226662642,21.2666595,-157.787356,,"Honua Street, Waialae-Kahala, Kāhala, East Honolulu, Honolulu, Honolulu County, Hawaii, 96821, United States",unknown,osm
osm-1226662643,21.2669347,-157.788096,,"785, Honua Street, Waialae-Kahala, Kāhala, East Honolulu, Honolulu, Honolulu County, Hawaii, 96816, United States",unknown,osm
osm-1226662644,21.2669966,-157.7877739,,"Honua Street, Waialae-Kahala, Kāhala, East Honolulu, Honolulu, Honolulu County, Hawaii, 96821, United States",unknown,osm
osm-1227841045,21.2623056,-157.7854366,,"4545, Kahala Avenue, Waialae-Kahala, Black Point, Kāhala, East Honolulu, Honolulu, Honolulu County, Hawaii, 96816, United States",unknown,osm
osm-1227844391,21.2628403,-157.7842586,,"Kahala Avenue, Waialae-Kahala, Black Point, Kāhala, East Honolulu, Honolulu, Honolulu County, Hawaii, 96821, United States",unknown,osm
osm-1229836990,21.3937084,-157.9535954,,"Waiau Gardens Kai B, Waimalu, Waipahu, Honolulu County, Hawaii, 96782, United States",pearl-city,osm
osm-1229836992,21.3938656,-157.9555303,,"Waiau Garden Villa, Waimalu, Waipahu, Honolulu County, Hawaii, 96782, United States",pearl-city,osm
osm-1229836994,21.3959002,-157.9580562,,"Waiau Gardens Kai E, Waimalu, Waipahu, Honolulu County, Hawaii, 96782, United States",pearl-city,osm
osm-1229836996,21.3978664,-157.9564715,,"Waiau Gardens Kai D, Waimalu, Pearl City, Honolulu County, Hawaii, 96782, United States",pearl-city,osm
osm-1229836998,21.3966638,-157.9530731,,"Waiau Gardens Kai A, Waimalu, Pearl City, Honolulu County, Hawaii, 96782, United States",pearl-city,osm
osm-1231010723,21.4118616,-157.9432345,,"Heights at Wailuna, Waimalu, Waipahu, Honolulu County, Hawaii, 96782, United States",pearl-city,osm
osm-1231316295,21.3926837,-157.9712938,,"Lehua Nani, Pearl City, Honolulu County, Hawaii, 96782, United States",pearl-city,osm
osm-1233440915,21.3582075,-158.0811037,,"Panana Street, Upper Makakilo, Kapolei, Honolulu County, Hawaii, 96707, United States",kapolei,osm
osm-1233445007,21.3554455,-158.0834506,,"Welo Street, Makakilo Hale II, Upper Makakilo, Kapolei, Honolulu County, Hawaii, 96707, United States",kapolei,osm
osm-1233974553,21.3504726,-158.0869846,,"Makakilo Drive, Makakilo City, Kapolei, Honolulu County, Hawaii, 96707, United States",kapolei,osm
osm-1233975333,21.3499037,-158.0862394,,"Makakilo Drive, Makakilo City, Kapolei, Honolulu County, Hawaii, 96707, United States",kapolei,osm
osm-1237470925,21.340839,-157.9552127,,"Vickers Avenue + Opposite G Street, Vickers Avenue, Hickam, Waipahu, Honolulu County, Hawaii, 96853, United States",hickam-housing,osm
osm-1239819741,21.386005,-157.9458666,,"Kaonohi Street, Waimalu, Waipahu, Honolulu County, Hawaii, 96701, United States",pearl-city,osm
osm-1239819757,21.3873527,-157.9464509,,"Moanalua Road, Waimalu, Waipahu, Honolulu County, Hawaii, 96701, United States",pearl-city,osm
osm-1240358716,21.3869854,-157.9424389,,"Lele Pono, 98-099, Uao Place, Waimalu, Aiea, Honolulu County, Hawaii, 96701, United States",pearl-city,osm
osm-1240678807,21.3947692,-157.9336747,,"Kaonohi Street, Waimalu, Waipahu, Honolulu County, Hawaii, 96701, United States",pearl-city,osm
osm-1240678809,21.3964718,-157.9294133,,"Kaonohi Street, Waimalu, Waipahu, Honolulu County, Hawaii, 96701, United States",aiea,osm
osm-1240678811,21.3960545,-157.9290913,,"Kaonohi Street, Waimalu, Waipahu, Honolulu County, Hawaii, 96701, United States",aiea,osm
osm-1240678814,21.3954275,-157.926709,,"Kaonohi Street, Waimalu, Waipahu, Honolulu County, Hawaii, 96701, United States",aiea,osm
osm-1240678815,21.3936237,-157.9280121,,"Iho Place, Waimalu, Waipahu, Honolulu County, Hawaii, 96701, United States",aiea,osm
osm-1240678817,21.3934661,-157.9262587,,"Iho Place, Waimalu, Waipahu, Honolulu County, Hawaii, 96701, United States",aiea,osm
osm-1240937215,21.3915344,-157.9309098,,"Iho Place, Waimalu, Aiea, Honolulu County, Hawaii, 96701, United States",pearl-city,osm
osm-1241249061,21.3870347,-157.9392151,,"Queen Liliʻuokalani Freeway, Waimalu, Waipahu, Honolulu County, Hawaii, 96701, United States",pearl-city,osm
osm-1241272549,21.3844379,-157.9353003,,"Koauka Loop, Waimalu, Waipahu, Honolulu County, Hawaii, 96701, United States",pearl-city,osm
osm-1241563821,21.3812968,-157.9455255,,"Pearl Harbor Bike Path, Waimalu, Waipahu, Honolulu County, Hawaii, 96701, United States",pearl-city,osm
osm-1241563822,21.381341,-157.9456275,,"Pearl Harbor Bike Path, Waimalu, Aiea, Honolulu County, Hawaii, 96701, United States",pearl-city,osm
osm-1241563824,21.3813066,-157.944271,,"Lipoa Place, Waimalu, Waipahu, Honolulu County, Hawaii, 96701, United States",pearl-city,osm
osm-1241563860,21.3810545,-157.9451669,,"Lipoa Place, Waimalu, Aiea, Honolulu County, Hawaii, 96701, United States",pearl-city,osm
osm-1241563876,21.3817979,-157.9454432,,"98-130, Lipoa Place, Waimalu, Aiea, Honolulu County, Hawaii, 96701, United States",pearl-city,osm
osm-1241563877,21.3821833,-157.9460852,,"Lipoa Place, Waimalu, Waipahu, Honolulu County, Hawaii, 96701, United States",pearl-city,osm
osm-1241845280,21.3778228,-157.9403353,,"McGrew Loop, Aiea, Honolulu County, Hawaii, 96701, United States",pearl-harbor,osm
osm-1241952657,21.4072246,-157.8057662,,"Keneke Street, Kapunahala, Kaneohe, Honolulu County, Hawaii, 96744, United States",kaneohe,osm
osm-1241952658,21.4072147,-157.8058245,,"Keneke Street, Kapunahala, Kaneohe, Honolulu County, Hawaii, 96744, United States",kaneohe,osm
osm-1241952665,21.4079824,-157.8052631,,"Keneke Street, Kapunahala, Kaneohe, Honolulu County, Hawaii, 96744, United States",kaneohe,osm
osm-1241953822,21.4066003,-157.8053578,,"Keneke Street, Kapunahala, Kaneohe, Honolulu County, Hawaii, 96744, United States",kaneohe,osm
osm-1242959682,21.4089819,-157.8094498,,"Pookela Street, Kapunahala, Kaneohe, Honolulu County, Hawaii, 96744, United States",kaneohe,osm
osm-1253723271,21.2721221,-157.78665,,"4470, Kilauea Avenue, Waialae-Kahala, Kāhala, East Honolulu, Honolulu, Honolulu County, Hawaii, 96816, United States",unknown,osm
osm-1253723272,21.2730856,-157.7862975,,"Pueo Street, Waialae-Kahala, Kāhala, East Honolulu, Honolulu, Honolulu County, Hawaii, 96821, United States",unknown,osm
osm-1253723273,21.2733019,-157.7858506,,"Kilauea Avenue, Waialae-Kahala, Kāhala, East Honolulu, Honolulu, Honolulu County, Hawaii, 96821, United States",unknown,osm
osm-1253723274,21.2734784,-157.7858105,,"Kilauea Avenue, Waialae-Kahala, Kāhala, East Honolulu, Honolulu, Honolulu County, Hawaii, 96821, United States",unknown,osm
osm-1253723275,21.2742231,-157.7863119,,"Ahuli Place, Waialae-Kahala, Kāhala, East Honolulu, Honolulu, Honolulu County, Hawaii, 96821, United States",unknown,osm
osm-1253723276,21.2742367,-157.7858202,,"United States Post Office, 4353, Pahoa Avenue, Waialae-Kahala, Kāhala, East Honolulu, Honolulu, Honolulu County, Hawaii, 96816, United States",unknown,osm
osm-1253723278,21.2738412,-157.7868145,,"Pueo Street, Waialae-Kahala, Kāhala, East Honolulu, Honolulu, Honolulu County, Hawaii, 96821, United States",unknown,osm
osm-1253723279,21.2738392,-157.7864359,,"4500, Ahuli Place, Waialae-Kahala, Kāhala, East Honolulu, Honolulu, Honolulu County, Hawaii, 96816, United States",unknown,osm
osm-1253723280,21.2740126,-157.7865868,,"Ahuli Place, Waialae-Kahala, Kāhala, East Honolulu, Honolulu, Honolulu County, Hawaii, 96821, United States",unknown,osm
osm-1253723281,21.2741696,-157.7869937,,"Pahoa Avenue, Waialae-Kahala, Kāhala, East Honolulu, Honolulu, Honolulu County, Hawaii, 96821, United States",unknown,osm
osm-1253723282,21.2736377,-157.7867738,,"Ahuli Place, Waialae-Kahala, Kāhala, East Honolulu, Honolulu, Honolulu County, Hawaii, 96821, United States",unknown,osm
osm-1254376156,21.4789502,-158.227431,,"84-255, Makau Street, West Mākaha, Makaha, Honolulu County, Hawaii, United States",makaha,osm
osm-1254646018,21.4821611,-158.2303599,,"84-101, Makau Street, West Mākaha, Makaha, Honolulu County, Hawaii, United States",makaha,osm
osm-1254647414,21.482145,-158.2292753,,"84-120, Makau Street, West Mākaha, Makaha, Honolulu County, Hawaii, United States",makaha,osm
osm-1254647416,21.4813111,-158.229544,,"84-139, Makau Street, West Mākaha, Makaha, Honolulu County, Hawaii, United States",makaha,osm
osm-1257082110,21.3661836,-157.9524919,S195,"Lexington Boulevard, Nob Hill, Waipahu, Honolulu County, Hawaii, 96860, United States",pearl-harbor,osm
osm-1263194022,21.3696405,-157.9355686,,"Kamehameha Highway, Hālawa, Waipahu, Honolulu County, Hawaii, 96701, United States",pearl-harbor,osm
osm-1263628457,21.3839455,-157.9285438,,"Aiea Heights Drive, ʻAiea Heights, Aiea, Honolulu County, Hawaii, 96701, United States",aiea,osm
osm-1263628458,21.3841071,-157.9284831,,"Aiea Heights Drive, ʻAiea Heights, Aiea, Honolulu County, Hawaii, 96701, United States",aiea,osm
osm-1266920106,21.3557962,-157.9418857,S664,"Oakley Road, Āliamanu, Waipahu, Honolulu County, Hawaii, 96818, United States",pearl-harbor,osm
osm-1270458475,21.3512735,-157.9475336,,"Pearl Harbor Boulevard, Hickam, Waipahu, Honolulu County, Hawaii, 96853, United States",pearl-harbor,osm
osm-1271284119,21.2744333,-157.7857002,,"United States Post Office, 4353, Pahoa Avenue, Waialae-Kahala, Kāhala, East Honolulu, Honolulu, Honolulu County, Hawaii, 96816, United States",unknown,osm
osm-1271284137,21.2731949,-157.7864319,,"1307, Pueo Street, Waialae-Kahala, Kāhala, East Honolulu, Honolulu, Honolulu County, Hawaii, 96816, United States",unknown,osm
osm-1271285837,21.2735671,-157.7866022,,"Ahuli Place, Waialae-Kahala, Kāhala, East Honolulu, Honolulu, Honolulu County, Hawaii, 96821, United States",unknown,osm
osm-1271518707,21.2727409,-157.7870299,,"Pueo Street, Waialae-Kahala, Kāhala, East Honolulu, Honolulu, Honolulu County, Hawaii, 96821, United States",unknown,osm
osm-1271518708,21.2724089,-157.7874458,,"Koae Place, Waialae-Kahala, Kāhala, East Honolulu, Honolulu, Honolulu County, Hawaii, 96821, United States",unknown,osm
osm-1271518709,21.2725305,-157.7873141,,"Koae Place, Waialae-Kahala, Kāhala, East Honolulu, Honolulu, Honolulu County, Hawaii, 96821, United States",unknown,osm
osm-1271518710,21.2729522,-157.7873601,,"Amau Street, Waialae-Kahala, Kāhala, East Honolulu, Honolulu, Honolulu County, Hawaii, 96821, United States",unknown,osm
osm-1271518711,21.273133,-157.7873532,,"Amau Street, Waialae-Kahala, Kāhala, East Honolulu, Honolulu, Honolulu County, Hawaii, 96821, United States",unknown,osm
osm-1271518712,21.2728452,-157.7871893,,"Pueo Street, Waialae-Kahala, Kāhala, East Honolulu, Honolulu, Honolulu County, Hawaii, 96821, United States",unknown,osm
osm-1271518713,21.2727692,-157.7873407,,"Koae Place, Waialae-Kahala, Kāhala, East Honolulu, Honolulu, Honolulu County, Hawaii, 96821, United States",unknown,osm
osm-1271518714,21.2717758,-157.7873735,,"Koae Street, Waialae-Kahala, Kāhala, East Honolulu, Honolulu, Honolulu County, Hawaii, 96821, United States",unknown,osm
osm-1271518715,21.271732,-157.7872198,,"Kilauea Avenue, Waialae-Kahala, Kāhala, East Honolulu, Honolulu, Honolulu County, Hawaii, 96821, United States",unknown,osm
osm-1271518716,21.2711834,-157.7875961,,"Kilauea Avenue, Waialae-Kahala, Kāhala, East Honolulu, Honolulu, Honolulu County, Hawaii, 96821, United States",unknown,osm
osm-1271518717,21.2696876,-157.7890231,,"Kilauea Avenue, Waialae-Kahala, Kāhala, East Honolulu, Honolulu, Honolulu County, Hawaii, 96821, United States",unknown,osm
osm-1271543812,21.2705928,-157.7892529,,"Hunakai Street, Waialae-Kahala, Kāhala, East Honolulu, Honolulu, Honolulu County, Hawaii, 96821, United States",unknown,osm
osm-1271543813,21.2704783,-157.7889844,,"Koae Street, Waialae-Kahala, Kāhala, East Honolulu, Honolulu, Honolulu County, Hawaii, 96821, United States",unknown,osm
osm-1271543814,21.2710082,-157.7885208,,"Koae Street, Waialae-Kahala, Kāhala, East Honolulu, Honolulu, Honolulu County, Hawaii, 96821, United States",unknown,osm
osm-1271543815,21.2711672,-157.7879821,,"Koae Street, Waialae-Kahala, Kāhala, East Honolulu, Honolulu, Honolulu County, Hawaii, 96821, United States",unknown,osm
osm-1271543829,21.2711102,-157.7883995,,"Koae Street, Waialae-Kahala, Kāhala, East Honolulu, Honolulu, Honolulu County, Hawaii, 96821, United States",unknown,osm
osm-1274751036,21.2712608,-157.7886711,,"Koae Street, Waialae-Kahala, Kāhala, East Honolulu, Honolulu, Honolulu County, Hawaii, 96821, United States",unknown,osm
osm-1274751037,21.2712551,-157.7888294,,"Koae Street, Waialae-Kahala, Kāhala, East Honolulu, Honolulu, Honolulu County, Hawaii, 96821, United States",unknown,osm
osm-1274751038,21.2710071,-157.7891484,,"900, Koae Street, Waialae-Kahala, Kāhala, East Honolulu, Honolulu, Honolulu County, Hawaii, 96816, United States",unknown,osm
osm-1274751039,21.2714888,-157.7888453,,"Hunakai Street, Waialae-Kahala, Kāhala, East Honolulu, Honolulu, Honolulu County, Hawaii, 96821, United States",unknown,osm
osm-1274751040,21.2719521,-157.7883328,,"4299, Puulani Place, Waialae-Kahala, Kāhala, East Honolulu, Honolulu, Honolulu County, Hawaii, 96816, United States",unknown,osm
osm-1274751041,21.2719332,-157.7882126,,"Koae Street, Waialae-Kahala, Kāhala, East Honolulu, Honolulu, Honolulu County, Hawaii, 96821, United States",unknown,osm
osm-1274751042,21.2721875,-157.7880248,,"Koae Street, Waialae-Kahala, Kāhala, East Honolulu, Honolulu, Honolulu County, Hawaii, 96821, United States",unknown,osm
osm-1274751043,21.272332,-157.78803,,"1000, Koae Street, Waialae-Kahala, Kāhala, East Honolulu, Honolulu, Honolulu County, Hawaii, 96816, United States",unknown,osm
osm-1274751044,21.2725102,-157.7877625,,"Koae Street, Waialae-Kahala, Kāhala, East Honolulu, Honolulu, Honolulu County, Hawaii, 96821, United States",unknown,osm
osm-1274751045,21.272632,-157.7880796,,"1032, Koae Street, Waialae-Kahala, Kāhala, East Honolulu, Honolulu, Honolulu County, Hawaii, 96816, United States",unknown,osm
osm-1274751046,21.2730194,-157.7879161,,"Koae Street, Waialae-Kahala, Kāhala, East Honolulu, Honolulu, Honolulu County, Hawaii, 96821, United States",unknown,osm
osm-1274751047,21.2725874,-157.7882148,,"Puulani Place, Waialae-Kahala, Kāhala, East Honolulu, Honolulu, Honolulu County, Hawaii, 96821, United States",unknown,osm
osm-1274751048,21.2723958,-157.7881548,,"Puulani Place, Waialae-Kahala, Kāhala, East Honolulu, Honolulu, Honolulu County, Hawaii, 96821, United States",unknown,osm
osm-1274751049,21.2728833,-157.7886968,,"Hunakai Street, Waialae-Kahala, Kāhala, East Honolulu, Honolulu, Honolulu County, Hawaii, 96821, United States",unknown,osm
osm-1274751467,21.2716591,-157.7885485,,"Koae Street, Waialae-Kahala, Kāhala, East Honolulu, Honolulu, Honolulu County, Hawaii, 96821, United States",unknown,osm
osm-1280403401,21.2733502,-157.7887169,,"Hunakai Street, Waialae-Kahala, Kāhala, East Honolulu, Honolulu, Honolulu County, Hawaii, 96821, United States",unknown,osm
osm-1280403402,21.2732609,-157.7881436,,"4224, Amau Street, Waialae-Kahala, Kāhala, East Honolulu, Honolulu, Honolulu County, Hawaii, 96816, United States",unknown,osm
osm-1280765369,21.2802594,-157.8358401,,"Paoa Place, Waikīkī, Honolulu, Honolulu County, Hawaii, 96815, United States",honolulu,osm
osm-1280765370,21.2801005,-157.8356186,,"Iluma Pool, Paoa Place, Waikīkī, East Honolulu, Honolulu, Honolulu County, Hawaii, 96830, United States",honolulu,osm
osm-1290580609,21.3520364,-158.089448,,"Kinohi Place, Makakilo City, Kapolei, Honolulu County, Hawaii, 96707, United States",kapolei,osm
osm-1295845923,21.2735172,-157.7873388,,"Amau Street, Waialae-Kahala, Kāhala, East Honolulu, Honolulu, Honolulu County, Hawaii, 96821, United States",unknown,osm
osm-1295845924,21.2738077,-157.7876431,,"Pueo Street, Waialae-Kahala, Kāhala, East Honolulu, Honolulu, Honolulu County, Hawaii, 96821, United States",unknown,osm
osm-1295845925,21.2736175,-157.7877241,,"Amau Street, Waialae-Kahala, Kāhala, East Honolulu, Honolulu, Honolulu County, Hawaii, 96821, United States",unknown,osm
osm-1295845926,21.2737196,-157.7878106,,"Pahoa Avenue, Waialae-Kahala, Kāhala, East Honolulu, Honolulu, Honolulu County, Hawaii, 96821, United States",unknown,osm
osm-1295845932,21.2734279,-157.787879,,"4232, Amau Street, Waialae-Kahala, Kāhala, East Honolulu, Honolulu, Honolulu County, Hawaii, 96816, United States",unknown,osm
osm-1295846163,21.2752425,-157.7878716,,"Pueo Street, Waialae-Kahala, Kāhala, East Honolulu, Honolulu, Honolulu County, Hawaii, 96821, United States",unknown,osm
osm-1295846164,21.2746744,-157.7879523,,"Pueo Street, Waialae-Kahala, Kāhala, East Honolulu, Honolulu, Honolulu County, Hawaii, 96821, United States",unknown,osm
osm-1296474592,21.2760122,-157.788113,,"Hunakai Street, Waialae-Kahala, Kāhala, East Honolulu, Honolulu, Honolulu County, Hawaii, 96821, United States",unknown,osm
osm-1296475615,21.2747755,-157.7872916,,"1419, Pueo Street, Waialae-Kahala, Kāhala, East Honolulu, Honolulu, Honolulu County, Hawaii, 96816, United States",unknown,osm
osm-1296475616,21.2749811,-157.7872671,,"Pueo Street, Waialae-Kahala, Kāhala, East Honolulu, Honolulu, Honolulu County, Hawaii, 96821, United States",unknown,osm
osm-1296475617,21.2746132,-157.7874313,,"Pueo Street, Waialae-Kahala, Kāhala, East Honolulu, Honolulu, Honolulu County, Hawaii, 96821, United States",unknown,osm
osm-1296475618,21.2751415,-157.7871526,,"Pueo Street, Waialae-Kahala, Kāhala, East Honolulu, Honolulu, Honolulu County, Hawaii, 96821, United States",unknown,osm
osm-1296475619,21.2754877,-157.7874701,,"Pueo Street, Waialae-Kahala, Kāhala, East Honolulu, Honolulu, Honolulu County, Hawaii, 96821, United States",unknown,osm
osm-1296475620,21.2766255,-157.7880683,,"1213, Hunakai Street, Waialae-Kahala, Kāhala, East Honolulu, Honolulu, Honolulu County, Hawaii, 96816, United States",unknown,osm
osm-1296700256,21.704998,-157.9961666,,"Kuilima Drive, Honolulu County, Hawaii, 96731, United States",unknown,osm
osm-1296700261,21.7004409,-157.9949572,,"West Kuilima Loop, Kawela, Honolulu County, Hawaii, 96731, United States",unknown,osm
osm-1296700263,21.7018146,-157.9932816,,"West Kuilima Loop, Kawela, Honolulu County, Hawaii, 96731, United States",unknown,osm
osm-1296700264,21.6998943,-157.9927598,,"Lalo Kuilima Place, Honolulu County, Hawaii, 96731, United States",unknown,osm
osm-1297641615,21.2701269,-157.789851,,"Hunakai Street, Waialae-Kahala, Kāhala, East Honolulu, Honolulu, Honolulu County, Hawaii, 96821, United States",unknown,osm
osm-1298205420,21.7047169,-157.9989683,,"Kuilima Drive, Honolulu County, Hawaii, 96731, United States",unknown,osm
osm-1303180336,21.4226892,-158.001825,,"Waipio Uka Street, Waipio, Crestview, Waipahu, Honolulu County, Hawaii, 96797, United States",unknown,osm
osm-1316047322,21.3872713,-157.9994791,,"Waipahu, Honolulu County, Hawaii, 96797, United States",waipahu,osm
osm-1322469733,21.2812667,-157.7858576,,"Hunakai Street, Waialae-Kahala, East Honolulu, Honolulu, Honolulu County, Hawaii, 96821, United States",kaimuki,osm
osm-1322709413,21.2806854,-157.7819533,,"4440, Malia Street, Waialae-Kahala, Wailupe, Waialae-Kahala, East Honolulu, Honolulu, Honolulu County, Hawaii, 96821, United States",kaimuki,osm
osm-1322709422,21.2811726,-157.7811032,,"Alakoa Street, Waialae-Kahala, East Honolulu, Honolulu, Honolulu County, Hawaii, 96821, United States",kaimuki,osm
osm-1324604307,21.2779801,-157.7764105,,"1210, Kalaniiki Street, Wailupe, Waialae-Kahala, East Honolulu, Honolulu, Honolulu County, Hawaii, 96821, United States",kahala,osm
osm-1325571667,21.386095,-158.007372,,"Leeward Y, 94-440, Mokuola Street, Waipahu, Honolulu County, Hawaii, 96797, United States",waipahu,osm
osm-1327677287,21.4003753,-157.7933398,,"Puali Street, Pū‘ōhala Village, Kaneohe, Honolulu County, Hawaii, 96744, United States",kaneohe,osm
osm-1328285173,21.4005632,-157.7932326,,"Kenela Street, Pū‘ōhala Village, Kaneohe, Honolulu County, Hawaii, 96744, United States",kaneohe,osm
osm-1328287601,21.4014154,-157.794561,,"Namoku Street, Pū‘ōhala Village, Kaneohe, Honolulu County, Hawaii, 96744, United States",kaneohe,osm
osm-1328703578,21.4021672,-157.7931134,,"Namoku Street, Pū‘ōhala Village, Kaneohe, Honolulu County, Hawaii, 96744, United States",kaneohe,osm
osm-1328973209,21.4079788,-157.8060646,,"Kuapuiwi Place, Kapunahala, Kaneohe, Honolulu County, Hawaii, 96744, United States",kaneohe,osm
osm-1328974160,21.4094794,-157.8059684,,"Kapunahala Road, Kapunahala, Kaneohe, Honolulu County, Hawaii, 96744, United States",kaneohe,osm
osm-1332756890,21.3818532,-158.0215914,,"Waipahu Street, West Loch, Village Park, Waipahu, Honolulu County, Hawaii, 96797, United States",unknown,osm
osm-1335863573,21.3806036,-158.0252787,,"Leoku Street, West Loch, Waipahu, Honolulu County, Hawaii, 96797, United States",unknown,osm
osm-1335863574,21.3796739,-158.0252386,,"Leolua Street, West Loch, Waipahu, Honolulu County, Hawaii, 96797, United States",unknown,osm
osm-1335863575,21.3795273,-158.0258835,,"Leolua Street, West Loch, Waipahu, Honolulu County, Hawaii, 96797, United States",unknown,osm
osm-1335863576,21.379694,-158.0265518,,"Waipahu Street, West Loch, Waipahu, Honolulu County, Hawaii, 96797, United States",unknown,osm
osm-1335863577,21.3792865,-158.0262895,,"Leolua Street, West Loch, Waipahu, Honolulu County, Hawaii, 96797, United States",unknown,osm
osm-1335863587,21.3790571,-158.0266999,,"Leolua Street, West Loch, Waipahu, Honolulu County, Hawaii, 96797, United States",unknown,osm
osm-1335863588,21.3794264,-158.0269394,,"Waipahu Street, West Loch, Waipahu, Honolulu County, Hawaii, 96797, United States",unknown,osm
osm-1335863595,21.3786882,-158.0273583,,"Fort Weaver Road, West Loch, Waipahu, Honolulu County, Hawaii, 96797, United States",unknown,osm
osm-1335863596,21.3787102,-158.0273194,,"Leolua Street, West Loch, Waipahu, Honolulu County, Hawaii, 96797, United States",unknown,osm
osm-1335863597,21.3793633,-158.0274476,,"Waipahu Street, West Loch, Waipahu, Honolulu County, Hawaii, 96797, United States",unknown,osm
osm-1335863598,21.3793997,-158.0274712,,"Kunia Palms, Waipahu, Honolulu County, Hawaii, 96797, United States",unknown,osm
osm-1339934893,21.4581907,-158.2035558,,"Farrington Highway, Makaha, Honolulu County, Hawaii, 96792, United States",unknown,osm
osm-1339934900,21.4570201,-158.20207,,"Farrington Highway, Makaha, Honolulu County, Hawaii, 96792, United States",unknown,osm
osm-1341206032,21.4617585,-158.2126252,,"Lahilahi Street, Makaha, Honolulu County, Hawaii, 96792, United States",makaha,osm
osm-1341206033,21.461788,-158.2125721,,"Lahilahi Street, Makaha, Honolulu County, Hawaii, 96792, United States",makaha,osm
osm-1352006919,21.2832769,-157.8050173,,"1048, 8th Avenue, Kaimukī, East Honolulu, Honolulu, Honolulu County, Hawaii, 96816, United States",honolulu,osm
osm-1353523009,21.286183,-157.7244291,,"Kalaniana’ole Highway, Niu Valley, Kuliʻouʻou, East Honolulu, Honolulu, Honolulu County, Hawaii, 96825, United States",aina-haina,osm
osm-1353523039,21.2841112,-157.7330329,,"216, Panio Street, Niu Valley, Niu and Niuiki Circle, Hawaii Loa Ridge, East Honolulu, Honolulu, Honolulu County, Hawaii, 96821, United States",aina-haina,osm
osm-1353523045,21.2846623,-157.7332348,,"242, Panio Street, Niu Valley, Niu and Niuiki Circle, Hawaii Loa Ridge, East Honolulu, Honolulu, Honolulu County, Hawaii, 96821, United States",aina-haina,osm
osm-1353523053,21.2833556,-157.7338961,,"221, Mahimahi Place, Niu Valley, Niu and Niuiki Circle, Hawaii Loa Ridge, East Honolulu, Honolulu, Honolulu County, Hawaii, 96821, United States",aina-haina,osm
osm-1353523058,21.2829636,-157.7342639,,"284, Mahimahi Street, Niu Valley, Niu and Niuiki Circle, Hawaii Loa Ridge, East Honolulu, Honolulu, Honolulu County, Hawaii, 96821, United States",aina-haina,osm
osm-1354446556,21.4092933,-158.175087,,"Maipalaoa Road, Sea Country, Kapolei, Honolulu County, Hawaii, 96792, United States",unknown,osm
osm-1354516991,21.4148777,-158.1743072,,"87-565, Manuaihue Street, Mā‘ili, Nānākuli, Honolulu County, Hawaii, 96792, United States",maili,osm
osm-1354516992,21.4155292,-158.1752377,,"87-549, Manuu Street, Mā‘ili, Kapolei, Honolulu County, Hawaii, 96792, United States",maili,osm
osm-1354516996,21.4146631,-158.1774864,,"Maili Cove, 87-561, Farrington Highway, Mā‘ili, Kapolei, Honolulu County, Hawaii, 96792, United States",maili,osm
osm-1355728460,21.3993399,-157.9781464,,"Acacia Road, Pearl Highlands, Pearl City, Honolulu County, Hawaii, 96782, United States",pearl-city,osm
osm-1355821296,21.3981119,-157.9789847,,"Pearl Highlands, Pearl City, Honolulu County, Hawaii, 96782, United States",pearl-city,osm
osm-1355880419,21.3445845,-157.9074162,,"Ala Napuaʻa Place, Salt Lake, Honolulu, Honolulu County, Hawaii, 96819, United States",unknown,osm
osm-1355880420,21.3445941,-157.9075451,,"Ala ʻIlima Street, Salt Lake, Honolulu, Honolulu County, Hawaii, 96818, United States",unknown,osm
osm-1355880421,21.3450257,-157.9063786,,"Ala ʻIlima Street, Salt Lake, Honolulu, Honolulu County, Hawaii, 96818, United States",unknown,osm
osm-1355880422,21.3448173,-157.9048235,,"Ala Napuaʻa Place, Salt Lake, Honolulu, Honolulu County, Hawaii, 96818, United States",unknown,osm
osm-1355880423,21.3451446,-157.9013148,,"Vista del Mar, 1015, Ala ʻIlima Street, Mapunapuna, Honolulu, Honolulu County, Hawaii, 96818, United States",unknown,osm
osm-1356064104,21.3460982,-157.9013862,,"Ala Napunani Street, Mapunapuna, Honolulu, Honolulu County, Hawaii, 96818, United States",unknown,osm
osm-1356064111,21.345485,-157.9031903,,"Likini Street, Salt Lake, Honolulu, Honolulu County, Hawaii, 96818, United States",unknown,osm
osm-1356064130,21.3456798,-157.9054682,,"Ala ʻIlima Street, Salt Lake, Honolulu, Honolulu County, Hawaii, 96818, United States",unknown,osm
osm-1356297778,21.3451004,-157.9069073,,"Ala ʻIlima Street, Salt Lake, Honolulu, Honolulu County, Hawaii, 96818, United States",unknown,osm
osm-1356297785,21.3443369,-157.9084385,,"Lakeview Royal, 805, Ala Nīoi Place, Salt Lake, Honolulu, Honolulu County, Hawaii, 96818, United States",unknown,osm
osm-1356535308,21.3456419,-157.9059557,,"Ala ʻIlima Street, Salt Lake, Honolulu, Honolulu County, Hawaii, 96818, United States",unknown,osm
osm-1356535330,21.3458453,-157.9075557,,"Ala ʻIlima Street, Salt Lake, Honolulu, Honolulu County, Hawaii, 96818, United States",unknown,osm
osm-1356544615,21.3456229,-157.9085328,,"Likini Street, Salt Lake, Honolulu, Honolulu County, Hawaii, 96818, United States",unknown,osm
osm-1356544616,21.3456812,-157.908576,,"Likini Street, Salt Lake, Honolulu, Honolulu County, Hawaii, 96818, United States",unknown,osm
osm-1360545367,21.332063,-158.0538803,,"24 Hour Fitness, Ka Makana Alii West Driveway, Kapolei, Honolulu County, Hawaii, 96706, United States",kapolei,osm
osm-1360545368,21.3320106,-158.0537612,,"24 Hour Fitness, 91-5431, Kapolei Parkway, Kapolei, Honolulu County, Hawaii, 96707, United States",kapolei,osm
osm-1360969977,21.34596,-157.9089022,,"Likini Street, Salt Lake, Honolulu, Honolulu County, Hawaii, 96818, United States",unknown,osm
osm-1360969979,21.3453261,-157.9095369,,"Pikake Manor, 3148, Ala ʻIlima Street, Salt Lake, Honolulu, Honolulu County, Hawaii, 96818, United States",unknown,osm
osm-1360969980,21.34522,-157.9102994,,"Ala Nānālā Street, Salt Lake, Honolulu, Honolulu County, Hawaii, 96818, United States",unknown,osm
osm-1360969982,21.3460394,-157.9097597,,"Royal Towers, 5180, Likini Street, Salt Lake, Honolulu, Honolulu County, Hawaii, 96818, United States",unknown,osm
osm-1360969988,21.3461658,-157.9097043,,"Holiday Lakeview, 949, Ala Nānālā Street, Salt Lake, Honolulu, Honolulu County, Hawaii, 96818, United States",unknown,osm
osm-1361015369,21.3444962,-157.9089265,,"Ala Nīoi Place, Salt Lake, Honolulu, Honolulu County, Hawaii, 96818, United States",unknown,osm
osm-1361086033,21.3110731,-157.8014702,,"3083, Puhala Rise, Mānoa, East Honolulu, Honolulu, Honolulu County, Hawaii, 96822, United States",honolulu,osm
osm-1361086035,21.3111701,-157.8023343,,"3062, Kahaloa Drive, Mānoa, East Honolulu, Honolulu, Honolulu County, Hawaii, 96822, United States",honolulu,osm
osm-1361308216,21.3198761,-157.7980219,,"3656, Woodlawn Drive, Mānoa, East Honolulu, Honolulu, Honolulu County, Hawaii, 96822, United States",manoa,osm
osm-1361308227,21.3206754,-157.7970788,,"3604, Woodlawn Terrace Place, East Honolulu, Honolulu, Honolulu County, Hawaii, 96822, United States",manoa,osm
osm-1361308228,21.3206019,-157.7972209,,"3602, Woodlawn Terrace Place, Mānoa, East Honolulu, Honolulu, Honolulu County, Hawaii, 96822, United States",manoa,osm
osm-1361308231,21.3201731,-157.7972922,,"3600, Woodlawn Terrace Place, East Honolulu, Honolulu, Honolulu County, Hawaii, 96822, United States",manoa,osm
osm-1362248833,21.3104111,-157.8040904,,"3074, Kalawao Street, Mānoa, East Honolulu, Honolulu, Honolulu County, Hawaii, 96822, United States",honolulu,osm
osm-1362964770,21.3445029,-157.9119335,,"Ala Maile Place, Salt Lake, Honolulu, Honolulu County, Hawaii, 96818, United States",unknown,osm
osm-1362964771,21.3439593,-157.9116738,,"Sunset Lakeview, 3215, Ala ʻIlima Place, Salt Lake, Honolulu, Honolulu County, Hawaii, 96818, United States",unknown,osm
osm-1362964779,21.3458291,-157.912124,,"Lakeside Coronet, 3230, Ala ʻIlima Street, Salt Lake, Honolulu, Honolulu County, Hawaii, 96818, United States",unknown,osm
osm-1362964789,21.3464733,-157.9124609,,"Lilikoi, 909, Ala Lilikoi Street, Salt Lake, Honolulu, Honolulu County, Hawaii, 96818, United States",unknown,osm
osm-1362964817,21.3476748,-157.9117966,,"Ala Lilikoi Street, Salt Lake, Honolulu, Honolulu County, Hawaii, 96818, United States",unknown,osm
osm-1362964818,21.3476949,-157.9117116,,"West Tower, 5070, Likini Street, Salt Lake, Honolulu, Honolulu County, Hawaii, 96818, United States",unknown,osm
osm-1362964820,21.3478502,-157.9119418,,"Ilaniwai, 975, Ala Lilikoi Street, Salt Lake, Honolulu, Honolulu County, Hawaii, 96818, United States",unknown,osm
osm-1362964824,21.3475082,-157.9119915,,"Lakeview Plaza, 955, Ala Lilikoi Street, Salt Lake, Honolulu, Honolulu County, Hawaii, 96818, United States",unknown,osm
osm-1364614477,21.3467127,-157.9053581,,"Likini Street, Salt Lake, Honolulu, Honolulu County, Hawaii, 96818, United States",unknown,osm
osm-1364614487,21.346554,-157.906674,,"5265, Likini Street, Salt Lake, Honolulu, Honolulu County, Hawaii, 96818, United States",unknown,osm
osm-1364614490,21.3464481,-157.9072348,,"5249, Likini Street, Salt Lake, Honolulu, Honolulu County, Hawaii, 96818, United States",unknown,osm
osm-1364614498,21.3465074,-157.9087787,,"5183, Likini Street, Salt Lake, Honolulu, Honolulu County, Hawaii, 96818, United States",unknown,osm
osm-1364614513,21.3487052,-157.9106994,,"5065, Likini Street, Salt Lake, Honolulu, Honolulu County, Hawaii, 96818, United States",unknown,osm
osm-1364614514,21.3486683,-157.9106254,,"5085, Likini Street, Salt Lake, Honolulu, Honolulu County, Hawaii, 96818, United States",unknown,osm
osm-1364614515,21.3486189,-157.9107409,,"5085, Likini Street, Salt Lake, Honolulu, Honolulu County, Hawaii, 96818, United States",unknown,osm
osm-1369547021,21.2825163,-157.8355251,,"HI Trend Sunglasses and Eyeglasses, 2005, Kalia Road, Waikīkī, Honolulu, Honolulu County, Hawaii, 96815, United States",honolulu,osm
osm-1372215376,21.4231531,-157.7522477,,"285, Ilikaa Place, Kailua, Honolulu County, Hawaii, 96734, United States",unknown,osm
osm-1372215377,21.4239243,-157.7523134,,"215, Ilikaa Place, Kailua, Honolulu County, Hawaii, 96734, United States",unknown,osm
osm-1372609845,21.3478181,-157.9039884,,"3020, Ala Makahala Place, Salt Lake, Honolulu, Honolulu County, Hawaii, 96818, United States",unknown,osm
osm-1372609850,21.3494196,-157.9032857,,"Country Club Vista, 3050, Ala Poha Place, Salt Lake, Honolulu, Honolulu County, Hawaii, 96818, United States",unknown,osm
osm-1372609853,21.3487046,-157.9026021,,"Ala Napunani Street, Mapunapuna, Honolulu, Honolulu County, Hawaii, 96818, United States",unknown,osm
osm-1372609861,21.3488757,-157.9018704,,"The Greenview, 1160, Ala Poha Place, Salt Lake, Honolulu, Honolulu County, Hawaii, 96818, United States",unknown,osm
osm-1372620884,21.347713,-157.902024,,"Moanalua High School, 2825, Ala ʻIlima Street, Salt Lake, Honolulu, Honolulu County, Hawaii, 96818, United States",unknown,osm
osm-1372620890,21.3482236,-157.9016395,,"Moanalua High School, 2825, Ala ʻIlima Street, Salt Lake, Honolulu, Honolulu County, Hawaii, 96818, United States",unknown,osm
osm-1382719904,21.2986474,-157.8370488,,"1315, Kalākaua Avenue, Pawaa, Honolulu, Honolulu County, Hawaii, 96826, United States",honolulu,osm
osm-1382719905,21.2987453,-157.8370281,,"1315, Kalākaua Avenue, Pawaa, Honolulu, Honolulu County, Hawaii, 96826, United States",honolulu,osm
osm-1387663034,21.358588,-158.0866635,,"Makakilo Drive, Upper Makakilo, Kapolei, Honolulu County, Hawaii, 96707, United States",kapolei,osm
osm-1414500258,21.2995846,-157.8308034,,"Alexander Gardens, 1427, Alexander Street, McCully, Honolulu, Honolulu County, Hawaii, 96826, United States",honolulu,osm
osm-1414504250,21.2992902,-157.8354741,,"The Banyan Tree Plaza, 1212, Punahou Street, Pawaa, Honolulu, Honolulu County, Hawaii, 96822, United States",honolulu,osm
osm-1414525897,21.3449709,-157.9159456,,"Top of The Hill, 3370, Salt Lake Boulevard, Salt Lake, Honolulu, Honolulu County, Hawaii, 96818, United States",unknown,osm
osm-1414528892,21.3129509,-157.8603186,,"Honolulu Park Place, 1212, Nuuanu Avenue, The Arts District, Chinatown, Honolulu, Honolulu County, Hawaii, 96817, United States",honolulu,osm
osm-1414528893,21.3133119,-157.8608612,,"Honolulu Tower, 60, North Beretania Street, The Arts District, Hawaii Capital Historic District, East Honolulu, Honolulu, Honolulu County, Hawaii, 96817, United States",honolulu,osm
osm-1418809932,21.2892942,-157.8392687,,"Pawaa, Honolulu, Honolulu County, Hawaii, 96841, United States",honolulu,osm
osm-1418970431,21.4415782,-158.177784,,"86-0892, Hale Ekahi Drive, Waianae, Honolulu County, Hawaii, 96792, United States",waianae,osm
osm-1419104628,21.439864,-158.1787297,,"86-0222, Moeha Street, Waianae, Honolulu County, Hawaii, 96792, United States",maili,osm
osm-1420062784,21.3343994,-157.8581096,,"2146, Puna Street, Kapalama, Honolulu, Honolulu County, Hawaii, 96817, United States",honolulu,osm
osm-1422239534,21.4212458,-157.8000928,,"PuuAlii PHASE I Office, 46-058, Aliianela Place, Kaneohe, Honolulu County, Hawaii, 96744, United States",kaneohe,osm
osm-1428451251,21.398415,-157.9472321,,"98-456, Kaahele Street, Waimalu, Aiea, Honolulu County, Hawaii, 96701, United States",pearl-city,osm
osm-1446470090,21.2773918,-157.823621,,"The Governor Cleghorn, 225, Kaʻiulani Avenue, Waikīkī, Honolulu, Honolulu County, Hawaii, 96815, United States",waikiki,osm
osm-1447084659,21.2879172,-157.8422489,,"Waikiki Yacht Club, 1599, Ala Moana Boulevard, Ala Moana, Honolulu, Honolulu County, Hawaii, 96814, United States",honolulu,osm
osm-1447895826,21.2844778,-157.8304157,,"Club Wyndham Royal Garden at Waikiki, 440, ʻOlohana Street, Waikīkī, Honolulu, Honolulu County, Hawaii, 96815, United States",honolulu,osm
osm-1447895828,21.2823509,-157.8286648,,"411 Kaiolu Street, 411, Kaiolu Street, Waikīkī, Honolulu, Honolulu County, Hawaii, 96815, United States",honolulu,osm
osm-1447911883,21.3026906,-157.8457271,,"Goodwill, 1075, South Beretania Street, Makiki Kai, Honolulu, Honolulu County, Hawaii, 96814, United States",honolulu,osm
osm-1454386283,21.5788369,-158.2246131,,"YMCA Camp Erdman - Summer Camp, Farrington Highway, Mokuleia, Honolulu County, Hawaii, United States",unknown,osm
osm-1461782864,21.307866,-157.8597925,,"YWCA Oahu (Laniakea), 1040, Richards Street, Downtown Honolulu Business Improvement District, Hawaii Capital Historic District, East Honolulu, Honolulu, Honolulu County, Hawaii, 96813, United States",honolulu,osm
osm-1465203694,21.2808128,-157.825538,,"Nohonani Street, Waikīkī, Honolulu, Honolulu County, Hawaii, 96815, United States",honolulu,osm
osm-1470162958,21.3503045,-157.9168791,,"3424, Ala Hinalo Street, Salt Lake, Honolulu, Honolulu County, Hawaii, 96818, United States",salt-lake,osm
osm-1481272209,21.3884096,-157.9418758,,"Pearlridge Square, 98-288, Kaonohi Street, Waimalu, Aiea, Honolulu County, Hawaii, 96701, United States",pearl-city,osm
osm-1491628343,21.3846178,-157.9468783,,"Moanalua Loop, Waimalu, Aiea, Honolulu County, Hawaii, 96701, United States",pearl-city,osm
osm-1497378753,21.2603417,-157.8162681,,"3098, Alapali Place, East Honolulu, Honolulu, Honolulu County, Hawaii, 96815, United States",unknown,osm
osm-1497378778,21.2578521,-157.8176647,,"Diamond Head Road, East Honolulu, Honolulu, Honolulu County, Hawaii, 96828, United States",unknown,osm
osm-1498394508,21.3579309,-157.9255695,,"Bougainville Drive, Āliamanu, Honolulu, Honolulu County, Hawaii, 96818, United States",pearl-harbor,osm
